system,study,month,day,horizon,ramp_multiplier,upward_adder_fraction,forecast_type,forecast_model,forecast_rho,sigma_rel,seed,shortage_penalty,loc_rp,loc_rp_energy,loc_la,loc_tlmp,delta_la_rp,shed_rp_mwh,shed_la_mwh,spill_rp_mwh,spill_la_mwh,short_up_mwh,short_down_mwh,rcup_active_share,rcdn_active_share,max_rcup,max_tlmp_adjustment,rp_bind_share,la_bind_share,emergency_rp_mwh,emergency_la_mwh
10gen,ramp_requirement,1,12,13,0.1,0.0,perfect,independent,0.0,0.0,0,65.0,12852610.903315846,12866157.943412326,7714159.727801764,0.0,-5138451.1755140815,1354.400113111816,1117.1499764338378,1599.1327694356999,1129.8622580776841,89.74320716913049,115.85301051068271,0.07291666666666667,0.10069444444444445,65.0,3685.0,0.1795138888888889,0.19791666666666666,2953.532882547516,2247.012234511522
10gen,ramp_requirement,1,12,13,0.1,0.08,perfect,independent,0.0,0.0,0,65.0,12846842.218773998,12866865.825114079,7714159.727801764,0.0,-5132682.490972234,1354.400113111816,1117.1499764338378,1599.1327694356999,1129.8622580776841,486.02478555391787,115.85301051068271,0.3159722222222222,0.10069444444444445,65.0,3685.0,0.17777777777777778,0.19791666666666666,2953.532882547516,2247.012234511522
10gen,ramp_requirement,1,12,13,0.1,0.16,perfect,independent,0.0,0.0,0,65.0,12846881.163908705,12875172.983486503,7714159.727801764,0.0,-5132721.436106941,1354.400113111816,1117.1499764338378,1599.1327694356999,1129.8622580776841,1033.4129397392871,115.85301051068271,0.4131944444444444,0.10069444444444445,65.0,3685.0,0.17604166666666668,0.19791666666666666,2953.532882547516,2247.012234511522
10gen,ramp_requirement,1,12,13,0.1,0.24,perfect,independent,0.0,0.0,0,65.0,12250526.224327423,12285812.946073523,7714159.727801764,0.0,-4536366.496525658,1354.400113111816,1117.1499764338378,1459.8952292865088,1129.8622580776841,2241.2955469976346,108.1648368251136,1.0,0.09722222222222222,65.0,3685.0,0.1701388888888889,0.19791666666666666,2814.2953423983245,2247.012234511522
10gen,ramp_requirement,1,12,13,0.2,0.0,perfect,independent,0.0,0.0,0,65.0,5382056.625388733,5393465.705270941,1748077.1280067149,0.0,-3633979.4973820182,536.5443554306034,446.11097635884653,552.557546269736,163.01328665483058,51.416034080803044,57.70791614407328,0.08680555555555555,0.06597222222222222,65.0,3520.0,0.07951388888888888,0.0798611111111111,1089.1019017003396,609.1242630136771
10gen,ramp_requirement,1,12,13,0.2,0.08,perfect,independent,0.0,0.0,0,65.0,4634084.949099935,4650638.523742137,1748077.1280067149,0.0,-2886007.82109322,494.12676572750445,446.11097635884653,552.557546269736,163.01328665483058,431.18937249385203,57.70791614407328,0.22916666666666666,0.06597222222222222,65.0,3520.0,0.07743055555555556,0.0798611111111111,1046.6843119972405,609.1242630136771
10gen,ramp_requirement,1,12,13,0.2,0.16,perfect,independent,0.0,0.0,0,65.0,4566168.752554004,4589342.842756003,1748077.1280067149,0.0,-2818091.624547289,475.7236605433667,446.11097635884653,552.557546269736,163.01328665483058,882.221368291766,57.70791614407328,0.3263888888888889,0.06597222222222222,65.0,3520.0,0.07673611111111112,0.0798611111111111,1028.2812068131027,609.1242630136771
10gen,ramp_requirement,1,12,13,0.2,0.24,perfect,independent,0.0,0.0,0,65.0,4566371.286496481,4598523.101899977,1748077.1280067149,0.0,-2818294.158489766,475.7236605433667,446.11097635884653,552.557546269736,163.01328665483058,1395.9592462963647,57.70791614407328,0.3333333333333333,0.06597222222222222,65.0,3520.0,0.07430555555555556,0.0798611111111111,1028.2812068131027,609.1242630136771
10gen,ramp_requirement,1,12,13,0.4,0.0,perfect,independent,0.0,0.0,0,65.0,1846876.714570967,1851851.5774111024,8597.771357004298,0.0,-1838278.9432139627,443.32077399757446,419.0174344375861,82.68593037772635,0.0,43.2282978132741,19.37541006901381,0.0763888888888889,0.024305555555555556,65.0,3515.0,0.028125,0.026041666666666668,526.0067043753008,419.0174344375861
10gen,ramp_requirement,1,12,13,0.4,0.08,perfect,independent,0.0,0.0,0,65.0,1605457.732267391,1615577.1419719835,8597.771357004298,0.0,-1596859.9609103866,424.7393525506101,419.0174344375861,82.68593037772635,0.0,378.2010639049547,19.37541006901381,0.1840277777777778,0.024305555555555556,65.0,3515.0,0.028125,0.026041666666666668,507.4252829283364,419.0174344375861
10gen,ramp_requirement,1,12,13,0.4,0.16,perfect,independent,0.0,0.0,0,65.0,1569182.7756880606,1584458.4314351475,8597.771357004298,0.0,-1560585.0043310563,420.2535358570656,419.0174344375861,82.68593037772635,0.0,768.6028928750031,19.37541006901381,0.3090277777777778,0.024305555555555556,65.0,3515.0,0.026041666666666668,0.026041666666666668,502.9394662347919,419.0174344375861
10gen,ramp_requirement,1,12,13,0.4,0.24,perfect,independent,0.0,0.0,0,65.0,1562679.9260243215,1588714.18692844,8597.771357004298,0.0,-1554082.1546673172,419.0174344375861,419.0174344375861,82.68593037772635,0.0,1191.210482327263,19.37541006901381,0.3159722222222222,0.024305555555555556,65.0,3515.0,0.025347222222222222,0.026041666666666668,501.7033648153124,419.0174344375861
10gen,ramp_requirement,1,12,13,0.8,0.0,perfect,independent,0.0,0.0,0,65.0,933.4250166285783,1092.3336726152338,33.078196523245424,0.0,-900.3468201053329,419.0174344375861,419.0174344375861,0.0,0.0,40.29908081188292,0.0,0.07291666666666667,0.0,65.0,4.5,0.005555555555555556,0.0045138888888888885,419.0174344375861,419.0174344375861
10gen,ramp_requirement,1,12,13,0.8,0.08,perfect,independent,0.0,0.0,0,65.0,1390.0511787142605,4763.051435592497,33.078196523245424,0.0,-1356.972982191015,419.0174344375861,419.0174344375861,0.0,0.0,360.35619604682734,0.0,0.1736111111111111,0.0,65.0,4.5,0.004861111111111111,0.0045138888888888885,419.0174344375861,419.0174344375861
10gen,ramp_requirement,1,12,13,0.8,0.16,perfect,independent,0.0,0.0,0,65.0,1825.837062167935,12339.303893716104,33.078196523245424,0.0,-1792.7588656446896,419.0174344375861,419.0174344375861,0.0,0.0,734.8870368429984,0.0,0.2361111111111111,0.0,65.0,4.5,0.0045138888888888885,0.0045138888888888885,419.0174344375861,419.0174344375861
10gen,ramp_requirement,1,12,13,0.8,0.24,perfect,independent,0.0,0.0,0,65.0,2110.5316072274,24151.67280924422,33.078196523245424,0.0,-2077.4534107041545,419.0174344375861,419.0174344375861,0.0,0.0,1161.7439777617255,0.0,0.2986111111111111,0.0,65.0,4.5,0.0045138888888888885,0.0045138888888888885,419.0174344375861,419.0174344375861
10gen,ramp_requirement,1,13,13,0.1,0.0,perfect,independent,0.0,0.0,0,65.0,3727071.379885748,3729675.56085753,1135537.1220917485,0.0,-2591534.2577939993,0.9414618831319406,0.0,21.19245363996467,0.0,0.0,8.149889698662756,0.0,0.020833333333333332,0.0,3530.0,0.07013888888888889,0.06701388888888889,22.133915523096608,0.0
10gen,ramp_requirement,1,13,13,0.1,0.08,perfect,independent,0.0,0.0,0,65.0,3547214.331469099,3549362.9148122063,1135537.1220917485,0.0,-2411677.2093773503,0.0,0.0,21.19245363996467,0.0,0.0,8.149889698662756,0.052083333333333336,0.020833333333333332,37.0,3530.0,0.06527777777777778,0.06701388888888889,21.19245363996467,0.0
10gen,ramp_requirement,1,13,13,0.1,0.16,perfect,independent,0.0,0.0,0,65.0,3119506.253998648,3126209.7535436964,1135537.1220917485,0.0,-1983969.1319068994,0.0,0.0,20.86563937620943,0.0,53.53274489467806,8.149889698662756,0.2604166666666667,0.017361111111111112,65.0,3530.0,0.07777777777777778,0.06701388888888889,20.86563937620943,0.0
10gen,ramp_requirement,1,13,13,0.1,0.24,perfect,independent,0.0,0.0,0,65.0,2274171.1612816886,2290132.0247589643,1135537.1220917485,0.0,-1138634.03918994,0.0,0.0,18.632808839090366,0.0,964.3602010731826,8.149889698662756,1.0,0.017361111111111112,65.0,3530.0,0.07847222222222222,0.06701388888888889,18.632808839090366,0.0
10gen,ramp_requirement,1,13,13,0.2,0.0,perfect,independent,0.0,0.0,0,65.0,474635.4799248218,474981.01852168224,155.5015226500017,0.0,-474479.9784021718,0.0,0.0,0.09609716308139582,0.0,0.0,0.09609716308139582,0.0,0.006944444444444444,0.0,18.0,0.01423611111111111,0.0125,0.09609716308139582,0.0
10gen,ramp_requirement,1,13,13,0.2,0.08,perfect,independent,0.0,0.0,0,65.0,474635.4799248218,474981.01852168224,155.5015226500017,0.0,-474479.9784021718,0.0,0.0,0.09609716308139582,0.0,0.0,0.09609716308139582,0.0,0.006944444444444444,0.0,18.0,0.01423611111111111,0.0125,0.09609716308139582,0.0
10gen,ramp_requirement,1,13,13,0.2,0.16,perfect,independent,0.0,0.0,0,65.0,474280.1233279566,475379.7359913658,155.5015226500017,0.0,-474124.6218053066,0.0,0.0,0.09609716308139582,0.0,0.0,0.09609716308139582,0.059027777777777776,0.006944444444444444,30.0,18.0,0.013888888888888888,0.0125,0.09609716308139582,0.0
10gen,ramp_requirement,1,13,13,0.2,0.24,perfect,independent,0.0,0.0,0,65.0,474894.68961694726,482918.4718264024,155.5015226500017,0.0,-474739.18809429725,0.0,0.0,0.09609716308139582,0.0,0.0,0.09609716308139582,0.15625,0.006944444444444444,37.0,18.0,0.016319444444444445,0.0125,0.09609716308139582,0.0
10gen,ramp_requirement,1,13,13,0.4,0.0,perfect,independent,0.0,0.0,0,65.0,548.5473902129306,548.5473902129306,83.6506402293262,0.0,-464.8967499836044,0.0,0.0,0.0,0.0,0.0,0.0,0.0,0.0,0.0,10.0,0.001736111111111111,0.001388888888888889,0.0,0.0
10gen,ramp_requirement,1,13,13,0.4,0.08,perfect,independent,0.0,0.0,0,65.0,548.5473902129306,548.5473902129306,83.6506402293262,0.0,-464.8967499836044,0.0,0.0,0.0,0.0,0.0,0.0,0.0,0.0,0.0,10.0,0.001736111111111111,0.001388888888888889,0.0,0.0
10gen,ramp_requirement,1,13,13,0.4,0.16,perfect,independent,0.0,0.0,0,65.0,548.5473902129306,548.5473902129306,83.6506402293262,0.0,-464.8967499836044,0.0,0.0,0.0,0.0,0.0,0.0,0.0,0.0,0.0,10.0,0.001736111111111111,0.001388888888888889,0.0,0.0
10gen,ramp_requirement,1,13,13,0.4,0.24,perfect,independent,0.0,0.0,0,65.0,548.5473902129379,576.953060273524,83.6506402293262,0.0,-464.8967499836117,0.0,0.0,0.0,0.0,0.0,0.0,0.024305555555555556,0.0,20.0,10.0,0.001736111111111111,0.001388888888888889,0.0,0.0
10gen,ramp_requirement,1,13,13,0.8,0.0,perfect,independent,0.0,0.0,0,65.0,0.0,0.0,0.0,0.0,0.0,0.0,0.0,0.0,0.0,0.0,0.0,0.0,0.0,0.0,0.0,0.0,0.0,0.0,0.0
10gen,ramp_requirement,1,13,13,0.8,0.08,perfect,independent,0.0,0.0,0,65.0,0.0,0.0,0.0,0.0,0.0,0.0,0.0,0.0,0.0,0.0,0.0,0.0,0.0,0.0,0.0,0.0,0.0,0.0,0.0
10gen,ramp_requirement,1,13,13,0.8,0.16,perfect,independent,0.0,0.0,0,65.0,0.0,0.0,0.0,0.0,0.0,0.0,0.0,0.0,0.0,0.0,0.0,0.0,0.0,0.0,0.0,0.0,0.0,0.0,0.0
10gen,ramp_requirement,1,13,13,0.8,0.24,perfect,independent,0.0,0.0,0,65.0,0.0,0.0,0.0,0.0,0.0,0.0,0.0,0.0,0.0,0.0,0.0,0.0,0.0,0.0,0.0,0.0,0.0,0.0,0.0
10gen,ramp_requirement,1,14,13,0.1,0.0,perfect,independent,0.0,0.0,0,65.0,11945536.783825783,11957496.239953507,7186066.415858298,0.0,-4759470.367967485,301.19300322180817,178.6278095809149,1067.338397001687,787.4844414414102,58.6196957588023,80.5640411931707,0.08680555555555555,0.09722222222222222,65.0,3560.0,0.18993055555555555,0.20416666666666666,1368.5314002234952,966.1122510223252
10gen,ramp_requirement,1,14,13,0.1,0.08,perfect,independent,0.0,0.0,0,65.0,11756271.633053489,11776814.575919844,7186066.415858298,0.0,-4570205.217195191,266.5972181569779,178.6278095809149,1067.338397001687,787.4844414414102,395.40396203607685,80.5640411931707,0.24305555555555555,0.09722222222222222,65.0,3560.0,0.19166666666666668,0.20416666666666666,1333.9356151586649,966.1122510223252
10gen,ramp_requirement,1,14,13,0.1,0.16,perfect,independent,0.0,0.0,0,65.0,11406586.967164252,11436278.790065803,7186066.415858298,0.0,-4220520.551305954,225.81720877170827,178.6278095809149,1067.338397001687,787.4844414414102,906.5506339482602,80.5640411931707,0.46875,0.09722222222222222,65.0,3560.0,0.18680555555555556,0.20416666666666666,1293.1556057733953,966.1122510223252
10gen,ramp_requirement,1,14,13,0.1,0.24,perfect,independent,0.0,0.0,0,65.0,11129270.221977396,11165151.21359989,7186066.415858298,0.0,-3943203.8061190983,228.51214845943733,178.6278095809149,981.664394044934,787.4844414414102,2148.2444267963647,77.10146198525825,1.0,0.09375,65.0,3560.0,0.18125,0.20416666666666666,1210.1765425043714,966.1122510223252
10gen,ramp_requirement,1,14,13,0.2,0.0,perfect,independent,0.0,0.0,0,65.0,4316884.884284304,4323957.6110907905,445799.5811486948,0.0,-3871085.3031356097,91.30628653205316,28.597455490965974,291.32568194787973,18.509237602437267,20.186759920090253,43.98757430979749,0.03819444444444445,0.06597222222222222,65.0,3519.5,0.07708333333333334,0.07604166666666666,382.6319684799329,47.10669309340324
10gen,ramp_requirement,1,14,13,0.2,0.08,perfect,independent,0.0,0.0,0,65.0,3867109.2691455833,3879498.574196998,445799.5811486948,0.0,-3421309.6879968885,55.75640432273758,28.597455490965974,291.32568194787973,18.509237602437267,211.78751948683185,43.98757430979749,0.1909722222222222,0.06597222222222222,65.0,3519.5,0.07708333333333334,0.07604166666666666,347.0820862706173,47.10669309340324
10gen,ramp_requirement,1,14,13,0.2,0.16,perfect,independent,0.0,0.0,0,65.0,3521196.140105066,3542427.4421255263,445799.5811486948,0.0,-3075396.558956371,17.937333358827345,28.597455490965974,291.32568194787973,18.509237602437267,431.5669947703482,43.98757430979749,0.3229166666666667,0.06597222222222222,65.0,3519.5,0.07673611111111112,0.07604166666666666,309.2630153067071,47.10669309340324
10gen,ramp_requirement,1,14,13,0.2,0.24,perfect,independent,0.0,0.0,0,65.0,3490130.453428034,3532340.7075222614,445799.5811486948,0.0,-3044330.8722793395,17.858078069493025,28.597455490965974,291.32568194787973,18.509237602437267,626.0035630100865,43.98757430979749,0.3298611111111111,0.06597222222222222,65.0,3519.5,0.07604166666666666,0.07604166666666666,309.1837600173728,47.10669309340324
10gen,ramp_requirement,1,14,13,0.4,0.0,perfect,independent,0.0,0.0,0,65.0,467839.03861705697,469765.56142657105,248.46413462501368,0.0,-467590.574482432,18.46412397212714,17.858078069493025,5.6990272353658575,0.0,8.372117312202514,5.075107087299714,0.020833333333333332,0.013888888888888888,65.0,20.0,0.027430555555555555,0.027430555555555555,24.163151207492998,17.858078069493025
10gen,ramp_requirement,1,14,13,0.4,0.08,perfect,independent,0.0,0.0,0,65.0,338540.7936302633,346484.9846744461,248.46413462501368,0.0,-338292.32949563826,17.858078069493025,17.858078069493025,5.6990272353658575,0.0,152.08727134780764,5.075107087299714,0.12152777777777778,0.013888888888888888,65.0,20.0,0.027083333333333334,0.027430555555555555,23.557105304858883,17.858078069493025
10gen,ramp_requirement,1,14,13,0.4,0.16,perfect,independent,0.0,0.0,0,65.0,333343.2521948924,347080.7725500037,248.46413462501368,0.0,-333094.78806026734,17.858078069493025,17.858078069493025,5.6990272353658575,0.0,367.37869119780237,5.075107087299714,0.2361111111111111,0.013888888888888888,65.0,20.0,0.02638888888888889,0.027430555555555555,23.557105304858883,17.858078069493025
10gen,ramp_requirement,1,14,13,0.4,0.24,perfect,independent,0.0,0.0,0,65.0,333534.12050450384,358935.5522393253,248.46413462501368,0.0,-333285.6563698788,17.858078069493025,17.858078069493025,5.6990272353658575,0.0,611.946760947621,5.075107087299714,0.3055555555555556,0.013888888888888888,65.0,20.0,0.028125,0.027430555555555555,23.557105304858883,17.858078069493025
10gen,ramp_requirement,1,14,13,0.8,0.0,perfect,independent,0.0,0.0,0,65.0,416.8425436570542,572.1616969435418,97.97885167913046,0.0,-318.86369197792374,17.858078069493025,17.858078069493025,0.0,0.0,8.272727304632514,0.0,0.013888888888888888,0.0,65.0,4.5,0.002777777777777778,0.002777777777777778,17.858078069493025,17.858078069493025
10gen,ramp_requirement,1,14,13,0.8,0.08,perfect,independent,0.0,0.0,0,65.0,394.4878173766192,4430.071926992896,97.97885167913046,0.0,-296.50896569748875,17.858078069493025,17.858078069493025,0.0,0.0,124.30926542191938,0.0,0.09722222222222222,0.0,65.0,4.5,0.0020833333333333333,0.002777777777777778,17.858078069493025,17.858078069493025
10gen,ramp_requirement,1,14,13,0.8,0.16,perfect,independent,0.0,0.0,0,65.0,1516.4295791210607,13279.470669523536,97.97885167913046,0.0,-1418.4507274419302,17.858078069493025,17.858078069493025,0.0,0.0,338.8665952337701,0.0,0.1840277777777778,0.0,65.0,4.5,0.0020833333333333333,0.002777777777777778,17.858078069493025,17.858078069493025
10gen,ramp_requirement,1,14,13,0.8,0.24,perfect,independent,0.0,0.0,0,65.0,551.9239336163737,17887.235893384975,97.97885167913046,0.0,-453.94508193724323,17.858078069493025,17.858078069493025,0.0,0.0,589.9124659799642,0.0,0.2465277777777778,0.0,65.0,4.5,0.001388888888888889,0.002777777777777778,17.858078069493025,17.858078069493025
10gen,ramp_requirement,1,15,13,0.1,0.0,perfect,independent,0.0,0.0,0,65.0,6019010.0317057995,6023903.692290077,3395656.498063596,0.0,-2623353.5336422035,0.0,0.0,290.93902195235484,103.65209760645863,0.0,38.45656126254095,0.0,0.0625,0.0,3520.0,0.07048611111111111,0.07604166666666666,290.93902195235484,103.65209760645863
10gen,ramp_requirement,1,15,13,0.1,0.08,perfect,independent,0.0,0.0,0,65.0,6019075.2302446095,6024338.1746358145,3395656.498063596,0.0,-2623418.7321810136,0.0,0.0,290.93902195235484,103.65209760645863,0.0,38.45656126254095,0.08680555555555555,0.0625,37.0,3520.0,0.07083333333333333,0.07604166666666666,290.93902195235484,103.65209760645863
10gen,ramp_requirement,1,15,13,0.1,0.16,perfect,independent,0.0,0.0,0,65.0,6019008.536518674,6034458.026447352,3395656.498063596,0.0,-2623352.0384550784,0.0,0.0,290.93902195235484,103.65209760645863,20.738992784668074,38.45656126254095,0.3333333333333333,0.0625,65.0,3520.0,0.0798611111111111,0.07604166666666666,290.93902195235484,103.65209760645863
10gen,ramp_requirement,1,15,13,0.1,0.24,perfect,independent,0.0,0.0,0,65.0,5670716.67746585,5695608.952445713,3395656.498063596,0.0,-2275060.1794022536,0.0,0.0,219.58221791956345,103.65209760645863,958.3292305271414,36.109614235566646,1.0,0.05555555555555555,65.0,3520.0,0.07673611111111112,0.07604166666666666,219.58221791956345,103.65209760645863
10gen,ramp_requirement,1,15,13,0.2,0.0,perfect,independent,0.0,0.0,0,65.0,2298062.4537749803,2300470.0837902417,262176.14608877175,0.0,-2035886.3076862085,0.0,0.0,56.11348840628674,0.0,0.0,16.42677978260942,0.0,0.020833333333333332,0.0,3519.5,0.028125,0.025347222222222222,56.11348840628674,0.0
10gen,ramp_requirement,1,15,13,0.2,0.08,perfect,independent,0.0,0.0,0,65.0,2298062.4537749803,2300470.0837902417,262176.14608877175,0.0,-2035886.3076862085,0.0,0.0,56.11348840628674,0.0,0.0,16.42677978260942,0.0,0.020833333333333332,0.0,3519.5,0.028125,0.025347222222222222,56.11348840628674,0.0
10gen,ramp_requirement,1,15,13,0.2,0.16,perfect,independent,0.0,0.0,0,65.0,2298039.5364227826,2300900.7311979523,262176.14608877175,0.0,-2035863.3903340108,0.0,0.0,56.11348840628674,0.0,0.0,16.42677978260942,0.10069444444444445,0.020833333333333332,20.0,3519.5,0.027777777777777776,0.025347222222222222,56.11348840628674,0.0
10gen,ramp_requirement,1,15,13,0.2,0.24,perfect,independent,0.0,0.0,0,65.0,2298039.5364227826,2309110.219267293,262176.14608877175,0.0,-2035863.3903340108,0.0,0.0,56.11348840628674,0.0,0.0,16.42677978260942,0.20833333333333334,0.020833333333333332,30.0,3519.5,0.027777777777777776,0.025347222222222222,56.11348840628674,0.0
10gen,ramp_requirement,1,15,13,0.4,0.0,perfect,independent,0.0,0.0,0,65.0,441270.85768533224,441303.78598229826,128.4105880169809,0.0,-441142.4470973153,0.0,0.0,1.5730179556031296,0.0,0.0,0.0,0.0,0.006944444444444444,0.0,4.5,0.00625,0.0045138888888888885,1.5730179556031296,0.0
10gen,ramp_requirement,1,15,13,0.4,0.08,perfect,independent,0.0,0.0,0,65.0,441270.85768533224,441303.78598229826,128.4105880169809,0.0,-441142.4470973153,0.0,0.0,1.5730179556031296,0.0,0.0,0.0,0.0,0.006944444444444444,0.0,4.5,0.00625,0.0045138888888888885,1.5730179556031296,0.0
10gen,ramp_requirement,1,15,13,0.4,0.16,perfect,independent,0.0,0.0,0,65.0,441270.85768533224,441303.78598229826,128.4105880169809,0.0,-441142.4470973153,0.0,0.0,1.5730179556031296,0.0,0.0,0.0,0.0,0.006944444444444444,0.0,4.5,0.00625,0.0045138888888888885,1.5730179556031296,0.0
10gen,ramp_requirement,1,15,13,0.4,0.24,perfect,independent,0.0,0.0,0,65.0,441270.8576853322,441335.16236829734,128.4105880169809,0.0,-441142.4470973152,0.0,0.0,1.5730179556031296,0.0,0.0,0.0,0.0625,0.006944444444444444,2.0,4.5,0.00625,0.0045138888888888885,1.5730179556031296,0.0
10gen,ramp_requirement,1,15,13,0.8,0.0,perfect,independent,0.0,0.0,0,65.0,123.67850821156753,123.67850821156753,95.55226091960503,0.0,-28.1262472919625,0.0,0.0,0.0,0.0,0.0,0.0,0.0,0.0,0.0,4.5,0.00034722222222222224,0.00034722222222222224,0.0,0.0
10gen,ramp_requirement,1,15,13,0.8,0.08,perfect,independent,0.0,0.0,0,65.0,123.67850821156753,123.67850821156753,95.55226091960503,0.0,-28.1262472919625,0.0,0.0,0.0,0.0,0.0,0.0,0.0,0.0,0.0,4.5,0.00034722222222222224,0.00034722222222222224,0.0,0.0
10gen,ramp_requirement,1,15,13,0.8,0.16,perfect,independent,0.0,0.0,0,65.0,123.67850821156753,123.67850821156753,95.55226091960503,0.0,-28.1262472919625,0.0,0.0,0.0,0.0,0.0,0.0,0.0,0.0,0.0,4.5,0.00034722222222222224,0.00034722222222222224,0.0,0.0
10gen,ramp_requirement,1,15,13,0.8,0.24,perfect,independent,0.0,0.0,0,65.0,123.67850821156753,123.67850821156753,95.55226091960503,0.0,-28.1262472919625,0.0,0.0,0.0,0.0,0.0,0.0,0.0,0.0,0.0,4.5,0.00034722222222222224,0.00034722222222222224,0.0,0.0
10gen,ramp_requirement,1,16,13,0.1,0.0,perfect,independent,0.0,0.0,0,65.0,9906818.005598525,9912696.898838846,2872050.907968855,0.0,-7034767.09762967,5.09373660055337,0.7838309367416514,113.24661964928276,0.0,0.42573007933257634,25.502066255261454,0.010416666666666666,0.0763888888888889,65.0,3555.0,0.13541666666666666,0.14722222222222223,118.34035624983613,0.7838309367416514
10gen,ramp_requirement,1,16,13,0.1,0.08,perfect,independent,0.0,0.0,0,65.0,9249525.575003255,9258683.029315248,2872050.907968855,0.0,-6377474.667034401,2.895751477458589,0.7838309367416514,113.24661964928276,0.0,53.07840488703573,25.502066255261454,0.06944444444444445,0.0763888888888889,65.0,3555.0,0.13506944444444444,0.14722222222222223,116.14237112674135,0.7838309367416514
10gen,ramp_requirement,1,16,13,0.1,0.16,perfect,independent,0.0,0.0,0,65.0,8708581.044121841,8723143.321926372,2872050.907968855,0.0,-5836530.136152986,1.4088309367416514,0.7838309367416514,78.61096961304297,0.0,163.29893547375283,17.651805982476695,0.3923611111111111,0.07291666666666667,65.0,3555.0,0.1482638888888889,0.14722222222222223,80.01980054978462,0.7838309367416514
10gen,ramp_requirement,1,16,13,0.1,0.24,perfect,independent,0.0,0.0,0,65.0,7124949.944788416,7149877.304346842,2872050.907968855,0.0,-4252899.03681956,1.4088309367416607,0.7838309367416514,33.9421021686664,0.0,1105.8642534193723,11.805258518832625,1.0,0.06597222222222222,65.0,3555.0,0.15104166666666666,0.14722222222222223,35.35093310540806,0.7838309367416514
10gen,ramp_requirement,1,16,13,0.2,0.0,perfect,independent,0.0,0.0,0,65.0,2712565.800252207,2713745.25934209,680.113183808856,0.0,-2711885.687068398,0.0,0.0,11.774990483213452,0.0,0.0,5.93660184860595,0.0,0.017361111111111112,0.0,20.0,0.04479166666666667,0.034722222222222224,11.774990483213452,0.0
10gen,ramp_requirement,1,16,13,0.2,0.08,perfect,independent,0.0,0.0,0,65.0,2712145.0278956178,2713374.8147789557,680.113183808856,0.0,-2711464.914711809,0.0,0.0,11.774990483213452,0.0,0.0,5.93660184860595,0.013888888888888888,0.017361111111111112,10.0,20.0,0.04375,0.034722222222222224,11.774990483213452,0.0
10gen,ramp_requirement,1,16,13,0.2,0.16,perfect,independent,0.0,0.0,0,65.0,2710435.6103445822,2713555.959357379,680.113183808856,0.0,-2709755.4971607733,0.0,0.0,11.774990483213452,0.0,0.0,5.93660184860595,0.059027777777777776,0.017361111111111112,40.0,20.0,0.04583333333333333,0.034722222222222224,11.774990483213452,0.0
10gen,ramp_requirement,1,16,13,0.2,0.24,perfect,independent,0.0,0.0,0,65.0,2707564.4756504376,2718630.436415822,680.113183808856,0.0,-2706884.3624666287,0.0,0.0,11.774990483213452,0.0,3.068771023929685,5.93660184860595,0.3020833333333333,0.017361111111111112,65.0,20.0,0.05138888888888889,0.034722222222222224,11.774990483213452,0.0
10gen,ramp_requirement,1,16,13,0.4,0.0,perfect,independent,0.0,0.0,0,65.0,1051.7642230071317,1051.7642230071317,39.84506199530161,0.0,-1011.91916101183,0.0,0.0,0.0,0.0,0.0,0.0,0.0,0.0,0.0,18.0,0.004861111111111111,0.0045138888888888885,0.0,0.0
10gen,ramp_requirement,1,16,13,0.4,0.08,perfect,independent,0.0,0.0,0,65.0,1051.7642230071317,1051.7642230071317,39.84506199530161,0.0,-1011.91916101183,0.0,0.0,0.0,0.0,0.0,0.0,0.0,0.0,0.0,18.0,0.004861111111111111,0.0045138888888888885,0.0,0.0
10gen,ramp_requirement,1,16,13,0.4,0.16,perfect,independent,0.0,0.0,0,65.0,1013.5545757376467,1015.6432952789847,39.84506199530161,0.0,-973.709513742345,0.0,0.0,0.0,0.0,0.0,0.0,0.003472222222222222,0.0,2.0,18.0,0.0045138888888888885,0.0045138888888888885,0.0,0.0
10gen,ramp_requirement,1,16,13,0.4,0.24,perfect,independent,0.0,0.0,0,65.0,1016.7968984437341,1401.1012639228322,39.84506199530161,0.0,-976.9518364484325,0.0,0.0,0.0,0.0,0.0,0.0,0.0625,0.0,25.0,18.0,0.0045138888888888885,0.0045138888888888885,0.0,0.0
10gen,ramp_requirement,1,16,13,0.8,0.0,perfect,independent,0.0,0.0,0,65.0,0.0,0.0,0.0,0.0,0.0,0.0,0.0,0.0,0.0,0.0,0.0,0.0,0.0,0.0,0.0,0.0,0.0,0.0,0.0
10gen,ramp_requirement,1,16,13,0.8,0.08,perfect,independent,0.0,0.0,0,65.0,0.0,0.0,0.0,0.0,0.0,0.0,0.0,0.0,0.0,0.0,0.0,0.0,0.0,0.0,0.0,0.0,0.0,0.0,0.0
10gen,ramp_requirement,1,16,13,0.8,0.16,perfect,independent,0.0,0.0,0,65.0,0.0,0.0,0.0,0.0,0.0,0.0,0.0,0.0,0.0,0.0,0.0,0.0,0.0,0.0,0.0,0.0,0.0,0.0,0.0
10gen,ramp_requirement,1,16,13,0.8,0.24,perfect,independent,0.0,0.0,0,65.0,0.0,0.0,0.0,0.0,0.0,0.0,0.0,0.0,0.0,0.0,0.0,0.0,0.0,0.0,0.0,0.0,0.0,0.0,0.0
10gen,ramp_requirement,1,17,13,0.1,0.0,perfect,independent,0.0,0.0,0,65.0,13180324.364032594,13190710.040933793,4732013.410342887,0.0,-8448310.953689707,394.18311945908437,283.6623522308865,1093.7541533827152,547.3753498735371,71.81001760954223,118.0773918064109,0.0625,0.06597222222222222,65.0,3685.0,0.22395833333333334,0.240625,1487.9372728417995,831.0377021044235
10gen,ramp_requirement,1,17,13,0.1,0.08,perfect,independent,0.0,0.0,0,65.0,13116539.465448018,13136193.352334654,4732013.410342887,0.0,-8384526.055105131,379.6459777370312,283.6623522308865,1095.8938784200084,547.3753498735371,260.7587135295967,119.13672409605627,0.2951388888888889,0.06597222222222222,65.0,3685.0,0.2298611111111111,0.240625,1475.5398561570396,831.0377021044235
10gen,ramp_requirement,1,17,13,0.1,0.16,perfect,independent,0.0,0.0,0,65.0,13513132.98822274,13540541.523202062,4732013.410342887,0.0,-8781119.577879854,379.6459777370312,283.6623522308865,1089.771863341507,547.3753498735371,687.2464683950244,120.42151742125391,0.4722222222222222,0.06944444444444445,65.0,3685.0,0.22777777777777777,0.240625,1469.4178410785382,831.0377021044235
10gen,ramp_requirement,1,17,13,0.1,0.24,perfect,independent,0.0,0.0,0,65.0,12832356.061889878,12865695.664354553,4732013.410342887,0.0,-8100342.6515469905,379.6459777370312,283.6623522308865,1038.6611077644716,547.3753498735371,1904.4468795300604,114.60547729288177,1.0,0.059027777777777776,65.0,3685.0,0.21875,0.240625,1418.3070855015028,831.0377021044235
10gen,ramp_requirement,1,17,13,0.2,0.0,perfect,independent,0.0,0.0,0,65.0,4838646.309374876,4848301.984734458,829413.5802289136,0.0,-4009232.7291459627,48.871019014565434,0.0,207.85245103968083,5.724065264590173,21.398610445875835,61.36922774846105,0.017361111111111112,0.059027777777777776,65.0,3548.0,0.10277777777777777,0.10902777777777778,256.72347005424626,5.724065264590173
10gen,ramp_requirement,1,17,13,0.2,0.08,perfect,independent,0.0,0.0,0,65.0,4577787.066464282,4593089.585805921,829413.5802289136,0.0,-3748373.486235368,38.56507512300227,0.0,207.85245103968083,5.724065264590173,82.16878929140317,61.36922774846105,0.1111111111111111,0.059027777777777776,65.0,3548.0,0.10625,0.10902777777777778,246.4175261626831,5.724065264590173
10gen,ramp_requirement,1,17,13,0.2,0.16,perfect,independent,0.0,0.0,0,65.0,4171705.7564403987,4198693.327726453,829413.5802289136,0.0,-3342292.176211485,14.63394813674237,0.0,207.85245103968083,5.724065264590173,146.04595923255206,61.36922774846105,0.3090277777777778,0.059027777777777776,65.0,3548.0,0.11180555555555556,0.10902777777777778,222.4863991764232,5.724065264590173
10gen,ramp_requirement,1,17,13,0.2,0.24,perfect,independent,0.0,0.0,0,65.0,3621799.6388904653,3671665.577585689,829413.5802289136,0.0,-2792386.0586615517,4.479147277293805,0.0,182.76389600464864,5.724065264590173,230.44406614740345,57.96594493142851,0.3888888888888889,0.059027777777777776,65.0,3548.0,0.11145833333333334,0.10902777777777778,187.24304328194245,5.724065264590173
10gen,ramp_requirement,1,17,13,0.4,0.0,perfect,independent,0.0,0.0,0,65.0,669698.0552674704,671658.7380663702,11669.375948849502,0.0,-658028.6793186209,0.0,0.0,11.350708050087448,0.0,0.0,7.656945086932887,0.0,0.017361111111111112,0.0,3519.5,0.03125,0.029166666666666667,11.350708050087448,0.0
10gen,ramp_requirement,1,17,13,0.4,0.08,perfect,independent,0.0,0.0,0,65.0,669092.3641705712,672176.2548625519,11669.375948849502,0.0,-657422.9882217217,0.0,0.0,11.350708050087448,0.0,4.173133825061768,7.656945086932887,0.013888888888888888,0.017361111111111112,65.0,3519.5,0.03159722222222222,0.029166666666666667,11.350708050087448,0.0
10gen,ramp_requirement,1,17,13,0.4,0.16,perfect,independent,0.0,0.0,0,65.0,666208.2256228747,673370.6764414547,11669.375948849502,0.0,-654538.8496740252,0.0,0.0,11.350708050087448,0.0,11.477014654253555,7.656945086932887,0.1111111111111111,0.017361111111111112,65.0,3519.5,0.03090277777777778,0.029166666666666667,11.350708050087448,0.0
10gen,ramp_requirement,1,17,13,0.4,0.24,perfect,independent,0.0,0.0,0,65.0,664369.5618557555,686093.095216733,11669.375948849502,0.0,-652700.185906906,0.0,0.0,11.350708050087448,0.0,25.11769807016903,7.656945086932887,0.3090277777777778,0.017361111111111112,65.0,3519.5,0.034722222222222224,0.029166666666666667,11.350708050087448,0.0
10gen,ramp_requirement,1,17,13,0.8,0.0,perfect,independent,0.0,0.0,0,65.0,17602.71081279216,18348.354606429457,11468.771157129584,0.0,-6133.939655662576,0.0,0.0,1.6318958600432663,0.0,0.0,0.5780486110636668,0.0,0.003472222222222222,0.0,3515.0,0.005208333333333333,0.005208333333333333,1.6318958600432663,0.0
10gen,ramp_requirement,1,17,13,0.8,0.08,perfect,independent,0.0,0.0,0,65.0,17609.731132763907,18362.37699863588,11468.771157129584,0.0,-6140.959975634323,0.0,0.0,1.6318958600432663,0.0,0.0,0.5780486110636668,0.006944444444444444,0.003472222222222222,2.0,3515.0,0.005208333333333333,0.005208333333333333,1.6318958600432663,0.0
10gen,ramp_requirement,1,17,13,0.8,0.16,perfect,independent,0.0,0.0,0,65.0,18051.7495515633,19970.18502064674,11468.771157129584,0.0,-6582.978394433718,0.0,0.0,1.6318958600432663,0.0,1.1799071489774253,0.5780486110636668,0.0625,0.003472222222222222,65.0,3515.0,0.005208333333333333,0.005208333333333333,1.6318958600432663,0.0
10gen,ramp_requirement,1,17,13,0.8,0.24,perfect,independent,0.0,0.0,0,65.0,17639.74955156332,32113.396514140033,11468.771157129584,0.0,-6170.978394433736,0.0,0.0,1.6318958600432663,0.0,17.248575424212238,0.5780486110636668,0.10069444444444445,0.003472222222222222,65.0,3515.0,0.005208333333333333,0.005208333333333333,1.6318958600432663,0.0
10gen,ramp_requirement,1,18,13,0.1,0.0,perfect,independent,0.0,0.0,0,65.0,4479284.564679264,4481428.958765262,2293104.498413057,0.0,-2186180.066266207,0.0,0.0,185.30739203813823,12.21296927076482,0.0,25.132133663025662,0.0,0.03819444444444445,0.0,3530.0,0.059027777777777776,0.06458333333333334,185.30739203813823,12.21296927076482
10gen,ramp_requirement,1,18,13,0.1,0.08,perfect,independent,0.0,0.0,0,65.0,4476897.183141034,4480314.145478145,2293104.498413057,0.0,-2183792.684727977,0.0,0.0,185.30739203813823,12.21296927076482,0.3817413980333602,25.132133663025662,0.20833333333333334,0.03819444444444445,65.0,3530.0,0.06111111111111111,0.06458333333333334,185.30739203813823,12.21296927076482
10gen,ramp_requirement,1,18,13,0.1,0.16,perfect,independent,0.0,0.0,0,65.0,4477099.154748476,4497704.643182542,2293104.498413057,0.0,-2183994.656335419,0.0,0.0,185.30739203813823,12.21296927076482,40.55675423281808,25.132133663025662,0.3888888888888889,0.03819444444444445,65.0,3530.0,0.06388888888888888,0.06458333333333334,185.30739203813823,12.21296927076482
10gen,ramp_requirement,1,18,13,0.1,0.24,perfect,independent,0.0,0.0,0,65.0,3979528.9605169296,4016309.920481389,2293104.498413057,0.0,-1686424.4621038726,0.0,0.0,129.78034184352862,12.21296927076482,919.5089993163571,19.615341868487832,1.0,0.03819444444444445,65.0,3530.0,0.06979166666666667,0.06458333333333334,129.78034184352862,12.21296927076482
10gen,ramp_requirement,1,18,13,0.2,0.0,perfect,independent,0.0,0.0,0,65.0,1281966.0586419282,1283378.4935395312,741.7396358976403,0.0,-1281224.3190060307,0.0,0.0,10.261088932267691,0.0,0.0,5.260862554351689,0.0,0.010416666666666666,0.0,20.0,0.017708333333333333,0.013194444444444444,10.261088932267691,0.0
10gen,ramp_requirement,1,18,13,0.2,0.08,perfect,independent,0.0,0.0,0,65.0,1281966.0586419282,1283378.4935395312,741.7396358976403,0.0,-1281224.3190060307,0.0,0.0,10.261088932267691,0.0,0.0,5.260862554351689,0.0,0.010416666666666666,0.0,20.0,0.017708333333333333,0.013194444444444444,10.261088932267691,0.0
10gen,ramp_requirement,1,18,13,0.2,0.16,perfect,independent,0.0,0.0,0,65.0,1281848.2109610229,1284414.7193406813,741.7396358976403,0.0,-1281106.4713251253,0.0,0.0,10.261088932267691,0.0,0.0,5.260862554351689,0.2222222222222222,0.010416666666666666,30.0,20.0,0.017013888888888887,0.013194444444444444,10.261088932267691,0.0
10gen,ramp_requirement,1,18,13,0.2,0.24,perfect,independent,0.0,0.0,0,65.0,1282077.1310015307,1298895.490665653,741.7396358976403,0.0,-1281335.391365633,0.0,0.0,10.261088932267691,0.0,1.1495694335468631,5.260862554351689,0.3159722222222222,0.010416666666666666,65.0,20.0,0.019791666666666666,0.013194444444444444,10.261088932267691,0.0
10gen,ramp_requirement,1,18,13,0.4,0.0,perfect,independent,0.0,0.0,0,65.0,238195.98786623572,238195.98786623572,23.0911063375097,0.0,-238172.89675989823,0.0,0.0,0.3308384332220271,0.0,0.0,0.0,0.0,0.0,0.0,10.0,0.002777777777777778,0.001736111111111111,0.3308384332220271,0.0
10gen,ramp_requirement,1,18,13,0.4,0.08,perfect,independent,0.0,0.0,0,65.0,238195.98786623572,238195.98786623572,23.0911063375097,0.0,-238172.89675989823,0.0,0.0,0.3308384332220271,0.0,0.0,0.0,0.0,0.0,0.0,10.0,0.002777777777777778,0.001736111111111111,0.3308384332220271,0.0
10gen,ramp_requirement,1,18,13,0.4,0.16,perfect,independent,0.0,0.0,0,65.0,238195.98786623572,238195.98786623572,23.0911063375097,0.0,-238172.89675989823,0.0,0.0,0.3308384332220271,0.0,0.0,0.0,0.0,0.0,0.0,10.0,0.002777777777777778,0.001736111111111111,0.3308384332220271,0.0
10gen,ramp_requirement,1,18,13,0.4,0.24,perfect,independent,0.0,0.0,0,65.0,238195.98786623572,238271.52806943568,23.0911063375097,0.0,-238172.89675989823,0.0,0.0,0.3308384332220271,0.0,0.0,0.0,0.19444444444444445,0.0,2.0,10.0,0.002777777777777778,0.001736111111111111,0.3308384332220271,0.0
10gen,ramp_requirement,1,18,13,0.8,0.0,perfect,independent,0.0,0.0,0,65.0,0.0,0.0,0.0,0.0,0.0,0.0,0.0,0.0,0.0,0.0,0.0,0.0,0.0,0.0,0.0,0.0,0.0,0.0,0.0
10gen,ramp_requirement,1,18,13,0.8,0.08,perfect,independent,0.0,0.0,0,65.0,0.0,0.0,0.0,0.0,0.0,0.0,0.0,0.0,0.0,0.0,0.0,0.0,0.0,0.0,0.0,0.0,0.0,0.0,0.0
10gen,ramp_requirement,1,18,13,0.8,0.16,perfect,independent,0.0,0.0,0,65.0,0.0,0.0,0.0,0.0,0.0,0.0,0.0,0.0,0.0,0.0,0.0,0.0,0.0,0.0,0.0,0.0,0.0,0.0,0.0
10gen,ramp_requirement,1,18,13,0.8,0.24,perfect,independent,0.0,0.0,0,65.0,0.0,0.0,0.0,0.0,0.0,0.0,0.0,0.0,0.0,0.0,0.0,0.0,0.0,0.0,0.0,0.0,0.0,0.0,0.0
10gen,ramp_requirement,4,12,13,0.1,0.0,perfect,independent,0.0,0.0,0,65.0,9022547.782992216,9032403.399514133,2578288.230645087,0.0,-6444259.552347129,59.49796034318869,2.423363913421298,132.5748688961193,22.052088552251973,15.086902355264815,35.42085344195376,0.03125,0.09722222222222222,65.0,3548.0,0.16041666666666668,0.17118055555555556,192.072829239308,24.47545246567327
10gen,ramp_requirement,4,12,13,0.1,0.08,perfect,independent,0.0,0.0,0,65.0,8544006.218837515,8556874.61522061,2578288.230645087,0.0,-5965717.988192428,33.11527841092695,2.423363913421298,132.5748688961193,22.052088552251973,107.45338176124723,35.42085344195376,0.1840277777777778,0.09722222222222222,65.0,3548.0,0.16284722222222223,0.17118055555555556,165.69014730704626,24.47545246567327
10gen,ramp_requirement,4,12,13,0.1,0.16,perfect,independent,0.0,0.0,0,65.0,8523908.279183296,8547855.95073895,2578288.230645087,0.0,-5945620.04853821,12.78144856015733,2.423363913421298,139.01842775651545,22.052088552251973,281.5846131309157,35.21967348482484,0.4479166666666667,0.09722222222222222,65.0,3548.0,0.17916666666666667,0.17118055555555556,151.7998763166728,24.47545246567327
10gen,ramp_requirement,4,12,13,0.1,0.24,perfect,independent,0.0,0.0,0,65.0,7263028.79570215,7299714.958456365,2578288.230645087,0.0,-4684740.5650570635,12.723082764591556,2.423363913421298,122.00569699441903,22.052088552251973,1252.2727970831195,29.889129354512647,1.0,0.08333333333333333,65.0,3548.0,0.18333333333333332,0.17118055555555556,134.7287797590106,24.47545246567327
10gen,ramp_requirement,4,12,13,0.2,0.0,perfect,independent,0.0,0.0,0,65.0,1563719.2615871767,1565403.9207405774,203309.5181527178,0.0,-1360409.743434459,0.0,0.0,28.64917510272835,0.0811605271298177,0.0,10.056237323927885,0.0,0.04513888888888889,0.0,3519.5,0.05138888888888889,0.05277777777777778,28.64917510272835,0.0811605271298177
10gen,ramp_requirement,4,12,13,0.2,0.08,perfect,independent,0.0,0.0,0,65.0,1563671.9961901207,1565488.5418643355,203309.5181527178,0.0,-1360362.478037403,0.0,0.0,28.64917510272835,0.0811605271298177,0.0,10.056237323927885,0.017361111111111112,0.04513888888888889,27.0,3519.5,0.05138888888888889,0.05277777777777778,28.64917510272835,0.0811605271298177
10gen,ramp_requirement,4,12,13,0.2,0.16,perfect,independent,0.0,0.0,0,65.0,1564348.2701995338,1569801.2148476297,203309.5181527178,0.0,-1361038.752046816,0.0,0.0,28.64917510272835,0.0811605271298177,1.5321800676862076,10.056237323927885,0.24305555555555555,0.04513888888888889,65.0,3519.5,0.05381944444444445,0.05277777777777778,28.64917510272835,0.0811605271298177
10gen,ramp_requirement,4,12,13,0.2,0.24,perfect,independent,0.0,0.0,0,65.0,1566773.6607168387,1590538.4267613858,203309.5181527178,0.0,-1363464.142564121,0.0,0.0,28.64917510272835,0.0811605271298177,6.512899222329641,10.056237323927885,0.3854166666666667,0.04513888888888889,65.0,3519.5,0.060069444444444446,0.05277777777777778,28.64917510272835,0.0811605271298177
10gen,ramp_requirement,4,12,13,0.4,0.0,perfect,independent,0.0,0.0,0,65.0,81554.39045439364,81555.9964667047,77638.40445782598,0.0,-3915.9859965676587,0.0,0.0,0.8265440988256382,0.0,0.0,0.0,0.0,0.003472222222222222,0.0,3515.0,0.009722222222222222,0.009722222222222222,0.8265440988256382,0.0
10gen,ramp_requirement,4,12,13,0.4,0.08,perfect,independent,0.0,0.0,0,65.0,81554.39045439364,81555.9964667047,77638.40445782598,0.0,-3915.9859965676587,0.0,0.0,0.8265440988256382,0.0,0.0,0.0,0.0,0.003472222222222222,0.0,3515.0,0.009722222222222222,0.009722222222222222,0.8265440988256382,0.0
10gen,ramp_requirement,4,12,13,0.4,0.16,perfect,independent,0.0,0.0,0,65.0,81397.34663470619,81408.97833187049,77638.40445782598,0.0,-3758.942176880213,0.0,0.0,0.8265440988256382,0.0,0.0,0.0,0.010416666666666666,0.003472222222222222,2.0,3515.0,0.008680555555555556,0.009722222222222222,0.8265440988256382,0.0
10gen,ramp_requirement,4,12,13,0.4,0.24,perfect,independent,0.0,0.0,0,65.0,81381.05712106037,82890.75310945115,77638.40445782598,0.0,-3742.6526632343885,0.0,0.0,0.8265440988256382,0.0,0.0,0.0,0.1909722222222222,0.003472222222222222,25.0,3515.0,0.009375,0.009722222222222222,0.8265440988256382,0.0
10gen,ramp_requirement,4,12,13,0.8,0.0,perfect,independent,0.0,0.0,0,65.0,16.03700768163253,16.03700768163253,0.0,0.0,-16.03700768163253,0.0,0.0,0.0,0.0,0.0,0.0,0.0,0.0,0.0,4.5,0.0006944444444444445,0.0006944444444444445,0.0,0.0
10gen,ramp_requirement,4,12,13,0.8,0.08,perfect,independent,0.0,0.0,0,65.0,16.03700768163253,16.03700768163253,0.0,0.0,-16.03700768163253,0.0,0.0,0.0,0.0,0.0,0.0,0.0,0.0,0.0,4.5,0.0006944444444444445,0.0006944444444444445,0.0,0.0
10gen,ramp_requirement,4,12,13,0.8,0.16,perfect,independent,0.0,0.0,0,65.0,16.03700768163253,16.03700768163253,0.0,0.0,-16.03700768163253,0.0,0.0,0.0,0.0,0.0,0.0,0.0,0.0,0.0,4.5,0.0006944444444444445,0.0006944444444444445,0.0,0.0
10gen,ramp_requirement,4,12,13,0.8,0.24,perfect,independent,0.0,0.0,0,65.0,16.03700768163253,16.03700768163253,0.0,0.0,-16.03700768163253,0.0,0.0,0.0,0.0,0.0,0.0,0.0,0.0,0.0,4.5,0.0006944444444444445,0.0006944444444444445,0.0,0.0
10gen,ramp_requirement,4,13,13,0.1,0.0,perfect,independent,0.0,0.0,0,65.0,3254232.263284658,3254892.7421422806,746258.3841668044,0.0,-2507973.879117854,1.6312112849257687,0.0,21.765133922492396,0.0,0.0,9.367101610185205,0.0,0.027777777777777776,0.0,3520.0,0.08125,0.07361111111111111,23.396345207418165,0.0
10gen,ramp_requirement,4,13,13,0.1,0.08,perfect,independent,0.0,0.0,0,65.0,3139732.0096484986,3141369.2354945927,746258.3841668044,0.0,-2393473.625481694,0.0,0.0,21.765133922492396,0.0,2.4536365227901342,9.367101610185205,0.0763888888888889,0.027777777777777776,65.0,3520.0,0.08333333333333333,0.07361111111111111,21.765133922492396,0.0
10gen,ramp_requirement,4,13,13,0.1,0.16,perfect,independent,0.0,0.0,0,65.0,3140224.492288336,3148985.8055385235,746258.3841668044,0.0,-2393966.108121532,0.0,0.0,22.026527950051587,0.0,32.672057850914086,9.367101610185205,0.2708333333333333,0.027777777777777776,65.0,3520.0,0.10069444444444445,0.07361111111111111,22.026527950051587,0.0
10gen,ramp_requirement,4,13,13,0.1,0.24,perfect,independent,0.0,0.0,0,65.0,2861890.0993467793,2878470.369555312,746258.3841668044,0.0,-2115631.715179975,0.0,0.0,16.066610863548778,0.0,988.4783134627887,7.942470845449302,1.0,0.024305555555555556,65.0,3520.0,0.090625,0.07361111111111111,16.066610863548778,0.0
10gen,ramp_requirement,4,13,13,0.2,0.0,perfect,independent,0.0,0.0,0,65.0,321008.4710652909,321013.24720501027,405.855602714692,0.0,-320602.6154625762,0.0,0.0,0.807930032417649,0.0,0.0,0.0,0.0,0.003472222222222222,0.0,20.0,0.01875,0.017361111111111112,0.807930032417649,0.0
10gen,ramp_requirement,4,13,13,0.2,0.08,perfect,independent,0.0,0.0,0,65.0,321007.79109150957,321012.70322598517,405.855602714692,0.0,-320601.9354887949,0.0,0.0,0.807930032417649,0.0,0.0,0.0,0.003472222222222222,0.003472222222222222,2.0,20.0,0.01875,0.017361111111111112,0.807930032417649,0.0
10gen,ramp_requirement,4,13,13,0.2,0.16,perfect,independent,0.0,0.0,0,65.0,321337.188967918,322820.1105236438,405.855602714692,0.0,-320931.3333652033,0.0,0.0,0.807930032417649,0.0,0.47176545219758736,0.0,0.09375,0.003472222222222222,65.0,20.0,0.02013888888888889,0.017361111111111112,0.807930032417649,0.0
10gen,ramp_requirement,4,13,13,0.2,0.24,perfect,independent,0.0,0.0,0,65.0,321764.90390243387,330257.4522463779,405.855602714692,0.0,-321359.0482997192,0.0,0.0,0.807930032417649,0.0,1.2145446182591066,0.0,0.1527777777777778,0.003472222222222222,65.0,20.0,0.02013888888888889,0.017361111111111112,0.807930032417649,0.0
10gen,ramp_requirement,4,13,13,0.4,0.0,perfect,independent,0.0,0.0,0,65.0,136.89252778958763,136.89252778958763,98.40095931297401,0.0,-38.49156847661362,0.0,0.0,0.0,0.0,0.0,0.0,0.0,0.0,0.0,4.5,0.001388888888888889,0.001736111111111111,0.0,0.0
10gen,ramp_requirement,4,13,13,0.4,0.08,perfect,independent,0.0,0.0,0,65.0,136.89252778958763,136.89252778958763,98.40095931297401,0.0,-38.49156847661362,0.0,0.0,0.0,0.0,0.0,0.0,0.0,0.0,0.0,4.5,0.001388888888888889,0.001736111111111111,0.0,0.0
10gen,ramp_requirement,4,13,13,0.4,0.16,perfect,independent,0.0,0.0,0,65.0,136.89252778958763,136.89252778958763,98.40095931297401,0.0,-38.49156847661362,0.0,0.0,0.0,0.0,0.0,0.0,0.0,0.0,0.0,4.5,0.001388888888888889,0.001736111111111111,0.0,0.0
10gen,ramp_requirement,4,13,13,0.4,0.24,perfect,independent,0.0,0.0,0,65.0,136.40696945746458,395.936691941045,98.40095931297401,0.0,-38.006010144490574,0.0,0.0,0.0,0.0,0.0,0.0,0.09027777777777778,0.0,20.0,4.5,0.0010416666666666667,0.001736111111111111,0.0,0.0
10gen,ramp_requirement,4,13,13,0.8,0.0,perfect,independent,0.0,0.0,0,65.0,0.0,0.0,0.0,0.0,0.0,0.0,0.0,0.0,0.0,0.0,0.0,0.0,0.0,0.0,0.0,0.0,0.0,0.0,0.0
10gen,ramp_requirement,4,13,13,0.8,0.08,perfect,independent,0.0,0.0,0,65.0,0.0,0.0,0.0,0.0,0.0,0.0,0.0,0.0,0.0,0.0,0.0,0.0,0.0,0.0,0.0,0.0,0.0,0.0,0.0
10gen,ramp_requirement,4,13,13,0.8,0.16,perfect,independent,0.0,0.0,0,65.0,0.0,0.0,0.0,0.0,0.0,0.0,0.0,0.0,0.0,0.0,0.0,0.0,0.0,0.0,0.0,0.0,0.0,0.0,0.0
10gen,ramp_requirement,4,13,13,0.8,0.24,perfect,independent,0.0,0.0,0,65.0,0.0,0.0,0.0,0.0,0.0,0.0,0.0,0.0,0.0,0.0,0.0,0.0,0.0,0.0,0.0,0.0,0.0,0.0,0.0
10gen,ramp_requirement,4,14,13,0.1,0.0,perfect,independent,0.0,0.0,0,65.0,3785272.961636612,3786461.3776455326,882293.7199822416,0.0,-2902979.2416543704,0.0,0.0,26.17221758281918,0.0,0.0,6.345944397453754,0.0,0.020833333333333332,0.0,3520.0,0.06493055555555556,0.06493055555555556,26.17221758281918,0.0
10gen,ramp_requirement,4,14,13,0.1,0.08,perfect,independent,0.0,0.0,0,65.0,3784964.3395912005,3786437.5911893696,882293.7199822416,0.0,-2902670.6196089587,0.0,0.0,26.17221758281918,0.0,1.5198520353698275,6.345944397453754,0.0625,0.020833333333333332,65.0,3520.0,0.06527777777777778,0.06493055555555556,26.17221758281918,0.0
10gen,ramp_requirement,4,14,13,0.1,0.16,perfect,independent,0.0,0.0,0,65.0,3786393.4560538153,3793455.7158335703,882293.7199822416,0.0,-2904099.7360715736,0.0,0.0,26.17221758281918,0.0,32.101287568131774,6.345944397453754,0.21180555555555555,0.020833333333333332,65.0,3520.0,0.0798611111111111,0.06493055555555556,26.17221758281918,0.0
10gen,ramp_requirement,4,14,13,0.1,0.24,perfect,independent,0.0,0.0,0,65.0,3521881.373133741,3534058.50556771,882293.7199822416,0.0,-2639587.653151499,0.0,0.0,25.22410472796642,0.0,914.0790949293483,6.345944397453754,1.0,0.020833333333333332,65.0,3520.0,0.0798611111111111,0.06493055555555556,25.22410472796642,0.0
10gen,ramp_requirement,4,14,13,0.2,0.0,perfect,independent,0.0,0.0,0,65.0,1151655.206517535,1151656.8481551872,1301.428063740425,0.0,-1150353.7784537945,0.0,0.0,3.345556197102373,0.0,0.0,0.0,0.0,0.003472222222222222,0.0,20.0,0.017013888888888887,0.017361111111111112,3.345556197102373,0.0
10gen,ramp_requirement,4,14,13,0.2,0.08,perfect,independent,0.0,0.0,0,65.0,1151655.206517535,1151656.8481551872,1301.428063740425,0.0,-1150353.7784537945,0.0,0.0,3.345556197102373,0.0,0.0,0.0,0.0,0.003472222222222222,0.0,20.0,0.017013888888888887,0.017361111111111112,3.345556197102373,0.0
10gen,ramp_requirement,4,14,13,0.2,0.16,perfect,independent,0.0,0.0,0,65.0,1151681.810862972,1152144.7894438857,1301.428063740425,0.0,-1150380.3827992314,0.0,0.0,3.345556197102373,0.0,0.0,0.0,0.0625,0.003472222222222222,25.0,20.0,0.01597222222222222,0.017361111111111112,3.345556197102373,0.0
10gen,ramp_requirement,4,14,13,0.2,0.24,perfect,independent,0.0,0.0,0,65.0,1152492.86263248,1157478.2036439404,1301.428063740425,0.0,-1151191.4345687395,0.0,0.0,3.345556197102373,0.0,0.0,0.0,0.125,0.003472222222222222,37.0,20.0,0.02013888888888889,0.017361111111111112,3.345556197102373,0.0
10gen,ramp_requirement,4,14,13,0.4,0.0,perfect,independent,0.0,0.0,0,65.0,517.1409362572595,517.1409362572595,424.3865126739547,0.0,-92.75442358330474,0.0,0.0,0.0,0.0,0.0,0.0,0.0,0.0,0.0,4.5,0.0020833333333333333,0.0020833333333333333,0.0,0.0
10gen,ramp_requirement,4,14,13,0.4,0.08,perfect,independent,0.0,0.0,0,65.0,517.1409362572595,517.1409362572595,424.3865126739547,0.0,-92.75442358330474,0.0,0.0,0.0,0.0,0.0,0.0,0.0,0.0,0.0,4.5,0.0020833333333333333,0.0020833333333333333,0.0,0.0
10gen,ramp_requirement,4,14,13,0.4,0.16,perfect,independent,0.0,0.0,0,65.0,517.1409362572595,517.1409362572595,424.3865126739547,0.0,-92.75442358330474,0.0,0.0,0.0,0.0,0.0,0.0,0.0,0.0,0.0,4.5,0.0020833333333333333,0.0020833333333333333,0.0,0.0
10gen,ramp_requirement,4,14,13,0.4,0.24,perfect,independent,0.0,0.0,0,65.0,517.1409362572595,565.3184395003816,424.3865126739547,0.0,-92.75442358330474,0.0,0.0,0.0,0.0,0.0,0.0,0.059027777777777776,0.0,20.0,4.5,0.0020833333333333333,0.0020833333333333333,0.0,0.0
10gen,ramp_requirement,4,14,13,0.8,0.0,perfect,independent,0.0,0.0,0,65.0,0.0,0.0,0.0,0.0,0.0,0.0,0.0,0.0,0.0,0.0,0.0,0.0,0.0,0.0,0.0,0.0,0.0,0.0,0.0
10gen,ramp_requirement,4,14,13,0.8,0.08,perfect,independent,0.0,0.0,0,65.0,0.0,0.0,0.0,0.0,0.0,0.0,0.0,0.0,0.0,0.0,0.0,0.0,0.0,0.0,0.0,0.0,0.0,0.0,0.0
10gen,ramp_requirement,4,14,13,0.8,0.16,perfect,independent,0.0,0.0,0,65.0,0.0,0.0,0.0,0.0,0.0,0.0,0.0,0.0,0.0,0.0,0.0,0.0,0.0,0.0,0.0,0.0,0.0,0.0,0.0
10gen,ramp_requirement,4,14,13,0.8,0.24,perfect,independent,0.0,0.0,0,65.0,0.0,0.0,0.0,0.0,0.0,0.0,0.0,0.0,0.0,0.0,0.0,0.0,0.0,0.0,0.0,0.0,0.0,0.0,0.0
10gen,ramp_requirement,4,15,13,0.1,0.0,perfect,independent,0.0,0.0,0,65.0,9335845.684365442,9340164.079881445,4006411.4730284177,0.0,-5329434.211337024,11.53875688890406,0.09150939461799604,90.07372823247374,27.875346466326143,3.6522349286180047,22.927694584506213,0.006944444444444444,0.05555555555555555,65.0,3550.0,0.16041666666666668,0.16875,101.6124851213778,27.96685586094414
10gen,ramp_requirement,4,15,13,0.1,0.08,perfect,independent,0.0,0.0,0,65.0,9172899.103825122,9180232.33232875,4006411.4730284177,0.0,-5166487.630796704,2.1940680383993554,0.09150939461799604,90.07372823247374,27.875346466326143,21.60859585843866,22.927694584506213,0.11805555555555555,0.05555555555555555,65.0,3550.0,0.1642361111111111,0.16875,92.26779627087309,27.96685586094414
10gen,ramp_requirement,4,15,13,0.1,0.16,perfect,independent,0.0,0.0,0,65.0,9074959.70855313,9087336.127292547,4006411.4730284177,0.0,-5068548.235524712,1.29797402450248,0.09150939461799604,89.17393254636161,27.875346466326143,153.18669567207013,22.927694584506213,0.2673611111111111,0.05555555555555555,65.0,3550.0,0.1736111111111111,0.16875,90.47190657086409,27.96685586094414
10gen,ramp_requirement,4,15,13,0.1,0.24,perfect,independent,0.0,0.0,0,65.0,7262679.319514523,7281623.750707339,4006411.4730284177,0.0,-3256267.8464861056,1.16432333777351,0.09150939461799604,55.166078219997196,27.875346466326143,1141.2144672663594,14.94072503048767,1.0,0.04861111111111111,65.0,3550.0,0.16180555555555556,0.16875,56.330401557770706,27.96685586094414
10gen,ramp_requirement,4,15,13,0.2,0.0,perfect,independent,0.0,0.0,0,65.0,2487406.2052103905,2489012.284354462,335815.647371191,0.0,-2151590.5578391994,0.0,0.0,41.98643306713562,0.0,0.0,15.21998797928155,0.0,0.017361111111111112,0.0,3519.5,0.05416666666666667,0.05173611111111111,41.98643306713562,0.0
10gen,ramp_requirement,4,15,13,0.2,0.08,perfect,independent,0.0,0.0,0,65.0,2485288.470824673,2486895.936881301,335815.647371191,0.0,-2149472.823453482,0.0,0.0,41.98643306713562,0.0,0.0,15.21998797928155,0.017361111111111112,0.017361111111111112,7.0,3519.5,0.05277777777777778,0.05173611111111111,41.98643306713562,0.0
10gen,ramp_requirement,4,15,13,0.2,0.16,perfect,independent,0.0,0.0,0,65.0,2486588.3530374016,2491250.595709127,335815.647371191,0.0,-2150772.7056662105,0.0,0.0,41.98643306713562,0.0,2.679545449168112,15.21998797928155,0.12152777777777778,0.017361111111111112,65.0,3519.5,0.058680555555555555,0.05173611111111111,41.98643306713562,0.0
10gen,ramp_requirement,4,15,13,0.2,0.24,perfect,independent,0.0,0.0,0,65.0,2488003.2765387218,2505649.921279562,335815.647371191,0.0,-2152187.6291675307,0.0,0.0,41.98643306713562,0.0,11.13813651437772,15.21998797928155,0.18055555555555555,0.017361111111111112,65.0,3519.5,0.06180555555555556,0.05173611111111111,41.98643306713562,0.0
10gen,ramp_requirement,4,15,13,0.4,0.0,perfect,independent,0.0,0.0,0,65.0,211453.7661556133,211453.7661556133,289.08013349500817,0.0,-211164.6860221183,0.0,0.0,0.35300265776454387,0.0,0.0,0.0,0.0,0.0,0.0,10.0,0.010069444444444445,0.009722222222222222,0.35300265776454387,0.0
10gen,ramp_requirement,4,15,13,0.4,0.08,perfect,independent,0.0,0.0,0,65.0,211453.7661556133,211453.7661556133,289.08013349500817,0.0,-211164.6860221183,0.0,0.0,0.35300265776454387,0.0,0.0,0.0,0.0,0.0,0.0,10.0,0.010069444444444445,0.009722222222222222,0.35300265776454387,0.0
10gen,ramp_requirement,4,15,13,0.4,0.16,perfect,independent,0.0,0.0,0,65.0,211453.7661556133,211457.70770893426,289.08013349500817,0.0,-211164.6860221183,0.0,0.0,0.35300265776454387,0.0,0.0,0.0,0.003472222222222222,0.0,2.0,10.0,0.009722222222222222,0.009722222222222222,0.35300265776454387,0.0
10gen,ramp_requirement,4,15,13,0.4,0.24,perfect,independent,0.0,0.0,0,65.0,211387.5538943653,213780.52735288008,289.08013349500817,0.0,-211098.47376087029,0.0,0.0,0.35300265776454387,0.0,0.0,0.0,0.14930555555555555,0.0,30.0,10.0,0.012847222222222222,0.009722222222222222,0.35300265776454387,0.0
10gen,ramp_requirement,4,15,13,0.8,0.0,perfect,independent,0.0,0.0,0,65.0,0.0,0.0,0.0,0.0,0.0,0.0,0.0,0.0,0.0,0.0,0.0,0.0,0.0,0.0,0.0,0.0,0.0,0.0,0.0
10gen,ramp_requirement,4,15,13,0.8,0.08,perfect,independent,0.0,0.0,0,65.0,0.0,0.0,0.0,0.0,0.0,0.0,0.0,0.0,0.0,0.0,0.0,0.0,0.0,0.0,0.0,0.0,0.0,0.0,0.0
10gen,ramp_requirement,4,15,13,0.8,0.16,perfect,independent,0.0,0.0,0,65.0,0.0,0.0,0.0,0.0,0.0,0.0,0.0,0.0,0.0,0.0,0.0,0.0,0.0,0.0,0.0,0.0,0.0,0.0,0.0
10gen,ramp_requirement,4,15,13,0.8,0.24,perfect,independent,0.0,0.0,0,65.0,0.0,0.0,0.0,0.0,0.0,0.0,0.0,0.0,0.0,0.0,0.0,0.0,0.0,0.0,0.0,0.0,0.0,0.0,0.0
10gen,ramp_requirement,4,16,13,0.1,0.0,perfect,independent,0.0,0.0,0,65.0,12492614.434374817,12503062.658196144,3710147.934067129,0.0,-8782466.500307687,503.560820535691,331.11807404165677,1105.6621702483974,342.07815494419447,67.08837048616955,108.0167038585621,0.07291666666666667,0.09722222222222222,65.0,3685.0,0.25972222222222224,0.2798611111111111,1609.2229907840883,673.1962289858512
10gen,ramp_requirement,4,16,13,0.1,0.08,perfect,independent,0.0,0.0,0,65.0,11366928.695400352,11380975.230612922,3710147.934067129,0.0,-7656780.7613332225,469.59019745294506,331.11807404165677,1105.4823668215954,342.07815494419447,340.51940359128764,108.0167038585621,0.1909722222222222,0.09722222222222222,65.0,3685.0,0.2652777777777778,0.2798611111111111,1575.0725642745406,673.1962289858512
10gen,ramp_requirement,4,16,13,0.1,0.16,perfect,independent,0.0,0.0,0,65.0,10689860.95550875,10701601.56002547,3710147.934067129,0.0,-6979713.021441621,403.65388658747776,331.11807404165677,1103.4523700891107,342.07815494419447,724.4721676871552,104.73225313982535,0.3923611111111111,0.10069444444444445,65.0,3685.0,0.26666666666666666,0.2798611111111111,1507.1062566765884,673.1962289858512
10gen,ramp_requirement,4,16,13,0.1,0.24,perfect,independent,0.0,0.0,0,65.0,10463368.032475792,10478039.357011871,3710147.934067129,0.0,-6753220.098408663,348.89110117378516,331.11807404165677,1127.754740592134,342.07815494419447,1851.6149344859882,98.5449041732445,1.0,0.09722222222222222,65.0,3685.0,0.2638888888888889,0.2798611111111111,1476.6458417659192,673.1962289858512
10gen,ramp_requirement,4,16,13,0.2,0.0,perfect,independent,0.0,0.0,0,65.0,4941360.805715129,4948097.617046916,1129649.82689776,0.0,-3811710.978817369,209.99363772604318,165.0497089313829,288.95146771363784,8.733257568321982,45.16779837266097,43.2169842245175,0.04861111111111111,0.05555555555555555,65.0,3530.0,0.11041666666666666,0.11701388888888889,498.945105439681,173.78296649970488
10gen,ramp_requirement,4,16,13,0.2,0.08,perfect,independent,0.0,0.0,0,65.0,4635149.669671342,4647791.922224954,1129649.82689776,0.0,-3505499.842773582,212.91130660387776,165.0497089313829,288.95146771363784,8.733257568321982,260.86396668865234,43.2169842245175,0.1388888888888889,0.05555555555555555,65.0,3530.0,0.11493055555555555,0.11701388888888889,501.8627743175156,173.78296649970488
10gen,ramp_requirement,4,16,13,0.2,0.16,perfect,independent,0.0,0.0,0,65.0,4726495.018448112,4741748.972169638,1129649.82689776,0.0,-3596845.1915503517,205.03867515033403,165.0497089313829,289.47760404908007,8.733257568321982,499.06416179449303,43.2169842245175,0.2222222222222222,0.05555555555555555,65.0,3530.0,0.11527777777777778,0.11701388888888889,494.5162791994141,173.78296649970488
10gen,ramp_requirement,4,16,13,0.2,0.24,perfect,independent,0.0,0.0,0,65.0,4286626.989071613,4310920.4497776255,1129649.82689776,0.0,-3156977.1621738533,177.7234799860668,165.0497089313829,289.47760404908007,8.733257568321982,748.250014565358,43.2169842245175,0.2708333333333333,0.05555555555555555,65.0,3530.0,0.11319444444444444,0.11701388888888889,467.2010840351469,173.78296649970488
10gen,ramp_requirement,4,16,13,0.4,0.0,perfect,independent,0.0,0.0,0,65.0,789808.2696987626,793670.1102370841,55807.49983684183,0.0,-734000.7698619207,138.57653406020327,110.54537428430993,7.864124793059631,0.0,34.2496090430667,4.116314100125874,0.041666666666666664,0.013888888888888888,65.0,3519.5,0.04201388888888889,0.03958333333333333,146.4406588532629,110.54537428430993
10gen,ramp_requirement,4,16,13,0.4,0.08,perfect,independent,0.0,0.0,0,65.0,740387.4651198154,747775.6505534947,55807.49983684183,0.0,-684579.9652829736,124.80549313318363,110.54537428430993,7.864124793059631,0.0,227.07447214063552,4.116314100125874,0.1111111111111111,0.013888888888888888,65.0,3519.5,0.04097222222222222,0.03958333333333333,132.66961792624326,110.54537428430993
10gen,ramp_requirement,4,16,13,0.4,0.16,perfect,independent,0.0,0.0,0,65.0,670228.0915864566,681081.4596684938,55807.49983684183,0.0,-614420.5917496148,113.28743360627655,110.54537428430993,7.864124793059631,0.0,442.7208096417762,4.116314100125874,0.13541666666666666,0.013888888888888888,65.0,3519.5,0.04027777777777778,0.03958333333333333,121.15155839933618,110.54537428430993
10gen,ramp_requirement,4,16,13,0.4,0.24,perfect,independent,0.0,0.0,0,65.0,471905.4098405292,488182.2990009857,55807.49983684183,0.0,-416097.9100036874,110.54537428430993,110.54537428430993,7.864124793059631,0.0,696.057131035137,4.116314100125874,0.22916666666666666,0.013888888888888888,65.0,3519.5,0.03854166666666667,0.03958333333333333,118.40949907736956,110.54537428430993
10gen,ramp_requirement,4,16,13,0.8,0.0,perfect,independent,0.0,0.0,0,65.0,209648.6797529275,210005.32845745108,33721.035650058184,0.0,-175927.64410286932,110.54537428430993,110.54537428430993,0.9518889726857106,0.0,30.222660656876464,0.0,0.03819444444444445,0.003472222222222222,65.0,3515.0,0.010069444444444445,0.009375,111.49726325699564,110.54537428430993
10gen,ramp_requirement,4,16,13,0.8,0.08,perfect,independent,0.0,0.0,0,65.0,209676.15693218028,211696.74315241876,33721.035650058184,0.0,-175955.1212821221,110.54537428430993,110.54537428430993,0.9518889726857106,0.0,206.6960371267562,0.0,0.09722222222222222,0.003472222222222222,65.0,3515.0,0.010069444444444445,0.009375,111.49726325699564,110.54537428430993
10gen,ramp_requirement,4,16,13,0.8,0.16,perfect,independent,0.0,0.0,0,65.0,210619.16967079183,217224.61636027793,33721.035650058184,0.0,-176898.13402073365,110.54537428430993,110.54537428430993,0.9518889726857106,0.0,403.4798322895288,0.0,0.11805555555555555,0.003472222222222222,65.0,3515.0,0.009375,0.009375,111.49726325699564,110.54537428430993
10gen,ramp_requirement,4,16,13,0.8,0.24,perfect,independent,0.0,0.0,0,65.0,210622.1115388861,224753.32611554192,33721.035650058184,0.0,-176901.0758888279,110.54537428430993,110.54537428430993,0.9518889726857106,0.0,630.1118690778644,0.0,0.13541666666666666,0.003472222222222222,65.0,3515.0,0.009722222222222222,0.009375,111.49726325699564,110.54537428430993
10gen,ramp_requirement,4,17,13,0.1,0.0,perfect,independent,0.0,0.0,0,65.0,11549238.726531988,11555478.915073028,3474211.629050868,0.0,-8075027.09748112,17.93730407805299,21.975605106057646,258.2900368911393,23.2057690900176,4.077733520222272,124.07553876004286,0.010416666666666666,0.125,65.0,3685.0,0.26006944444444446,0.32083333333333336,276.2273409691923,45.18137419607525
10gen,ramp_requirement,4,17,13,0.1,0.08,perfect,independent,0.0,0.0,0,65.0,11023858.094329001,11031345.209818423,3474211.629050868,0.0,-7549646.465278134,8.663808491864433,21.975605106057646,258.2900368911393,23.2057690900176,66.18121788785365,124.07553876004286,0.125,0.125,65.0,3685.0,0.2635416666666667,0.32083333333333336,266.95384538300374,45.18137419607525
10gen,ramp_requirement,4,17,13,0.1,0.16,perfect,independent,0.0,0.0,0,65.0,10871582.030755637,10878198.007998973,3474211.629050868,0.0,-7397370.40170477,7.017755331956019,21.975605106057646,255.9401560904454,23.2057690900176,306.75692529033523,124.07553876004286,0.3958333333333333,0.125,65.0,3685.0,0.2673611111111111,0.32083333333333336,262.9579114224014,45.18137419607525
10gen,ramp_requirement,4,17,13,0.1,0.24,perfect,independent,0.0,0.0,0,65.0,9353774.75493278,9375422.952421457,3474211.629050868,0.0,-5879563.125881912,7.017755331956019,21.975605106057646,244.59051169312323,23.2057690900176,1439.9308674839945,119.86684560941512,1.0,0.11458333333333333,65.0,3685.0,0.2642361111111111,0.32083333333333336,251.60826702507924,45.18137419607525
10gen,ramp_requirement,4,17,13,0.2,0.0,perfect,independent,0.0,0.0,0,65.0,6191778.984846018,6197802.224973472,1481363.5429632035,0.0,-4710415.441882815,0.5944916554479202,5.756061383113263,99.13766558922653,0.0,0.0,54.81776542531259,0.0,0.0625,0.0,3530.0,0.10694444444444444,0.10555555555555556,99.73215724467445,5.756061383113263
10gen,ramp_requirement,4,17,13,0.2,0.08,perfect,independent,0.0,0.0,0,65.0,6187715.565465436,6193777.5254128175,1481363.5429632035,0.0,-4706352.022502232,0.5944916554479202,5.756061383113263,99.13766558922653,0.0,0.0,54.81776542531259,0.013888888888888888,0.0625,40.0,3530.0,0.1076388888888889,0.10555555555555556,99.73215724467445,5.756061383113263
10gen,ramp_requirement,4,17,13,0.2,0.16,perfect,independent,0.0,0.0,0,65.0,6079453.8664179975,6086856.225705074,1481363.5429632035,0.0,-4598090.323454794,0.0,5.756061383113263,99.13766558922653,0.0,4.638534158882843,54.81776542531259,0.10416666666666667,0.0625,65.0,3530.0,0.10486111111111111,0.10555555555555556,99.13766558922653,5.756061383113263
10gen,ramp_requirement,4,17,13,0.2,0.24,perfect,independent,0.0,0.0,0,65.0,6079145.587182542,6095955.323487665,1481363.5429632035,0.0,-4597782.044219339,0.0,5.756061383113263,99.13766558922653,0.0,16.160556277824917,54.81776542531259,0.22569444444444445,0.0625,65.0,3530.0,0.10590277777777778,0.10555555555555556,99.13766558922653,5.756061383113263
10gen,ramp_requirement,4,17,13,0.4,0.0,perfect,independent,0.0,0.0,0,65.0,2236382.9811750334,2239200.6383524924,126424.91385424818,0.0,-2109958.067320785,0.0,0.0,38.288136892586564,0.0,0.0,20.839988218838094,0.0,0.017361111111111112,0.0,3520.0,0.04097222222222222,0.03125,38.288136892586564,0.0
10gen,ramp_requirement,4,17,13,0.4,0.08,perfect,independent,0.0,0.0,0,65.0,2236382.9811750334,2239200.6383524924,126424.91385424818,0.0,-2109958.067320785,0.0,0.0,38.288136892586564,0.0,0.0,20.839988218838094,0.0,0.017361111111111112,0.0,3520.0,0.04097222222222222,0.03125,38.288136892586564,0.0
10gen,ramp_requirement,4,17,13,0.4,0.16,perfect,independent,0.0,0.0,0,65.0,2236353.3355166656,2239184.962110361,126424.91385424818,0.0,-2109928.4216624172,0.0,0.0,38.288136892586564,0.0,0.0,20.839988218838094,0.006944444444444444,0.017361111111111112,20.0,3520.0,0.040625,0.03125,38.288136892586564,0.0
10gen,ramp_requirement,4,17,13,0.4,0.24,perfect,independent,0.0,0.0,0,65.0,2236514.8285870855,2241878.315180919,126424.91385424818,0.0,-2110089.914732837,0.0,0.0,38.288136892586564,0.0,3.096031580782816,20.839988218838094,0.09375,0.017361111111111112,65.0,3520.0,0.041666666666666664,0.03125,38.288136892586564,0.0
10gen,ramp_requirement,4,17,13,0.8,0.0,perfect,independent,0.0,0.0,0,65.0,218380.15824715636,218533.78971655032,1034.6939513929392,0.0,-217345.4642957634,0.0,0.0,0.8994645387133033,0.0,0.0,0.0,0.0,0.006944444444444444,0.0,4.5,0.00798611111111111,0.008680555555555556,0.8994645387133033,0.0
10gen,ramp_requirement,4,17,13,0.8,0.08,perfect,independent,0.0,0.0,0,65.0,218380.15824715636,218533.78971655032,1034.6939513929392,0.0,-217345.4642957634,0.0,0.0,0.8994645387133033,0.0,0.0,0.0,0.0,0.006944444444444444,0.0,4.5,0.00798611111111111,0.008680555555555556,0.8994645387133033,0.0
10gen,ramp_requirement,4,17,13,0.8,0.16,perfect,independent,0.0,0.0,0,65.0,218380.15824715636,218533.78971655032,1034.6939513929392,0.0,-217345.4642957634,0.0,0.0,0.8994645387133033,0.0,0.0,0.0,0.0,0.006944444444444444,0.0,4.5,0.00798611111111111,0.008680555555555556,0.8994645387133033,0.0
10gen,ramp_requirement,4,17,13,0.8,0.24,perfect,independent,0.0,0.0,0,65.0,218380.15824715636,218533.78971655032,1034.6939513929392,0.0,-217345.4642957634,0.0,0.0,0.8994645387133033,0.0,0.0,0.0,0.0,0.006944444444444444,0.0,4.5,0.00798611111111111,0.008680555555555556,0.8994645387133033,0.0
10gen,ramp_requirement,4,18,13,0.1,0.0,perfect,independent,0.0,0.0,0,65.0,17073222.573448177,17085073.05058532,4801725.322824853,0.0,-12271497.250623325,238.4832825211916,76.85542358081861,340.3617882976175,52.929241112683016,90.67259111930862,113.58337000919579,0.04513888888888889,0.1423611111111111,65.0,3685.0,0.2482638888888889,0.3072916666666667,578.8450708188091,129.7846646935016
10gen,ramp_requirement,4,18,13,0.1,0.08,perfect,independent,0.0,0.0,0,65.0,16683375.92976683,16692570.697000265,4801725.322824853,0.0,-11881650.606941978,199.04679096547721,76.85542358081861,357.0320000570167,52.929241112683016,257.130819643152,114.90450166347912,0.1423611111111111,0.1423611111111111,65.0,3685.0,0.24930555555555556,0.3072916666666667,556.078791022494,129.7846646935016
10gen,ramp_requirement,4,18,13,0.1,0.16,perfect,independent,0.0,0.0,0,65.0,16328920.554741673,16337973.533304393,4801725.322824853,0.0,-11527195.23191682,138.318203679399,76.85542358081861,362.65916409583383,52.929241112683016,585.8842175808695,112.45362126283888,0.34375,0.1388888888888889,65.0,3685.0,0.26805555555555555,0.3072916666666667,500.97736777523284,129.7846646935016
10gen,ramp_requirement,4,18,13,0.1,0.24,perfect,independent,0.0,0.0,0,65.0,15600205.688780913,15612524.414656652,4801725.322824853,0.0,-10798480.36595606,117.19322108354625,76.85542358081861,353.2298342148714,52.929241112683016,1701.14583065933,111.06848481267593,1.0,0.13541666666666666,65.0,3685.0,0.265625,0.3072916666666667,470.42305529841764,129.7846646935016
10gen,ramp_requirement,4,18,13,0.2,0.0,perfect,independent,0.0,0.0,0,65.0,7899939.655166963,7906218.599188965,1653748.4820135215,0.0,-6246191.173153441,106.74449938092984,47.01114228567258,56.87728227074216,0.0,52.51013840675515,20.437443587872142,0.024305555555555556,0.06944444444444445,65.0,3557.0,0.12291666666666666,0.11527777777777778,163.621781651672,47.01114228567258
10gen,ramp_requirement,4,18,13,0.2,0.08,perfect,independent,0.0,0.0,0,65.0,7647107.213059201,7656893.738906433,1653748.4820135215,0.0,-5993358.731045679,81.8434201123847,47.01114228567258,56.04394893740883,0.0,151.77247227592812,20.437443587872142,0.08680555555555555,0.06944444444444445,65.0,3557.0,0.13090277777777778,0.11527777777777778,137.88736904979353,47.01114228567258
10gen,ramp_requirement,4,18,13,0.2,0.16,perfect,independent,0.0,0.0,0,65.0,7055777.626898146,7066181.096052764,1653748.4820135215,0.0,-5402029.1448846245,47.8629318830818,47.01114228567258,59.79690692558957,0.0,247.79556948386568,20.762294823763327,0.125,0.07291666666666667,65.0,3557.0,0.12638888888888888,0.11527777777777778,107.65983880867137,47.01114228567258
10gen,ramp_requirement,4,18,13,0.2,0.24,perfect,independent,0.0,0.0,0,65.0,7029752.627591344,7047723.3390598325,1653748.4820135215,0.0,-5376004.145577822,40.79340365066639,47.01114228567258,62.042980328443015,0.0,385.6177224451706,20.762294823763327,0.21875,0.07291666666666667,65.0,3557.0,0.1232638888888889,0.11527777777777778,102.8363839791094,47.01114228567258
10gen,ramp_requirement,4,18,13,0.4,0.0,perfect,independent,0.0,0.0,0,65.0,1975242.3434332572,1975932.5827012241,1830.7002802180068,0.0,-1973411.6431530393,58.999571923072054,17.074576613000392,20.0757345766138,0.0,36.23778239229629,0.0,0.010416666666666666,0.006944444444444444,65.0,93.0,0.05173611111111111,0.046875,79.07530649968585,17.074576613000392
10gen,ramp_requirement,4,18,13,0.4,0.08,perfect,independent,0.0,0.0,0,65.0,1739789.1353852833,1744559.6121585004,1830.7002802180068,0.0,-1737958.4351050653,40.8911379172088,17.074576613000392,20.0757345766138,0.0,81.5581614200853,0.0,0.05555555555555555,0.006944444444444444,65.0,93.0,0.04861111111111111,0.046875,60.966872493822606,17.074576613000392
10gen,ramp_requirement,4,18,13,0.4,0.16,perfect,independent,0.0,0.0,0,65.0,1633382.3953276754,1643271.8920198833,1830.7002802180068,0.0,-1631551.6950474575,29.44017131132754,17.074576613000392,20.0757345766138,0.0,180.0297979882992,0.0,0.09375,0.006944444444444444,65.0,93.0,0.05,0.046875,49.515905887941344,17.074576613000392
10gen,ramp_requirement,4,18,13,0.4,0.24,perfect,independent,0.0,0.0,0,65.0,1608338.388100459,1624887.8633047247,1830.7002802180068,0.0,-1606507.687820241,23.34901285141624,17.074576613000392,20.0757345766138,0.0,290.86729753500003,0.0,0.125,0.006944444444444444,65.0,93.0,0.04861111111111111,0.046875,43.424747428030045,17.074576613000392
10gen,ramp_requirement,4,18,13,0.8,0.0,perfect,independent,0.0,0.0,0,65.0,106501.21963202622,107775.04353535804,630.04745375106,0.0,-105871.17217827516,29.55479226910669,17.074576613000392,0.0,0.0,25.127527793883623,0.0,0.006944444444444444,0.0,65.0,10.0,0.011458333333333333,0.010416666666666666,29.55479226910669,17.074576613000392
10gen,ramp_requirement,4,18,13,0.8,0.08,perfect,independent,0.0,0.0,0,65.0,22997.262283345102,26119.880050763815,630.04745375106,0.0,-22367.214829594042,23.30576600965469,17.074576613000392,0.0,0.0,63.15425779663549,0.0,0.03819444444444445,0.0,65.0,10.0,0.010763888888888889,0.010416666666666666,23.30576600965469,17.074576613000392
10gen,ramp_requirement,4,18,13,0.8,0.16,perfect,independent,0.0,0.0,0,65.0,15874.69672670628,20831.320077834855,630.04745375106,0.0,-15244.64927295522,21.24124327966706,17.074576613000392,0.0,0.0,132.7740729507844,0.0,0.04861111111111111,0.0,65.0,10.0,0.010763888888888889,0.010416666666666666,21.24124327966706,17.074576613000392
10gen,ramp_requirement,4,18,13,0.8,0.24,perfect,independent,0.0,0.0,0,65.0,17469.818403797166,33933.26605586763,630.04745375106,0.0,-16839.770950046106,21.24124327966706,17.074576613000392,0.0,0.0,242.5650423872391,0.0,0.09722222222222222,0.0,65.0,10.0,0.010069444444444445,0.010416666666666666,21.24124327966706,17.074576613000392
10gen,ramp_requirement,7,12,13,0.1,0.0,perfect,independent,0.0,0.0,0,65.0,2069023.6426870525,2069168.3837519954,712130.2115723803,0.0,-1356893.4311146722,0.7882932747220744,0.0,9.46908474194322,0.0,0.0,0.3140551138843648,0.0,0.010416666666666666,0.0,3520.0,0.044444444444444446,0.041666666666666664,10.257378016665294,0.0
10gen,ramp_requirement,7,12,13,0.1,0.08,perfect,independent,0.0,0.0,0,65.0,2260919.4598798826,2261030.3467781595,712130.2115723803,0.0,-1548789.2483075024,0.0,0.0,9.46908474194322,0.0,4.568130254477485,0.3140551138843648,0.003472222222222222,0.010416666666666666,65.0,3520.0,0.043402777777777776,0.041666666666666664,9.46908474194322,0.0
10gen,ramp_requirement,7,12,13,0.1,0.16,perfect,independent,0.0,0.0,0,65.0,1843544.687378154,1843355.4859802208,712130.2115723803,0.0,-1131414.4758057736,0.0,0.0,8.93379730170297,0.0,31.333614474641365,0.3140551138843648,0.10416666666666667,0.010416666666666666,65.0,3520.0,0.05347222222222222,0.041666666666666664,8.93379730170297,0.0
10gen,ramp_requirement,7,12,13,0.1,0.24,perfect,independent,0.0,0.0,0,65.0,1830707.147011554,1836585.3968826858,712130.2115723803,0.0,-1118576.9354391738,0.0,0.0,7.74579212958334,0.0,832.3198030287174,0.3140551138843648,1.0,0.006944444444444444,65.0,3520.0,0.04722222222222222,0.041666666666666664,7.74579212958334,0.0
10gen,ramp_requirement,7,12,13,0.2,0.0,perfect,independent,0.0,0.0,0,65.0,253049.3721664314,253049.3721664314,925.2839361475236,0.0,-252124.08823028387,0.0,0.0,0.5220054237924879,0.0,0.0,0.0,0.0,0.0,0.0,11.0,0.010416666666666666,0.009375,0.5220054237924879,0.0
10gen,ramp_requirement,7,12,13,0.2,0.08,perfect,independent,0.0,0.0,0,65.0,253049.3721664314,253049.3721664314,925.2839361475236,0.0,-252124.08823028387,0.0,0.0,0.5220054237924879,0.0,0.0,0.0,0.0,0.0,0.0,11.0,0.010416666666666666,0.009375,0.5220054237924879,0.0
10gen,ramp_requirement,7,12,13,0.2,0.16,perfect,independent,0.0,0.0,0,65.0,253049.3721664314,253049.3721664314,925.2839361475236,0.0,-252124.08823028387,0.0,0.0,0.5220054237924879,0.0,0.0,0.0,0.0,0.0,0.0,11.0,0.010416666666666666,0.009375,0.5220054237924879,0.0
10gen,ramp_requirement,7,12,13,0.2,0.24,perfect,independent,0.0,0.0,0,65.0,252437.8411367833,252365.13280345,925.2839361475236,0.0,-251512.55720063578,0.0,0.0,0.5220054237924879,0.0,1.359796921144157,0.0,0.003472222222222222,0.0,65.0,11.0,0.011111111111111112,0.009375,0.5220054237924879,0.0
10gen,ramp_requirement,7,12,13,0.4,0.0,perfect,independent,0.0,0.0,0,65.0,127.96415273600542,127.96415273600542,92.66399899329826,0.0,-35.30015374270715,0.0,0.0,0.0,0.0,0.0,0.0,0.0,0.0,0.0,4.5,0.001736111111111111,0.001736111111111111,0.0,0.0
10gen,ramp_requirement,7,12,13,0.4,0.08,perfect,independent,0.0,0.0,0,65.0,127.96415273600542,127.96415273600542,92.66399899329826,0.0,-35.30015374270715,0.0,0.0,0.0,0.0,0.0,0.0,0.0,0.0,0.0,4.5,0.001736111111111111,0.001736111111111111,0.0,0.0
10gen,ramp_requirement,7,12,13,0.4,0.16,perfect,independent,0.0,0.0,0,65.0,127.96415273600542,127.96415273600542,92.66399899329826,0.0,-35.30015374270715,0.0,0.0,0.0,0.0,0.0,0.0,0.0,0.0,0.0,4.5,0.001736111111111111,0.001736111111111111,0.0,0.0
10gen,ramp_requirement,7,12,13,0.4,0.24,perfect,independent,0.0,0.0,0,65.0,127.96415273600542,127.96415273600542,92.66399899329826,0.0,-35.30015374270715,0.0,0.0,0.0,0.0,0.0,0.0,0.0,0.0,0.0,4.5,0.001736111111111111,0.001736111111111111,0.0,0.0
10gen,ramp_requirement,7,12,13,0.8,0.0,perfect,independent,0.0,0.0,0,65.0,0.0,0.0,0.0,0.0,0.0,0.0,0.0,0.0,0.0,0.0,0.0,0.0,0.0,0.0,0.0,0.0,0.0,0.0,0.0
10gen,ramp_requirement,7,12,13,0.8,0.08,perfect,independent,0.0,0.0,0,65.0,0.0,0.0,0.0,0.0,0.0,0.0,0.0,0.0,0.0,0.0,0.0,0.0,0.0,0.0,0.0,0.0,0.0,0.0,0.0
10gen,ramp_requirement,7,12,13,0.8,0.16,perfect,independent,0.0,0.0,0,65.0,0.0,0.0,0.0,0.0,0.0,0.0,0.0,0.0,0.0,0.0,0.0,0.0,0.0,0.0,0.0,0.0,0.0,0.0,0.0
10gen,ramp_requirement,7,12,13,0.8,0.24,perfect,independent,0.0,0.0,0,65.0,0.0,0.0,0.0,0.0,0.0,0.0,0.0,0.0,0.0,0.0,0.0,0.0,0.0,0.0,0.0,0.0,0.0,0.0,0.0
10gen,ramp_requirement,7,13,13,0.1,0.0,perfect,independent,0.0,0.0,0,65.0,5460297.52372997,5460647.093492833,2483139.6546702194,0.0,-2977157.8690597503,1.992093201697268,0.0,20.706304797111216,0.7189697763026477,0.0,0.4232246794524504,0.003472222222222222,0.024305555555555556,0.5,3520.0,0.07083333333333333,0.06770833333333333,22.698397998808485,0.7189697763026477
10gen,ramp_requirement,7,13,13,0.1,0.08,perfect,independent,0.0,0.0,0,65.0,5193484.820747286,5193807.012490191,2483139.6546702194,0.0,-2710345.1660770667,0.7189697763026477,0.0,20.706304797111216,0.7189697763026477,6.63272582987554,0.4232246794524504,0.010416666666666666,0.024305555555555556,65.0,3520.0,0.07083333333333333,0.06770833333333333,21.425274573413862,0.7189697763026477
10gen,ramp_requirement,7,13,13,0.1,0.16,perfect,independent,0.0,0.0,0,65.0,5189695.170186374,5190824.537977805,2483139.6546702194,0.0,-2706555.515516155,0.7189697763026477,0.0,20.706304797111216,0.7189697763026477,46.31637329868663,0.4232246794524504,0.1909722222222222,0.024305555555555556,65.0,3520.0,0.08472222222222223,0.06770833333333333,21.425274573413862,0.7189697763026477
10gen,ramp_requirement,7,13,13,0.1,0.24,perfect,independent,0.0,0.0,0,65.0,3931402.806660665,3941948.356083848,2483139.6546702194,0.0,-1448263.1519904458,0.7189697763026477,0.0,18.277341992126527,0.7189697763026477,870.2959352529202,0.4232246794524504,1.0,0.020833333333333332,65.0,3520.0,0.08020833333333334,0.06770833333333333,18.996311768429173,0.7189697763026477
10gen,ramp_requirement,7,13,13,0.2,0.0,perfect,independent,0.0,0.0,0,65.0,1572845.6935445943,1572845.6935445943,2244.5266202013636,0.0,-1570601.166924393,0.0,0.0,6.782896939711482,0.0,0.0,0.0,0.0,0.0,0.0,20.0,0.02048611111111111,0.01597222222222222,6.782896939711482,0.0
10gen,ramp_requirement,7,13,13,0.2,0.08,perfect,independent,0.0,0.0,0,65.0,1572845.6935445943,1572845.6935445943,2244.5266202013636,0.0,-1570601.166924393,0.0,0.0,6.782896939711482,0.0,0.0,0.0,0.0,0.0,0.0,20.0,0.02048611111111111,0.01597222222222222,6.782896939711482,0.0
10gen,ramp_requirement,7,13,13,0.2,0.16,perfect,independent,0.0,0.0,0,65.0,1572845.6935445943,1572845.6935445943,2244.5266202013636,0.0,-1570601.166924393,0.0,0.0,6.782896939711482,0.0,0.0,0.0,0.0,0.0,0.0,20.0,0.02048611111111111,0.01597222222222222,6.782896939711482,0.0
10gen,ramp_requirement,7,13,13,0.2,0.24,perfect,independent,0.0,0.0,0,65.0,1572009.7869968964,1572759.322613555,2244.5266202013636,0.0,-1569765.260376695,0.0,0.0,6.782896939711482,0.0,1.1126939860018865,0.0,0.12152777777777778,0.0,65.0,20.0,0.021527777777777778,0.01597222222222222,6.782896939711482,0.0
10gen,ramp_requirement,7,13,13,0.4,0.0,perfect,independent,0.0,0.0,0,65.0,433870.2904238811,433870.2904238811,989.599426757115,0.0,-432880.69099712395,0.0,0.0,0.2916853311578885,0.0,0.0,0.0,0.0,0.0,0.0,4.5,0.00625,0.004861111111111111,0.2916853311578885,0.0
10gen,ramp_requirement,7,13,13,0.4,0.08,perfect,independent,0.0,0.0,0,65.0,433870.2904238811,433870.2904238811,989.599426757115,0.0,-432880.69099712395,0.0,0.0,0.2916853311578885,0.0,0.0,0.0,0.0,0.0,0.0,4.5,0.00625,0.004861111111111111,0.2916853311578885,0.0
10gen,ramp_requirement,7,13,13,0.4,0.16,perfect,independent,0.0,0.0,0,65.0,433870.2904238811,433870.2904238811,989.599426757115,0.0,-432880.69099712395,0.0,0.0,0.2916853311578885,0.0,0.0,0.0,0.0,0.0,0.0,4.5,0.00625,0.004861111111111111,0.2916853311578885,0.0
10gen,ramp_requirement,7,13,13,0.4,0.24,perfect,independent,0.0,0.0,0,65.0,433870.2904238811,433870.2904238811,989.599426757115,0.0,-432880.69099712395,0.0,0.0,0.2916853311578885,0.0,0.0,0.0,0.0,0.0,0.0,4.5,0.00625,0.004861111111111111,0.2916853311578885,0.0
10gen,ramp_requirement,7,13,13,0.8,0.0,perfect,independent,0.0,0.0,0,65.0,0.0,0.0,0.0,0.0,0.0,0.0,0.0,0.0,0.0,0.0,0.0,0.0,0.0,0.0,0.0,0.0,0.0,0.0,0.0
10gen,ramp_requirement,7,13,13,0.8,0.08,perfect,independent,0.0,0.0,0,65.0,0.0,0.0,0.0,0.0,0.0,0.0,0.0,0.0,0.0,0.0,0.0,0.0,0.0,0.0,0.0,0.0,0.0,0.0,0.0
10gen,ramp_requirement,7,13,13,0.8,0.16,perfect,independent,0.0,0.0,0,65.0,0.0,0.0,0.0,0.0,0.0,0.0,0.0,0.0,0.0,0.0,0.0,0.0,0.0,0.0,0.0,0.0,0.0,0.0,0.0
10gen,ramp_requirement,7,13,13,0.8,0.24,perfect,independent,0.0,0.0,0,65.0,0.0,0.0,0.0,0.0,0.0,0.0,0.0,0.0,0.0,0.0,0.0,0.0,0.0,0.0,0.0,0.0,0.0,0.0,0.0
10gen,ramp_requirement,7,14,13,0.1,0.0,perfect,independent,0.0,0.0,0,65.0,4663525.676131392,4663924.427833487,2640170.3356363103,0.0,-2023355.3404950816,0.5836743150071584,0.0,17.814609933293838,0.0,0.0,5.803036956081304,0.0,0.013888888888888888,0.0,3520.0,0.052083333333333336,0.04791666666666667,18.398284248300996,0.0
10gen,ramp_requirement,7,14,13,0.1,0.08,perfect,independent,0.0,0.0,0,65.0,4575805.66359816,4576207.006261088,2640170.3356363103,0.0,-1935635.32796185,0.0,0.0,17.814609933293838,0.0,1.6469698626647755,5.803036956081304,0.020833333333333332,0.013888888888888888,65.0,3520.0,0.04756944444444444,0.04791666666666667,17.814609933293838,0.0
10gen,ramp_requirement,7,14,13,0.1,0.16,perfect,independent,0.0,0.0,0,65.0,4567745.609286864,4570123.1191075565,2640170.3356363103,0.0,-1927575.273650554,0.0,0.0,17.867962998352965,0.0,29.18832559201892,5.803036956081304,0.1840277777777778,0.013888888888888888,65.0,3520.0,0.05694444444444444,0.04791666666666667,17.867962998352965,0.0
10gen,ramp_requirement,7,14,13,0.1,0.24,perfect,independent,0.0,0.0,0,65.0,4035427.323977138,4047011.086085014,2640170.3356363103,0.0,-1395256.9883408276,0.0,0.0,17.66531007510837,0.0,810.1181542083305,4.303672584342175,1.0,0.010416666666666666,65.0,3520.0,0.065625,0.04791666666666667,17.66531007510837,0.0
10gen,ramp_requirement,7,14,13,0.2,0.0,perfect,independent,0.0,0.0,0,65.0,700194.9976178175,700220.0649835534,284.3545750240495,0.0,-699910.6430427934,0.0,0.0,3.5028345102881624,0.0,0.0,0.0,0.0,0.003472222222222222,0.0,18.0,0.00798611111111111,0.006597222222222222,3.5028345102881624,0.0
10gen,ramp_requirement,7,14,13,0.2,0.08,perfect,independent,0.0,0.0,0,65.0,700194.9976178175,700220.0649835534,284.3545750240495,0.0,-699910.6430427934,0.0,0.0,3.5028345102881624,0.0,0.0,0.0,0.0,0.003472222222222222,0.0,18.0,0.00798611111111111,0.006597222222222222,3.5028345102881624,0.0
10gen,ramp_requirement,7,14,13,0.2,0.16,perfect,independent,0.0,0.0,0,65.0,700253.3309511507,700284.7051633497,284.3545750240495,0.0,-699968.9763761266,0.0,0.0,3.5028345102881624,0.0,0.0,0.0,0.003472222222222222,0.003472222222222222,10.0,18.0,0.00798611111111111,0.006597222222222222,3.5028345102881624,0.0
10gen,ramp_requirement,7,14,13,0.2,0.24,perfect,independent,0.0,0.0,0,65.0,699802.5764817146,703213.7568969871,284.3545750240495,0.0,-699518.2219066905,0.0,0.0,3.5028345102881624,0.0,0.0,0.0,0.13194444444444445,0.003472222222222222,35.0,18.0,0.008333333333333333,0.006597222222222222,3.5028345102881624,0.0
10gen,ramp_requirement,7,14,13,0.4,0.0,perfect,independent,0.0,0.0,0,65.0,650.6472739193493,650.6472739193493,459.65000590103944,0.0,-190.9972680183099,0.0,0.0,0.0,0.0,0.0,0.0,0.0,0.0,0.0,10.0,0.001388888888888889,0.001388888888888889,0.0,0.0
10gen,ramp_requirement,7,14,13,0.4,0.08,perfect,independent,0.0,0.0,0,65.0,650.6472739193493,650.6472739193493,459.65000590103944,0.0,-190.9972680183099,0.0,0.0,0.0,0.0,0.0,0.0,0.0,0.0,0.0,10.0,0.001388888888888889,0.001388888888888889,0.0,0.0
10gen,ramp_requirement,7,14,13,0.4,0.16,perfect,independent,0.0,0.0,0,65.0,650.6472739193493,650.6472739193493,459.65000590103944,0.0,-190.9972680183099,0.0,0.0,0.0,0.0,0.0,0.0,0.0,0.0,0.0,10.0,0.001388888888888889,0.001388888888888889,0.0,0.0
10gen,ramp_requirement,7,14,13,0.4,0.24,perfect,independent,0.0,0.0,0,65.0,650.6472739193493,650.6472739193493,459.65000590103944,0.0,-190.9972680183099,0.0,0.0,0.0,0.0,0.0,0.0,0.0,0.0,0.0,10.0,0.001388888888888889,0.001388888888888889,0.0,0.0
10gen,ramp_requirement,7,14,13,0.8,0.0,perfect,independent,0.0,0.0,0,65.0,0.0,0.0,0.0,0.0,0.0,0.0,0.0,0.0,0.0,0.0,0.0,0.0,0.0,0.0,0.0,0.0,0.0,0.0,0.0
10gen,ramp_requirement,7,14,13,0.8,0.08,perfect,independent,0.0,0.0,0,65.0,0.0,0.0,0.0,0.0,0.0,0.0,0.0,0.0,0.0,0.0,0.0,0.0,0.0,0.0,0.0,0.0,0.0,0.0,0.0
10gen,ramp_requirement,7,14,13,0.8,0.16,perfect,independent,0.0,0.0,0,65.0,0.0,0.0,0.0,0.0,0.0,0.0,0.0,0.0,0.0,0.0,0.0,0.0,0.0,0.0,0.0,0.0,0.0,0.0,0.0
10gen,ramp_requirement,7,14,13,0.8,0.24,perfect,independent,0.0,0.0,0,65.0,0.0,0.0,0.0,0.0,0.0,0.0,0.0,0.0,0.0,0.0,0.0,0.0,0.0,0.0,0.0,0.0,0.0,0.0,0.0
10gen,ramp_requirement,7,15,13,0.1,0.0,perfect,independent,0.0,0.0,0,65.0,5812579.097467393,5814968.679371896,2672651.4068190595,0.0,-3139927.690648333,0.0,0.0,30.531636006020427,0.0,0.0,14.124460701270312,0.0,0.03819444444444445,0.0,3520.0,0.06631944444444444,0.06909722222222223,30.531636006020427,0.0
10gen,ramp_requirement,7,15,13,0.1,0.08,perfect,independent,0.0,0.0,0,65.0,5819624.573566557,5821858.615991066,2672651.4068190595,0.0,-3146973.1667474974,0.0,0.0,30.531636006020427,0.0,4.3161403740800965,14.124460701270312,0.017361111111111112,0.03819444444444445,65.0,3520.0,0.06701388888888889,0.06909722222222223,30.531636006020427,0.0
10gen,ramp_requirement,7,15,13,0.1,0.16,perfect,independent,0.0,0.0,0,65.0,5809869.718403416,5811110.636616954,2672651.4068190595,0.0,-3137218.3115843562,0.0,0.0,29.53563342759105,0.0,50.36832821369242,14.124460701270312,0.1701388888888889,0.03819444444444445,65.0,3520.0,0.08020833333333334,0.06909722222222223,29.53563342759105,0.0
10gen,ramp_requirement,7,15,13,0.1,0.24,perfect,independent,0.0,0.0,0,65.0,3776665.7257553632,3781071.974945778,2672651.4068190595,0.0,-1104014.3189363037,0.0,0.0,25.56391573167794,0.0,896.4392880973865,11.168192528021763,1.0,0.024305555555555556,65.0,3520.0,0.07083333333333333,0.06909722222222223,25.56391573167794,0.0
10gen,ramp_requirement,7,15,13,0.2,0.0,perfect,independent,0.0,0.0,0,65.0,1383810.4965002455,1383894.5657752447,652.1700760650297,0.0,-1383158.3264241805,0.0,0.0,6.160605423544088,0.0,0.0,0.0,0.0,0.010416666666666666,0.0,18.0,0.016666666666666666,0.012847222222222222,6.160605423544088,0.0
10gen,ramp_requirement,7,15,13,0.2,0.08,perfect,independent,0.0,0.0,0,65.0,1383810.4965002455,1383894.5657752447,652.1700760650297,0.0,-1383158.3264241805,0.0,0.0,6.160605423544088,0.0,0.0,0.0,0.0,0.010416666666666666,0.0,18.0,0.016666666666666666,0.012847222222222222,6.160605423544088,0.0
10gen,ramp_requirement,7,15,13,0.2,0.16,perfect,independent,0.0,0.0,0,65.0,1383810.4965002455,1383894.5657752447,652.1700760650297,0.0,-1383158.3264241805,0.0,0.0,6.160605423544088,0.0,0.0,0.0,0.0,0.010416666666666666,0.0,18.0,0.016666666666666666,0.012847222222222222,6.160605423544088,0.0
10gen,ramp_requirement,7,15,13,0.2,0.24,perfect,independent,0.0,0.0,0,65.0,1383368.341869066,1384029.281300327,652.1700760650297,0.0,-1382716.171793001,0.0,0.0,6.160605423544088,0.0,0.0,0.0,0.03125,0.010416666666666666,30.0,18.0,0.017361111111111112,0.012847222222222222,6.160605423544088,0.0
10gen,ramp_requirement,7,15,13,0.4,0.0,perfect,independent,0.0,0.0,0,65.0,241146.22898547837,241146.22898547837,737.9707876152024,0.0,-240408.25819786318,0.0,0.0,0.04497404290918894,0.0,0.0,0.0,0.0,0.0,0.0,4.5,0.0038194444444444443,0.0024305555555555556,0.04497404290918894,0.0
10gen,ramp_requirement,7,15,13,0.4,0.08,perfect,independent,0.0,0.0,0,65.0,241146.22898547837,241146.22898547837,737.9707876152024,0.0,-240408.25819786318,0.0,0.0,0.04497404290918894,0.0,0.0,0.0,0.0,0.0,0.0,4.5,0.0038194444444444443,0.0024305555555555556,0.04497404290918894,0.0
10gen,ramp_requirement,7,15,13,0.4,0.16,perfect,independent,0.0,0.0,0,65.0,241146.22898547837,241146.22898547837,737.9707876152024,0.0,-240408.25819786318,0.0,0.0,0.04497404290918894,0.0,0.0,0.0,0.0,0.0,0.0,4.5,0.0038194444444444443,0.0024305555555555556,0.04497404290918894,0.0
10gen,ramp_requirement,7,15,13,0.4,0.24,perfect,independent,0.0,0.0,0,65.0,241146.22898547837,241146.22898547837,737.9707876152024,0.0,-240408.25819786318,0.0,0.0,0.04497404290918894,0.0,0.0,0.0,0.0,0.0,0.0,4.5,0.0038194444444444443,0.0024305555555555556,0.04497404290918894,0.0
10gen,ramp_requirement,7,15,13,0.8,0.0,perfect,independent,0.0,0.0,0,65.0,0.0,0.0,0.0,0.0,0.0,0.0,0.0,0.0,0.0,0.0,0.0,0.0,0.0,0.0,0.0,0.0,0.0,0.0,0.0
10gen,ramp_requirement,7,15,13,0.8,0.08,perfect,independent,0.0,0.0,0,65.0,0.0,0.0,0.0,0.0,0.0,0.0,0.0,0.0,0.0,0.0,0.0,0.0,0.0,0.0,0.0,0.0,0.0,0.0,0.0
10gen,ramp_requirement,7,15,13,0.8,0.16,perfect,independent,0.0,0.0,0,65.0,0.0,0.0,0.0,0.0,0.0,0.0,0.0,0.0,0.0,0.0,0.0,0.0,0.0,0.0,0.0,0.0,0.0,0.0,0.0
10gen,ramp_requirement,7,15,13,0.8,0.24,perfect,independent,0.0,0.0,0,65.0,0.0,0.0,0.0,0.0,0.0,0.0,0.0,0.0,0.0,0.0,0.0,0.0,0.0,0.0,0.0,0.0,0.0,0.0,0.0
10gen,ramp_requirement,7,16,13,0.1,0.0,perfect,independent,0.0,0.0,0,65.0,1764987.4265821872,1764988.0660643193,743971.0069700485,0.0,-1021016.4196121386,0.0,0.0,5.253918934651779,0.0,0.0,0.0,0.0,0.003472222222222222,0.0,3520.0,0.07013888888888889,0.07118055555555555,5.253918934651779,0.0
10gen,ramp_requirement,7,16,13,0.1,0.08,perfect,independent,0.0,0.0,0,65.0,1775798.910853634,1775752.3030890971,743971.0069700485,0.0,-1031827.9038835854,0.0,0.0,5.253918934651779,0.0,1.599245249771608,0.0,0.06944444444444445,0.003472222222222222,65.0,3520.0,0.06840277777777778,0.07118055555555555,5.253918934651779,0.0
10gen,ramp_requirement,7,16,13,0.1,0.16,perfect,independent,0.0,0.0,0,65.0,1752535.0577488246,1759651.9616118104,743971.0069700485,0.0,-1008564.050778776,0.0,0.0,5.253918934651779,0.0,32.039437399900265,0.0,0.3159722222222222,0.003472222222222222,65.0,3520.0,0.09756944444444444,0.07118055555555555,5.253918934651779,0.0
10gen,ramp_requirement,7,16,13,0.1,0.24,perfect,independent,0.0,0.0,0,65.0,1735500.5803676408,1753778.1798597267,743971.0069700485,0.0,-991529.5733975923,0.0,0.0,5.2041750482175075,0.0,916.0264303886579,0.0,1.0,0.003472222222222222,65.0,3520.0,0.09479166666666666,0.07118055555555555,5.2041750482175075,0.0
10gen,ramp_requirement,7,16,13,0.2,0.0,perfect,independent,0.0,0.0,0,65.0,182356.41324675255,182356.41324675255,934.0066341185702,0.0,-181422.406612634,0.0,0.0,0.03204947961555149,0.0,0.0,0.0,0.0,0.0,0.0,18.0,0.01423611111111111,0.013888888888888888,0.03204947961555149,0.0
10gen,ramp_requirement,7,16,13,0.2,0.08,perfect,independent,0.0,0.0,0,65.0,182356.41324675255,182356.41324675255,934.0066341185702,0.0,-181422.406612634,0.0,0.0,0.03204947961555149,0.0,0.0,0.0,0.0,0.0,0.0,18.0,0.01423611111111111,0.013888888888888888,0.03204947961555149,0.0
10gen,ramp_requirement,7,16,13,0.2,0.16,perfect,independent,0.0,0.0,0,65.0,182368.86967146437,183017.06964552114,934.0066341185702,0.0,-181434.8630373458,0.0,0.0,0.03204947961555149,0.0,0.0,0.0,0.09027777777777778,0.0,30.0,18.0,0.01423611111111111,0.013888888888888888,0.03204947961555149,0.0
10gen,ramp_requirement,7,16,13,0.2,0.24,perfect,independent,0.0,0.0,0,65.0,182431.1906702731,193204.22234869312,934.0066341185702,0.0,-181497.18403615453,0.0,0.0,0.03204947961555149,0.0,0.0,0.0,0.2638888888888889,0.0,40.0,18.0,0.015277777777777777,0.013888888888888888,0.03204947961555149,0.0
10gen,ramp_requirement,7,16,13,0.4,0.0,perfect,independent,0.0,0.0,0,65.0,15.073732185235713,15.073732185235713,0.0,0.0,-15.073732185235713,0.0,0.0,0.0,0.0,0.0,0.0,0.0,0.0,0.0,0.5,0.00034722222222222224,0.00034722222222222224,0.0,0.0
10gen,ramp_requirement,7,16,13,0.4,0.08,perfect,independent,0.0,0.0,0,65.0,15.073732185235713,15.073732185235713,0.0,0.0,-15.073732185235713,0.0,0.0,0.0,0.0,0.0,0.0,0.0,0.0,0.0,0.5,0.00034722222222222224,0.00034722222222222224,0.0,0.0
10gen,ramp_requirement,7,16,13,0.4,0.16,perfect,independent,0.0,0.0,0,65.0,15.073732185235713,15.073732185235713,0.0,0.0,-15.073732185235713,0.0,0.0,0.0,0.0,0.0,0.0,0.0,0.0,0.0,0.5,0.00034722222222222224,0.00034722222222222224,0.0,0.0
10gen,ramp_requirement,7,16,13,0.4,0.24,perfect,independent,0.0,0.0,0,65.0,15.073732185235713,51.9301332646329,0.0,0.0,-15.073732185235713,0.0,0.0,0.0,0.0,0.0,0.0,0.0625,0.0,20.0,0.5,0.00034722222222222224,0.00034722222222222224,0.0,0.0
10gen,ramp_requirement,7,16,13,0.8,0.0,perfect,independent,0.0,0.0,0,65.0,0.0,0.0,0.0,0.0,0.0,0.0,0.0,0.0,0.0,0.0,0.0,0.0,0.0,0.0,0.0,0.0,0.0,0.0,0.0
10gen,ramp_requirement,7,16,13,0.8,0.08,perfect,independent,0.0,0.0,0,65.0,0.0,0.0,0.0,0.0,0.0,0.0,0.0,0.0,0.0,0.0,0.0,0.0,0.0,0.0,0.0,0.0,0.0,0.0,0.0
10gen,ramp_requirement,7,16,13,0.8,0.16,perfect,independent,0.0,0.0,0,65.0,0.0,0.0,0.0,0.0,0.0,0.0,0.0,0.0,0.0,0.0,0.0,0.0,0.0,0.0,0.0,0.0,0.0,0.0,0.0
10gen,ramp_requirement,7,16,13,0.8,0.24,perfect,independent,0.0,0.0,0,65.0,0.0,0.0,0.0,0.0,0.0,0.0,0.0,0.0,0.0,0.0,0.0,0.0,0.0,0.0,0.0,0.0,0.0,0.0,0.0
10gen,ramp_requirement,7,17,13,0.1,0.0,perfect,independent,0.0,0.0,0,65.0,1988030.9594648033,1988030.9594648033,1534.8571269574504,0.0,-1986496.1023378458,0.058201120195955504,0.0,2.4859394320645167,0.0,0.0,0.0,0.0,0.0,0.0,57.0,0.024305555555555556,0.019791666666666666,2.544140552260472,0.0
10gen,ramp_requirement,7,17,13,0.1,0.08,perfect,independent,0.0,0.0,0,65.0,1695840.462748264,1695854.576851116,1534.8571269574504,0.0,-1694305.6056213065,0.0,0.0,2.4859394320645167,0.0,0.0,0.0,0.003472222222222222,0.0,5.0,57.0,0.022222222222222223,0.019791666666666666,2.4859394320645167,0.0
10gen,ramp_requirement,7,17,13,0.1,0.16,perfect,independent,0.0,0.0,0,65.0,1695728.2573941601,1696688.0584043418,1534.8571269574504,0.0,-1694193.4002672026,0.0,0.0,2.4859394320645167,0.0,17.45877532342003,0.0,0.10069444444444445,0.003472222222222222,65.0,57.0,0.025,0.019791666666666666,2.4859394320645167,0.0
10gen,ramp_requirement,7,17,13,0.1,0.24,perfect,independent,0.0,0.0,0,65.0,1137199.2459592468,1143378.400386434,1534.8571269574504,0.0,-1135664.3888322893,0.0,0.0,1.819255679474736,0.0,739.3973832686886,0.0,1.0,0.0,65.0,57.0,0.021527777777777778,0.019791666666666666,1.819255679474736,0.0
10gen,ramp_requirement,7,17,13,0.2,0.0,perfect,independent,0.0,0.0,0,65.0,1475.4380186308817,1475.4380186308817,991.6897763101254,0.0,-483.7482423207564,0.0,0.0,0.0,0.0,0.0,0.0,0.0,0.0,0.0,5.0,0.0045138888888888885,0.004861111111111111,0.0,0.0
10gen,ramp_requirement,7,17,13,0.2,0.08,perfect,independent,0.0,0.0,0,65.0,1475.4380186308817,1475.4380186308817,991.6897763101254,0.0,-483.7482423207564,0.0,0.0,0.0,0.0,0.0,0.0,0.0,0.0,0.0,5.0,0.0045138888888888885,0.004861111111111111,0.0,0.0
10gen,ramp_requirement,7,17,13,0.2,0.16,perfect,independent,0.0,0.0,0,65.0,1475.4380186308817,1475.4380186308817,991.6897763101254,0.0,-483.7482423207564,0.0,0.0,0.0,0.0,0.0,0.0,0.0,0.0,0.0,5.0,0.0045138888888888885,0.004861111111111111,0.0,0.0
10gen,ramp_requirement,7,17,13,0.2,0.24,perfect,independent,0.0,0.0,0,65.0,1475.438018630939,1648.9799399332478,991.6897763101254,0.0,-483.7482423208137,0.0,0.0,0.0,0.0,0.0,0.0,0.041666666666666664,0.0,10.0,5.0,0.0045138888888888885,0.004861111111111111,0.0,0.0
10gen,ramp_requirement,7,17,13,0.4,0.0,perfect,independent,0.0,0.0,0,65.0,4.96542291986043,4.96542291986043,0.0,0.0,-4.96542291986043,0.0,0.0,0.0,0.0,0.0,0.0,0.0,0.0,0.0,1.0,0.0006944444444444445,0.0006944444444444445,0.0,0.0
10gen,ramp_requirement,7,17,13,0.4,0.08,perfect,independent,0.0,0.0,0,65.0,4.96542291986043,4.96542291986043,0.0,0.0,-4.96542291986043,0.0,0.0,0.0,0.0,0.0,0.0,0.0,0.0,0.0,1.0,0.0006944444444444445,0.0006944444444444445,0.0,0.0
10gen,ramp_requirement,7,17,13,0.4,0.16,perfect,independent,0.0,0.0,0,65.0,4.96542291986043,4.96542291986043,0.0,0.0,-4.96542291986043,0.0,0.0,0.0,0.0,0.0,0.0,0.0,0.0,0.0,1.0,0.0006944444444444445,0.0006944444444444445,0.0,0.0
10gen,ramp_requirement,7,17,13,0.4,0.24,perfect,independent,0.0,0.0,0,65.0,4.96542291986043,4.96542291986043,0.0,0.0,-4.96542291986043,0.0,0.0,0.0,0.0,0.0,0.0,0.0,0.0,0.0,1.0,0.0006944444444444445,0.0006944444444444445,0.0,0.0
10gen,ramp_requirement,7,17,13,0.8,0.0,perfect,independent,0.0,0.0,0,65.0,1.6493781265908183,1.6493781265908183,0.0,0.0,-1.6493781265908183,0.0,0.0,0.0,0.0,0.0,0.0,0.0,0.0,0.0,0.5,0.00034722222222222224,0.00034722222222222224,0.0,0.0
10gen,ramp_requirement,7,17,13,0.8,0.08,perfect,independent,0.0,0.0,0,65.0,1.6493781265908183,1.6493781265908183,0.0,0.0,-1.6493781265908183,0.0,0.0,0.0,0.0,0.0,0.0,0.0,0.0,0.0,0.5,0.00034722222222222224,0.00034722222222222224,0.0,0.0
10gen,ramp_requirement,7,17,13,0.8,0.16,perfect,independent,0.0,0.0,0,65.0,1.6493781265908183,1.6493781265908183,0.0,0.0,-1.6493781265908183,0.0,0.0,0.0,0.0,0.0,0.0,0.0,0.0,0.0,0.5,0.00034722222222222224,0.00034722222222222224,0.0,0.0
10gen,ramp_requirement,7,17,13,0.8,0.24,perfect,independent,0.0,0.0,0,65.0,1.6493781265908183,1.6493781265908183,0.0,0.0,-1.6493781265908183,0.0,0.0,0.0,0.0,0.0,0.0,0.0,0.0,0.0,0.5,0.00034722222222222224,0.00034722222222222224,0.0,0.0
10gen,ramp_requirement,7,18,13,0.1,0.0,perfect,independent,0.0,0.0,0,65.0,891.7520926887228,891.7520926887228,345.33439453170377,0.0,-546.417698157019,0.0,0.0,0.0,0.0,0.0,0.0,0.0,0.0,0.0,4.5,0.001736111111111111,0.0020833333333333333,0.0,0.0
10gen,ramp_requirement,7,18,13,0.1,0.08,perfect,independent,0.0,0.0,0,65.0,891.7520926887228,891.7520926887228,345.33439453170377,0.0,-546.417698157019,0.0,0.0,0.0,0.0,0.0,0.0,0.0,0.0,0.0,4.5,0.001736111111111111,0.0020833333333333333,0.0,0.0
10gen,ramp_requirement,7,18,13,0.1,0.16,perfect,independent,0.0,0.0,0,65.0,891.7520926887228,891.7520926887228,345.33439453170377,0.0,-546.417698157019,0.0,0.0,0.0,0.0,0.0,0.0,0.0,0.0,0.0,4.5,0.001736111111111111,0.0020833333333333333,0.0,0.0
10gen,ramp_requirement,7,18,13,0.1,0.24,perfect,independent,0.0,0.0,0,65.0,181.6767449268882,4121.051744926555,345.33439453170377,0.0,163.65764960481556,0.0,0.0,0.0,0.0,697.3921916758566,0.0,1.0,0.0,65.0,4.5,0.0024305555555555556,0.0020833333333333333,0.0,0.0
10gen,ramp_requirement,7,18,13,0.2,0.0,perfect,independent,0.0,0.0,0,65.0,0.0,0.0,0.0,0.0,0.0,0.0,0.0,0.0,0.0,0.0,0.0,0.0,0.0,0.0,0.0,0.0,0.0,0.0,0.0
10gen,ramp_requirement,7,18,13,0.2,0.08,perfect,independent,0.0,0.0,0,65.0,0.0,0.0,0.0,0.0,0.0,0.0,0.0,0.0,0.0,0.0,0.0,0.0,0.0,0.0,0.0,0.0,0.0,0.0,0.0
10gen,ramp_requirement,7,18,13,0.2,0.16,perfect,independent,0.0,0.0,0,65.0,0.0,0.0,0.0,0.0,0.0,0.0,0.0,0.0,0.0,0.0,0.0,0.0,0.0,0.0,0.0,0.0,0.0,0.0,0.0
10gen,ramp_requirement,7,18,13,0.2,0.24,perfect,independent,0.0,0.0,0,65.0,0.0,0.0,0.0,0.0,0.0,0.0,0.0,0.0,0.0,0.0,0.0,0.0,0.0,0.0,0.0,0.0,0.0,0.0,0.0
10gen,ramp_requirement,7,18,13,0.4,0.0,perfect,independent,0.0,0.0,0,65.0,0.0,0.0,0.0,0.0,0.0,0.0,0.0,0.0,0.0,0.0,0.0,0.0,0.0,0.0,0.0,0.0,0.0,0.0,0.0
10gen,ramp_requirement,7,18,13,0.4,0.08,perfect,independent,0.0,0.0,0,65.0,0.0,0.0,0.0,0.0,0.0,0.0,0.0,0.0,0.0,0.0,0.0,0.0,0.0,0.0,0.0,0.0,0.0,0.0,0.0
10gen,ramp_requirement,7,18,13,0.4,0.16,perfect,independent,0.0,0.0,0,65.0,0.0,0.0,0.0,0.0,0.0,0.0,0.0,0.0,0.0,0.0,0.0,0.0,0.0,0.0,0.0,0.0,0.0,0.0,0.0
10gen,ramp_requirement,7,18,13,0.4,0.24,perfect,independent,0.0,0.0,0,65.0,0.0,0.0,0.0,0.0,0.0,0.0,0.0,0.0,0.0,0.0,0.0,0.0,0.0,0.0,0.0,0.0,0.0,0.0,0.0
10gen,ramp_requirement,7,18,13,0.8,0.0,perfect,independent,0.0,0.0,0,65.0,0.0,0.0,0.0,0.0,0.0,0.0,0.0,0.0,0.0,0.0,0.0,0.0,0.0,0.0,0.0,0.0,0.0,0.0,0.0
10gen,ramp_requirement,7,18,13,0.8,0.08,perfect,independent,0.0,0.0,0,65.0,0.0,0.0,0.0,0.0,0.0,0.0,0.0,0.0,0.0,0.0,0.0,0.0,0.0,0.0,0.0,0.0,0.0,0.0,0.0
10gen,ramp_requirement,7,18,13,0.8,0.16,perfect,independent,0.0,0.0,0,65.0,0.0,0.0,0.0,0.0,0.0,0.0,0.0,0.0,0.0,0.0,0.0,0.0,0.0,0.0,0.0,0.0,0.0,0.0,0.0
10gen,ramp_requirement,7,18,13,0.8,0.24,perfect,independent,0.0,0.0,0,65.0,0.0,0.0,0.0,0.0,0.0,0.0,0.0,0.0,0.0,0.0,0.0,0.0,0.0,0.0,0.0,0.0,0.0,0.0,0.0
10gen,ramp_requirement,10,12,13,0.1,0.0,perfect,independent,0.0,0.0,0,65.0,8765630.14242166,8772406.51024059,4608068.575155293,0.0,-4157561.5672663664,8.12748694288723,0.0,726.2893884343739,502.59049988117704,7.845869980615778,60.30196932805882,0.006944444444444444,0.10069444444444445,65.0,3520.0,0.15729166666666666,0.1579861111111111,734.4168753772611,502.59049988117704
10gen,ramp_requirement,10,12,13,0.1,0.08,perfect,independent,0.0,0.0,0,65.0,8436152.547239946,8448133.00591029,4608068.575155293,0.0,-3828083.9720846536,5.616652511012717,0.0,726.2893884343739,502.59049988117704,59.7544535426861,60.30196932805882,0.125,0.10069444444444445,65.0,3520.0,0.15694444444444444,0.1579861111111111,731.9060409453866,502.59049988117704
10gen,ramp_requirement,10,12,13,0.1,0.16,perfect,independent,0.0,0.0,0,65.0,7795527.755377112,7817874.24228008,4608068.575155293,0.0,-3187459.1802218193,5.616652511012717,0.0,747.3997029176941,502.59049988117704,311.970528956552,60.64344492997543,0.5416666666666666,0.09027777777777778,65.0,3520.0,0.16493055555555555,0.1579861111111111,753.0163554287068,502.59049988117704
10gen,ramp_requirement,10,12,13,0.1,0.24,perfect,independent,0.0,0.0,0,65.0,7174728.875093422,7212093.024667299,4608068.575155293,0.0,-2566660.2999381293,5.616652511012717,0.0,745.9025385557127,502.59049988117704,1221.6840422337705,59.82979835331332,1.0,0.08333333333333333,65.0,3520.0,0.17118055555555556,0.1579861111111111,751.5191910667254,502.59049988117704
10gen,ramp_requirement,10,12,13,0.2,0.0,perfect,independent,0.0,0.0,0,65.0,1247255.1020833077,1249945.8831291678,441866.60224547575,0.0,-805388.499837832,0.0,0.0,23.688280028639856,0.0,0.0,11.688802377792431,0.0,0.027777777777777776,0.0,3519.5,0.04236111111111111,0.044097222222222225,23.688280028639856,0.0
10gen,ramp_requirement,10,12,13,0.2,0.08,perfect,independent,0.0,0.0,0,65.0,1247167.7968718698,1249865.5461639788,441866.60224547575,0.0,-805301.1946263941,0.0,0.0,23.688280028639856,0.0,0.0,11.688802377792431,0.006944444444444444,0.027777777777777776,7.0,3519.5,0.04201388888888889,0.044097222222222225,23.688280028639856,0.0
10gen,ramp_requirement,10,12,13,0.2,0.16,perfect,independent,0.0,0.0,0,65.0,1247361.4728631293,1252439.5456805394,441866.60224547575,0.0,-805494.8706176536,0.0,0.0,23.688280028639856,0.0,0.0,11.688802377792431,0.2048611111111111,0.027777777777777776,40.0,3519.5,0.043055555555555555,0.044097222222222225,23.688280028639856,0.0
10gen,ramp_requirement,10,12,13,0.2,0.24,perfect,independent,0.0,0.0,0,65.0,1248282.2392545247,1270281.1702197706,441866.60224547575,0.0,-806415.637009049,0.0,0.0,23.688280028639856,0.0,7.185076304784819,11.688802377792431,0.4756944444444444,0.027777777777777776,65.0,3519.5,0.05138888888888889,0.044097222222222225,23.688280028639856,0.0
10gen,ramp_requirement,10,12,13,0.4,0.0,perfect,independent,0.0,0.0,0,65.0,136847.61199112592,137597.5954753078,41839.17519176569,0.0,-95008.43679936024,0.0,0.0,5.362043795830723,0.0,0.0,3.5380137112948455,0.0,0.010416666666666666,0.0,3515.0,0.011111111111111112,0.010763888888888889,5.362043795830723,0.0
10gen,ramp_requirement,10,12,13,0.4,0.08,perfect,independent,0.0,0.0,0,65.0,136847.61199112592,137597.5954753078,41839.17519176569,0.0,-95008.43679936024,0.0,0.0,5.362043795830723,0.0,0.0,3.5380137112948455,0.0,0.010416666666666666,0.0,3515.0,0.011111111111111112,0.010763888888888889,5.362043795830723,0.0
10gen,ramp_requirement,10,12,13,0.4,0.16,perfect,independent,0.0,0.0,0,65.0,136847.61199112592,137597.5954753078,41839.17519176569,0.0,-95008.43679936024,0.0,0.0,5.362043795830723,0.0,0.0,3.5380137112948455,0.0,0.010416666666666666,0.0,3515.0,0.011111111111111112,0.010763888888888889,5.362043795830723,0.0
10gen,ramp_requirement,10,12,13,0.4,0.24,perfect,independent,0.0,0.0,0,65.0,136847.94532445926,137870.17238745838,41839.17519176569,0.0,-95008.77013269358,0.0,0.0,5.362043795830723,0.0,0.0,3.5380137112948455,0.13541666666666666,0.010416666666666666,20.0,3515.0,0.011111111111111112,0.010763888888888889,5.362043795830723,0.0
10gen,ramp_requirement,10,12,13,0.8,0.0,perfect,independent,0.0,0.0,0,65.0,27225.169965588546,27225.169965588546,27144.209947100644,0.0,-80.96001848790183,0.0,0.0,0.004022553555113717,-1.1842378929335002e-15,0.0,0.0,0.0,0.0,0.0,3515.0,0.0010416666666666667,0.0010416666666666667,0.004022553555113717,-1.1842378929335002e-15
10gen,ramp_requirement,10,12,13,0.8,0.08,perfect,independent,0.0,0.0,0,65.0,27225.169965588546,27225.169965588546,27144.209947100644,0.0,-80.96001848790183,0.0,0.0,0.004022553555113717,-1.1842378929335002e-15,0.0,0.0,0.0,0.0,0.0,3515.0,0.0010416666666666667,0.0010416666666666667,0.004022553555113717,-1.1842378929335002e-15
10gen,ramp_requirement,10,12,13,0.8,0.16,perfect,independent,0.0,0.0,0,65.0,27225.169965588546,27225.169965588546,27144.209947100644,0.0,-80.96001848790183,0.0,0.0,0.004022553555113717,-1.1842378929335002e-15,0.0,0.0,0.0,0.0,0.0,3515.0,0.0010416666666666667,0.0010416666666666667,0.004022553555113717,-1.1842378929335002e-15
10gen,ramp_requirement,10,12,13,0.8,0.24,perfect,independent,0.0,0.0,0,65.0,27225.169965588546,27225.169965588546,27144.209947100644,0.0,-80.96001848790183,0.0,0.0,0.004022553555113717,-1.1842378929335002e-15,0.0,0.0,0.0,0.0,0.0,3515.0,0.0010416666666666667,0.0010416666666666667,0.004022553555113717,-1.1842378929335002e-15
10gen,ramp_requirement,10,13,13,0.1,0.0,perfect,independent,0.0,0.0,0,65.0,1472658.3096648545,1473532.3738770194,214864.37896689965,0.0,-1257793.930697955,0.0,0.0,4.7049056537408465,0.0,0.0,4.123730835217467,0.0,0.017361111111111112,0.0,3519.5,0.03854166666666667,0.029861111111111113,4.7049056537408465,0.0
10gen,ramp_requirement,10,13,13,0.1,0.08,perfect,independent,0.0,0.0,0,65.0,1470494.3965623481,1471850.6314790444,214864.37896689965,0.0,-1255630.0175954485,0.0,0.0,4.7049056537408465,0.0,0.0,4.123730835217467,0.0625,0.017361111111111112,30.0,3519.5,0.035069444444444445,0.029861111111111113,4.7049056537408465,0.0
10gen,ramp_requirement,10,13,13,0.1,0.16,perfect,independent,0.0,0.0,0,65.0,1470425.4985666738,1481386.5256982096,214864.37896689965,0.0,-1255561.1195997742,0.0,0.0,4.7049056537408465,0.0,16.995286580972145,4.123730835217467,0.2951388888888889,0.017361111111111112,65.0,3519.5,0.04027777777777778,0.029861111111111113,4.7049056537408465,0.0
10gen,ramp_requirement,10,13,13,0.1,0.24,perfect,independent,0.0,0.0,0,65.0,1211783.4618034218,1233069.7098870424,214864.37896689965,0.0,-996919.0828365223,0.0,0.0,4.7049056537408465,0.0,865.541612840263,2.8641103616820183,1.0,0.013888888888888888,65.0,3519.5,0.040625,0.029861111111111113,4.7049056537408465,0.0
10gen,ramp_requirement,10,13,13,0.2,0.0,perfect,independent,0.0,0.0,0,65.0,1463.5767360856635,1463.5767360856635,51.87183955769706,0.0,-1411.7048965279664,0.0,0.0,0.0,0.0,0.0,0.0,0.0,0.0,0.0,18.0,0.00625,0.005208333333333333,0.0,0.0
10gen,ramp_requirement,10,13,13,0.2,0.08,perfect,independent,0.0,0.0,0,65.0,1463.5767360856635,1463.5767360856635,51.87183955769706,0.0,-1411.7048965279664,0.0,0.0,0.0,0.0,0.0,0.0,0.0,0.0,0.0,18.0,0.00625,0.005208333333333333,0.0,0.0
10gen,ramp_requirement,10,13,13,0.2,0.16,perfect,independent,0.0,0.0,0,65.0,1282.6184926121186,1569.9913687699243,51.87183955769706,0.0,-1230.7466530544216,0.0,0.0,0.0,0.0,0.0,0.0,0.08333333333333333,0.0,20.0,18.0,0.005208333333333333,0.005208333333333333,0.0,0.0
10gen,ramp_requirement,10,13,13,0.2,0.24,perfect,independent,0.0,0.0,0,65.0,1330.6405124042058,10073.210449010317,51.87183955769706,0.0,-1278.7686728465087,0.0,0.0,0.0,0.0,0.0,0.0,0.19791666666666666,0.0,35.0,18.0,0.005555555555555556,0.005208333333333333,0.0,0.0
10gen,ramp_requirement,10,13,13,0.4,0.0,perfect,independent,0.0,0.0,0,65.0,0.0,0.0,0.0,0.0,0.0,0.0,0.0,0.0,0.0,0.0,0.0,0.0,0.0,0.0,0.0,0.0,0.0,0.0,0.0
10gen,ramp_requirement,10,13,13,0.4,0.08,perfect,independent,0.0,0.0,0,65.0,0.0,0.0,0.0,0.0,0.0,0.0,0.0,0.0,0.0,0.0,0.0,0.0,0.0,0.0,0.0,0.0,0.0,0.0,0.0
10gen,ramp_requirement,10,13,13,0.4,0.16,perfect,independent,0.0,0.0,0,65.0,0.0,0.0,0.0,0.0,0.0,0.0,0.0,0.0,0.0,0.0,0.0,0.0,0.0,0.0,0.0,0.0,0.0,0.0,0.0
10gen,ramp_requirement,10,13,13,0.4,0.24,perfect,independent,0.0,0.0,0,65.0,0.0,6.429359213257911,0.0,0.0,0.0,0.0,0.0,0.0,0.0,0.0,0.0,0.024305555555555556,0.0,2.0,0.0,0.0,0.0,0.0,0.0
10gen,ramp_requirement,10,13,13,0.8,0.0,perfect,independent,0.0,0.0,0,65.0,0.0,0.0,0.0,0.0,0.0,0.0,0.0,0.0,0.0,0.0,0.0,0.0,0.0,0.0,0.0,0.0,0.0,0.0,0.0
10gen,ramp_requirement,10,13,13,0.8,0.08,perfect,independent,0.0,0.0,0,65.0,0.0,0.0,0.0,0.0,0.0,0.0,0.0,0.0,0.0,0.0,0.0,0.0,0.0,0.0,0.0,0.0,0.0,0.0,0.0
10gen,ramp_requirement,10,13,13,0.8,0.16,perfect,independent,0.0,0.0,0,65.0,0.0,0.0,0.0,0.0,0.0,0.0,0.0,0.0,0.0,0.0,0.0,0.0,0.0,0.0,0.0,0.0,0.0,0.0,0.0
10gen,ramp_requirement,10,13,13,0.8,0.24,perfect,independent,0.0,0.0,0,65.0,0.0,0.0,0.0,0.0,0.0,0.0,0.0,0.0,0.0,0.0,0.0,0.0,0.0,0.0,0.0,0.0,0.0,0.0,0.0
10gen,ramp_requirement,10,14,13,0.1,0.0,perfect,independent,0.0,0.0,0,65.0,759745.4735849778,760062.323511114,355.60999815276955,0.0,-759389.863586825,0.0,0.0,0.11690835391362953,0.0,0.0,0.11690835391362953,0.0,0.010416666666666666,0.0,4.5,0.017708333333333333,0.01423611111111111,0.11690835391362953,0.0
10gen,ramp_requirement,10,14,13,0.1,0.08,perfect,independent,0.0,0.0,0,65.0,759745.4735849778,760062.323511114,355.60999815276955,0.0,-759389.863586825,0.0,0.0,0.11690835391362953,0.0,0.0,0.11690835391362953,0.0,0.010416666666666666,0.0,4.5,0.017708333333333333,0.01423611111111111,0.11690835391362953,0.0
10gen,ramp_requirement,10,14,13,0.1,0.16,perfect,independent,0.0,0.0,0,65.0,759577.3626292221,762556.4806347918,355.60999815276955,0.0,-759221.7526310693,0.0,0.0,0.11690835391362953,0.0,7.366825219721969,0.11690835391362953,0.24305555555555555,0.010416666666666666,65.0,4.5,0.019097222222222224,0.01423611111111111,0.11690835391362953,0.0
10gen,ramp_requirement,10,14,13,0.1,0.24,perfect,independent,0.0,0.0,0,65.0,247819.5028462964,258381.20540251533,355.60999815276955,0.0,-247463.89284814365,0.0,0.0,0.10998318583813216,0.0,776.8224911402236,0.0,1.0,0.003472222222222222,65.0,4.5,0.01840277777777778,0.01423611111111111,0.10998318583813216,0.0
10gen,ramp_requirement,10,14,13,0.2,0.0,perfect,independent,0.0,0.0,0,65.0,127.49999999994543,127.49999999994543,29.042863597922405,0.0,-98.45713640202302,0.0,0.0,0.0,0.0,0.0,0.0,0.0,0.0,0.0,4.5,0.0006944444444444445,0.00034722222222222224,0.0,0.0
10gen,ramp_requirement,10,14,13,0.2,0.08,perfect,independent,0.0,0.0,0,65.0,127.49999999994543,127.49999999994543,29.042863597922405,0.0,-98.45713640202302,0.0,0.0,0.0,0.0,0.0,0.0,0.0,0.0,0.0,4.5,0.0006944444444444445,0.00034722222222222224,0.0,0.0
10gen,ramp_requirement,10,14,13,0.2,0.16,perfect,independent,0.0,0.0,0,65.0,127.49999999994543,127.49999999994543,29.042863597922405,0.0,-98.45713640202302,0.0,0.0,0.0,0.0,0.0,0.0,0.0,0.0,0.0,4.5,0.0006944444444444445,0.00034722222222222224,0.0,0.0
10gen,ramp_requirement,10,14,13,0.2,0.24,perfect,independent,0.0,0.0,0,65.0,127.49999999994543,738.9880164428905,29.042863597922405,0.0,-98.45713640202302,0.0,0.0,0.0,0.0,0.0,0.0,0.13541666666666666,0.0,10.0,4.5,0.0006944444444444445,0.00034722222222222224,0.0,0.0
10gen,ramp_requirement,10,14,13,0.4,0.0,perfect,independent,0.0,0.0,0,65.0,0.0,0.0,0.0,0.0,0.0,0.0,0.0,0.0,0.0,0.0,0.0,0.0,0.0,0.0,0.0,0.0,0.0,0.0,0.0
10gen,ramp_requirement,10,14,13,0.4,0.08,perfect,independent,0.0,0.0,0,65.0,0.0,0.0,0.0,0.0,0.0,0.0,0.0,0.0,0.0,0.0,0.0,0.0,0.0,0.0,0.0,0.0,0.0,0.0,0.0
10gen,ramp_requirement,10,14,13,0.4,0.16,perfect,independent,0.0,0.0,0,65.0,0.0,0.0,0.0,0.0,0.0,0.0,0.0,0.0,0.0,0.0,0.0,0.0,0.0,0.0,0.0,0.0,0.0,0.0,0.0
10gen,ramp_requirement,10,14,13,0.4,0.24,perfect,independent,0.0,0.0,0,65.0,0.0,0.0,0.0,0.0,0.0,0.0,0.0,0.0,0.0,0.0,0.0,0.0,0.0,0.0,0.0,0.0,0.0,0.0,0.0
10gen,ramp_requirement,10,14,13,0.8,0.0,perfect,independent,0.0,0.0,0,65.0,0.0,0.0,0.0,0.0,0.0,0.0,0.0,0.0,0.0,0.0,0.0,0.0,0.0,0.0,0.0,0.0,0.0,0.0,0.0
10gen,ramp_requirement,10,14,13,0.8,0.08,perfect,independent,0.0,0.0,0,65.0,0.0,0.0,0.0,0.0,0.0,0.0,0.0,0.0,0.0,0.0,0.0,0.0,0.0,0.0,0.0,0.0,0.0,0.0,0.0
10gen,ramp_requirement,10,14,13,0.8,0.16,perfect,independent,0.0,0.0,0,65.0,0.0,0.0,0.0,0.0,0.0,0.0,0.0,0.0,0.0,0.0,0.0,0.0,0.0,0.0,0.0,0.0,0.0,0.0,0.0
10gen,ramp_requirement,10,14,13,0.8,0.24,perfect,independent,0.0,0.0,0,65.0,0.0,0.0,0.0,0.0,0.0,0.0,0.0,0.0,0.0,0.0,0.0,0.0,0.0,0.0,0.0,0.0,0.0,0.0,0.0
10gen,ramp_requirement,10,15,13,0.1,0.0,perfect,independent,0.0,0.0,0,65.0,5571.743380639664,5571.743380639664,280.3442458095669,0.0,-5291.399134830097,0.0,0.0,0.0,0.0,0.0,0.0,0.0,0.0,0.0,18.0,0.018055555555555554,0.014583333333333334,0.0,0.0
10gen,ramp_requirement,10,15,13,0.1,0.08,perfect,independent,0.0,0.0,0,65.0,5571.743380639664,5571.743380639664,280.3442458095669,0.0,-5291.399134830097,0.0,0.0,0.0,0.0,0.0,0.0,0.0,0.0,0.0,18.0,0.018055555555555554,0.014583333333333334,0.0,0.0
10gen,ramp_requirement,10,15,13,0.1,0.16,perfect,independent,0.0,0.0,0,65.0,5416.665096690222,10521.328668288028,280.3442458095669,0.0,-5136.320850880655,0.0,0.0,0.0,0.0,9.203082883173332,0.0,0.2465277777777778,0.0,65.0,18.0,0.021527777777777778,0.014583333333333334,0.0,0.0
10gen,ramp_requirement,10,15,13,0.1,0.24,perfect,independent,0.0,0.0,0,65.0,4843.982974248371,22186.524640916112,280.3442458095669,0.0,-4563.638728438804,0.0,0.0,0.0,0.0,790.1482034278602,0.0,1.0,0.0,65.0,18.0,0.02013888888888889,0.014583333333333334,0.0,0.0
10gen,ramp_requirement,10,15,13,0.2,0.0,perfect,independent,0.0,0.0,0,65.0,0.0,0.0,0.0,0.0,0.0,0.0,0.0,0.0,0.0,0.0,0.0,0.0,0.0,0.0,0.0,0.0,0.0,0.0,0.0
10gen,ramp_requirement,10,15,13,0.2,0.08,perfect,independent,0.0,0.0,0,65.0,0.0,0.0,0.0,0.0,0.0,0.0,0.0,0.0,0.0,0.0,0.0,0.0,0.0,0.0,0.0,0.0,0.0,0.0,0.0
10gen,ramp_requirement,10,15,13,0.2,0.16,perfect,independent,0.0,0.0,0,65.0,0.0,0.0,0.0,0.0,0.0,0.0,0.0,0.0,0.0,0.0,0.0,0.0,0.0,0.0,0.0,0.0,0.0,0.0,0.0
10gen,ramp_requirement,10,15,13,0.2,0.24,perfect,independent,0.0,0.0,0,65.0,0.0,3206.4977847592345,0.0,0.0,0.0,0.0,0.0,0.0,0.0,0.0,0.0,0.16666666666666666,0.0,30.0,0.0,0.0,0.0,0.0,0.0
10gen,ramp_requirement,10,15,13,0.4,0.0,perfect,independent,0.0,0.0,0,65.0,0.0,0.0,0.0,0.0,0.0,0.0,0.0,0.0,0.0,0.0,0.0,0.0,0.0,0.0,0.0,0.0,0.0,0.0,0.0
10gen,ramp_requirement,10,15,13,0.4,0.08,perfect,independent,0.0,0.0,0,65.0,0.0,0.0,0.0,0.0,0.0,0.0,0.0,0.0,0.0,0.0,0.0,0.0,0.0,0.0,0.0,0.0,0.0,0.0,0.0
10gen,ramp_requirement,10,15,13,0.4,0.16,perfect,independent,0.0,0.0,0,65.0,0.0,0.0,0.0,0.0,0.0,0.0,0.0,0.0,0.0,0.0,0.0,0.0,0.0,0.0,0.0,0.0,0.0,0.0,0.0
10gen,ramp_requirement,10,15,13,0.4,0.24,perfect,independent,0.0,0.0,0,65.0,0.0,0.0,0.0,0.0,0.0,0.0,0.0,0.0,0.0,0.0,0.0,0.0,0.0,0.0,0.0,0.0,0.0,0.0,0.0
10gen,ramp_requirement,10,15,13,0.8,0.0,perfect,independent,0.0,0.0,0,65.0,0.0,0.0,0.0,0.0,0.0,0.0,0.0,0.0,0.0,0.0,0.0,0.0,0.0,0.0,0.0,0.0,0.0,0.0,0.0
10gen,ramp_requirement,10,15,13,0.8,0.08,perfect,independent,0.0,0.0,0,65.0,0.0,0.0,0.0,0.0,0.0,0.0,0.0,0.0,0.0,0.0,0.0,0.0,0.0,0.0,0.0,0.0,0.0,0.0,0.0
10gen,ramp_requirement,10,15,13,0.8,0.16,perfect,independent,0.0,0.0,0,65.0,0.0,0.0,0.0,0.0,0.0,0.0,0.0,0.0,0.0,0.0,0.0,0.0,0.0,0.0,0.0,0.0,0.0,0.0,0.0
10gen,ramp_requirement,10,15,13,0.8,0.24,perfect,independent,0.0,0.0,0,65.0,0.0,0.0,0.0,0.0,0.0,0.0,0.0,0.0,0.0,0.0,0.0,0.0,0.0,0.0,0.0,0.0,0.0,0.0,0.0
10gen,ramp_requirement,10,16,13,0.1,0.0,perfect,independent,0.0,0.0,0,65.0,1776513.9041513759,1776533.8057838269,203268.05267025088,0.0,-1573245.851481125,0.0,0.0,3.507832301870697,0.0,0.0,0.0,0.0,0.006944444444444444,0.0,3519.5,0.022222222222222223,0.017708333333333333,3.507832301870697,0.0
10gen,ramp_requirement,10,16,13,0.1,0.08,perfect,independent,0.0,0.0,0,65.0,1776513.9041513759,1776533.8057838269,203268.05267025088,0.0,-1573245.851481125,0.0,0.0,3.507832301870697,0.0,0.0,0.0,0.0,0.006944444444444444,0.0,3519.5,0.022222222222222223,0.017708333333333333,3.507832301870697,0.0
10gen,ramp_requirement,10,16,13,0.1,0.16,perfect,independent,0.0,0.0,0,65.0,1776946.942421635,1776845.5719922178,203268.05267025088,0.0,-1573678.889751384,0.0,0.0,3.507832301870697,0.0,5.438425397117422,0.0,0.059027777777777776,0.006944444444444444,65.0,3519.5,0.025347222222222222,0.017708333333333333,3.507832301870697,0.0
10gen,ramp_requirement,10,16,13,0.1,0.24,perfect,independent,0.0,0.0,0,65.0,1520086.1981985096,1522244.411715663,203268.05267025088,0.0,-1316818.1455282588,0.0,0.0,2.8373763269403867,0.0,769.3979559470993,0.0,1.0,0.003472222222222222,65.0,3519.5,0.021180555555555557,0.017708333333333333,2.8373763269403867,0.0
10gen,ramp_requirement,10,16,13,0.2,0.0,perfect,independent,0.0,0.0,0,65.0,1113.447660154785,1113.447660154785,913.3770144802147,0.0,-200.0706456745702,0.0,0.0,0.0,0.0,0.0,0.0,0.0,0.0,0.0,4.5,0.006944444444444444,0.006944444444444444,0.0,0.0
10gen,ramp_requirement,10,16,13,0.2,0.08,perfect,independent,0.0,0.0,0,65.0,1113.447660154785,1113.447660154785,913.3770144802147,0.0,-200.0706456745702,0.0,0.0,0.0,0.0,0.0,0.0,0.0,0.0,0.0,4.5,0.006944444444444444,0.006944444444444444,0.0,0.0
10gen,ramp_requirement,10,16,13,0.2,0.16,perfect,independent,0.0,0.0,0,65.0,1113.447660154785,1113.447660154785,913.3770144802147,0.0,-200.0706456745702,0.0,0.0,0.0,0.0,0.0,0.0,0.0,0.0,0.0,4.5,0.006944444444444444,0.006944444444444444,0.0,0.0
10gen,ramp_requirement,10,16,13,0.2,0.24,perfect,independent,0.0,0.0,0,65.0,1113.447660154785,1113.447660154785,913.3770144802147,0.0,-200.0706456745702,0.0,0.0,0.0,0.0,0.0,0.0,0.0,0.0,0.0,4.5,0.006944444444444444,0.006944444444444444,0.0,0.0
10gen,ramp_requirement,10,16,13,0.4,0.0,perfect,independent,0.0,0.0,0,65.0,23.302738599682925,23.302738599682925,0.0,0.0,-23.302738599682925,0.0,0.0,0.0,0.0,0.0,0.0,0.0,0.0,0.0,1.5,0.001388888888888889,0.001388888888888889,0.0,0.0
10gen,ramp_requirement,10,16,13,0.4,0.08,perfect,independent,0.0,0.0,0,65.0,23.302738599682925,23.302738599682925,0.0,0.0,-23.302738599682925,0.0,0.0,0.0,0.0,0.0,0.0,0.0,0.0,0.0,1.5,0.001388888888888889,0.001388888888888889,0.0,0.0
10gen,ramp_requirement,10,16,13,0.4,0.16,perfect,independent,0.0,0.0,0,65.0,23.302738599682925,23.302738599682925,0.0,0.0,-23.302738599682925,0.0,0.0,0.0,0.0,0.0,0.0,0.0,0.0,0.0,1.5,0.001388888888888889,0.001388888888888889,0.0,0.0
10gen,ramp_requirement,10,16,13,0.4,0.24,perfect,independent,0.0,0.0,0,65.0,23.302738599682925,23.302738599682925,0.0,0.0,-23.302738599682925,0.0,0.0,0.0,0.0,0.0,0.0,0.0,0.0,0.0,1.5,0.001388888888888889,0.001388888888888889,0.0,0.0
10gen,ramp_requirement,10,16,13,0.8,0.0,perfect,independent,0.0,0.0,0,65.0,0.0,0.0,0.0,0.0,0.0,0.0,0.0,0.0,0.0,0.0,0.0,0.0,0.0,0.0,0.0,0.0,0.0,0.0,0.0
10gen,ramp_requirement,10,16,13,0.8,0.08,perfect,independent,0.0,0.0,0,65.0,0.0,0.0,0.0,0.0,0.0,0.0,0.0,0.0,0.0,0.0,0.0,0.0,0.0,0.0,0.0,0.0,0.0,0.0,0.0
10gen,ramp_requirement,10,16,13,0.8,0.16,perfect,independent,0.0,0.0,0,65.0,0.0,0.0,0.0,0.0,0.0,0.0,0.0,0.0,0.0,0.0,0.0,0.0,0.0,0.0,0.0,0.0,0.0,0.0,0.0
10gen,ramp_requirement,10,16,13,0.8,0.24,perfect,independent,0.0,0.0,0,65.0,0.0,0.0,0.0,0.0,0.0,0.0,0.0,0.0,0.0,0.0,0.0,0.0,0.0,0.0,0.0,0.0,0.0,0.0,0.0
10gen,ramp_requirement,10,17,13,0.1,0.0,perfect,independent,0.0,0.0,0,65.0,4144109.731429666,4145338.6847965787,189548.15035158282,0.0,-3954561.581078083,0.0,0.0,26.5378867335367,0.0,0.0,12.334733506684177,0.0,0.034722222222222224,0.0,3519.5,0.04618055555555556,0.044097222222222225,26.5378867335367,0.0
10gen,ramp_requirement,10,17,13,0.1,0.08,perfect,independent,0.0,0.0,0,65.0,4144119.811746545,4145352.366182802,189548.15035158282,0.0,-3954571.661394962,0.0,0.0,26.5378867335367,0.0,0.0,12.334733506684177,0.006944444444444444,0.034722222222222224,30.0,3519.5,0.04652777777777778,0.044097222222222225,26.5378867335367,0.0
10gen,ramp_requirement,10,17,13,0.1,0.16,perfect,independent,0.0,0.0,0,65.0,4141259.9079470173,4145617.7924565827,189548.15035158282,0.0,-3951711.7575954343,0.0,0.0,26.5378867335367,0.0,19.078955767930104,12.334733506684177,0.19444444444444445,0.034722222222222224,65.0,3519.5,0.05659722222222222,0.044097222222222225,26.5378867335367,0.0
10gen,ramp_requirement,10,17,13,0.1,0.24,perfect,independent,0.0,0.0,0,65.0,3105316.180238234,3117361.6920267507,189548.15035158282,0.0,-2915768.029886651,0.0,0.0,22.73339866754035,0.0,825.3907728612614,9.619508668038964,1.0,0.024305555555555556,65.0,3519.5,0.050694444444444445,0.044097222222222225,22.73339866754035,0.0
10gen,ramp_requirement,10,17,13,0.2,0.0,perfect,independent,0.0,0.0,0,65.0,448246.2783702594,448263.4902722378,425.59094444631666,0.0,-447820.68742581306,0.0,0.0,0.6320735960479074,0.0,0.0,0.0,0.0,0.003472222222222222,0.0,10.0,0.010763888888888889,0.009027777777777777,0.6320735960479074,0.0
10gen,ramp_requirement,10,17,13,0.2,0.08,perfect,independent,0.0,0.0,0,65.0,448246.2783702594,448263.4902722378,425.59094444631666,0.0,-447820.68742581306,0.0,0.0,0.6320735960479074,0.0,0.0,0.0,0.0,0.003472222222222222,0.0,10.0,0.010763888888888889,0.009027777777777777,0.6320735960479074,0.0
10gen,ramp_requirement,10,17,13,0.2,0.16,perfect,independent,0.0,0.0,0,65.0,448246.2783702594,448263.4902722378,425.59094444631666,0.0,-447820.68742581306,0.0,0.0,0.6320735960479074,0.0,0.0,0.0,0.0,0.003472222222222222,0.0,10.0,0.010763888888888889,0.009027777777777777,0.6320735960479074,0.0
10gen,ramp_requirement,10,17,13,0.2,0.24,perfect,independent,0.0,0.0,0,65.0,448264.89060049254,450607.52585761406,425.59094444631666,0.0,-447839.2996560462,0.0,0.0,0.6320735960479074,0.0,0.0,0.0,0.11458333333333333,0.003472222222222222,30.0,10.0,0.011111111111111112,0.009027777777777777,0.6320735960479074,0.0
10gen,ramp_requirement,10,17,13,0.4,0.0,perfect,independent,0.0,0.0,0,65.0,172.3308033820722,172.3308033820722,150.14269293026882,0.0,-22.188110451803368,0.0,0.0,0.0,0.0,0.0,0.0,0.0,0.0,0.0,4.5,0.0006944444444444445,0.0006944444444444445,0.0,0.0
10gen,ramp_requirement,10,17,13,0.4,0.08,perfect,independent,0.0,0.0,0,65.0,172.3308033820722,172.3308033820722,150.14269293026882,0.0,-22.188110451803368,0.0,0.0,0.0,0.0,0.0,0.0,0.0,0.0,0.0,4.5,0.0006944444444444445,0.0006944444444444445,0.0,0.0
10gen,ramp_requirement,10,17,13,0.4,0.16,perfect,independent,0.0,0.0,0,65.0,172.3308033820722,172.3308033820722,150.14269293026882,0.0,-22.188110451803368,0.0,0.0,0.0,0.0,0.0,0.0,0.0,0.0,0.0,4.5,0.0006944444444444445,0.0006944444444444445,0.0,0.0
10gen,ramp_requirement,10,17,13,0.4,0.24,perfect,independent,0.0,0.0,0,65.0,172.3308033820722,172.3308033820722,150.14269293026882,0.0,-22.188110451803368,0.0,0.0,0.0,0.0,0.0,0.0,0.0,0.0,0.0,4.5,0.0006944444444444445,0.0006944444444444445,0.0,0.0
10gen,ramp_requirement,10,17,13,0.8,0.0,perfect,independent,0.0,0.0,0,65.0,0.0,0.0,0.0,0.0,0.0,0.0,0.0,0.0,0.0,0.0,0.0,0.0,0.0,0.0,0.0,0.0,0.0,0.0,0.0
10gen,ramp_requirement,10,17,13,0.8,0.08,perfect,independent,0.0,0.0,0,65.0,0.0,0.0,0.0,0.0,0.0,0.0,0.0,0.0,0.0,0.0,0.0,0.0,0.0,0.0,0.0,0.0,0.0,0.0,0.0
10gen,ramp_requirement,10,17,13,0.8,0.16,perfect,independent,0.0,0.0,0,65.0,0.0,0.0,0.0,0.0,0.0,0.0,0.0,0.0,0.0,0.0,0.0,0.0,0.0,0.0,0.0,0.0,0.0,0.0,0.0
10gen,ramp_requirement,10,17,13,0.8,0.24,perfect,independent,0.0,0.0,0,65.0,0.0,0.0,0.0,0.0,0.0,0.0,0.0,0.0,0.0,0.0,0.0,0.0,0.0,0.0,0.0,0.0,0.0,0.0,0.0
10gen,ramp_requirement,10,18,13,0.1,0.0,perfect,independent,0.0,0.0,0,65.0,20714144.397113275,20732177.181533203,9792011.516069956,0.0,-10922132.881043319,4241.402193323258,3627.5938018710062,2577.2937558467843,2183.785458611572,384.54048080482227,288.65294971074366,0.11805555555555555,0.12152777777777778,65.0,3685.0,0.31979166666666664,0.32430555555555557,6818.695949170042,5811.379260482578
10gen,ramp_requirement,10,18,13,0.1,0.08,perfect,independent,0.0,0.0,0,65.0,20782802.546408504,20794089.24992039,9792011.516069956,0.0,-10990791.030338548,4240.793280254709,3627.5938018710062,2597.688782663292,2183.785458611572,842.1272401052113,289.6496811474823,0.2881944444444444,0.125,65.0,3685.0,0.3190972222222222,0.32430555555555557,6838.482062918001,5811.379260482578
10gen,ramp_requirement,10,18,13,0.1,0.16,perfect,independent,0.0,0.0,0,65.0,20839809.732264806,20850117.92562629,9792011.516069956,0.0,-11047798.21619485,4240.793280254709,3627.5938018710062,2673.6070626640585,2183.785458611572,1494.3968472061426,296.1102883612878,0.3541666666666667,0.125,65.0,3685.0,0.31979166666666664,0.32430555555555557,6914.400342918768,5811.379260482578
10gen,ramp_requirement,10,18,13,0.1,0.24,perfect,independent,0.0,0.0,0,65.0,21037326.14893921,21048182.108639173,9792011.516069956,0.0,-11245314.632869255,4240.793280254709,3627.5938018710062,2673.1933589450796,2183.785458611572,2622.811233108189,296.1102883612878,1.0,0.125,65.0,3685.0,0.32083333333333336,0.32430555555555557,6913.986639199789,5811.379260482578
10gen,ramp_requirement,10,18,13,0.2,0.0,perfect,independent,0.0,0.0,0,65.0,8628661.749046355,8645338.329894982,2490429.864219129,0.0,-6138231.884827226,2427.882859568309,2122.3557500854567,857.8050973912402,448.7222276676005,291.16502153639794,150.30975383525578,0.1111111111111111,0.0763888888888889,65.0,3560.0,0.16701388888888888,0.1763888888888889,3285.6879569595494,2571.0779777530574
10gen,ramp_requirement,10,18,13,0.2,0.08,perfect,independent,0.0,0.0,0,65.0,8522211.929080863,8535755.073120242,2490429.864219129,0.0,-6031782.0648617335,2423.6700736932753,2122.3557500854567,846.4740935355532,448.7222276676005,735.8635385341905,149.50632719435643,0.2534722222222222,0.0763888888888889,65.0,3560.0,0.16805555555555557,0.1763888888888889,3270.1441672288283,2571.0779777530574
10gen,ramp_requirement,10,18,13,0.2,0.16,perfect,independent,0.0,0.0,0,65.0,8488894.455260731,8505578.264699657,2490429.864219129,0.0,-5998464.591041602,2410.8229615598834,2122.3557500854567,829.139106246927,448.7222276676005,1277.998897499692,147.96072418408784,0.3125,0.0763888888888889,65.0,3560.0,0.16875,0.1763888888888889,3239.9620678068104,2571.0779777530574
10gen,ramp_requirement,10,18,13,0.2,0.24,perfect,independent,0.0,0.0,0,65.0,8631532.915463306,8653540.303181453,2490429.864219129,0.0,-6141103.051244177,2393.2645705770274,2122.3557500854567,842.2889853919548,448.7222276676005,1860.05032990917,147.54417828729999,0.3611111111111111,0.0763888888888889,65.0,3560.0,0.1684027777777778,0.1763888888888889,3235.5535559689824,2571.0779777530574
10gen,ramp_requirement,10,18,13,0.4,0.0,perfect,independent,0.0,0.0,0,65.0,3321696.3895560266,3333029.7176824426,406477.4713730421,0.0,-2915218.9181829845,1704.7152299036002,1530.9818655455165,236.22283083843837,43.831908725501435,233.9171421393408,70.76812194700275,0.08680555555555555,0.04861111111111111,65.0,3557.0,0.07222222222222222,0.071875,1940.9380607420385,1574.813774271018
10gen,ramp_requirement,10,18,13,0.4,0.08,perfect,independent,0.0,0.0,0,65.0,3140282.177352531,3153084.746738903,406477.4713730421,0.0,-2733804.705979489,1681.9892428231208,1530.9818655455165,236.22283083843837,43.831908725501435,632.8514514744081,70.76812194700275,0.21180555555555555,0.04861111111111111,65.0,3557.0,0.07083333333333333,0.071875,1918.212073661559,1574.813774271018
10gen,ramp_requirement,10,18,13,0.4,0.16,perfect,independent,0.0,0.0,0,65.0,3136334.4759342126,3154183.86333421,406477.4713730421,0.0,-2729857.0045611705,1681.9892428231208,1530.9818655455165,236.22283083843837,43.831908725501435,1081.6670096213222,70.76812194700275,0.2569444444444444,0.04861111111111111,65.0,3557.0,0.07118055555555555,0.071875,1918.212073661559,1574.813774271018
10gen,ramp_requirement,10,18,13,0.4,0.24,perfect,independent,0.0,0.0,0,65.0,3067721.462677253,3090552.062044931,406477.4713730421,0.0,-2661243.991304211,1671.5518245107087,1530.9818655455165,227.68899800068544,43.831908725501435,1590.5003351286398,69.76389284228364,0.3159722222222222,0.04861111111111111,65.0,3557.0,0.06979166666666667,0.071875,1899.240822511394,1574.813774271018
10gen,ramp_requirement,10,18,13,0.8,0.0,perfect,independent,0.0,0.0,0,65.0,605164.4503291233,611380.7953419432,26018.539839844685,0.0,-579145.9104892786,1475.3907479167667,1450.7820025063668,13.106276363860738,0.0,188.04161095638793,10.346155349148379,0.08333333333333333,0.010416666666666666,65.0,3519.5,0.025347222222222222,0.023958333333333335,1488.4970242806276,1450.7820025063668
10gen,ramp_requirement,10,18,13,0.8,0.08,perfect,independent,0.0,0.0,0,65.0,494344.7028418856,500958.6532169831,26018.539839844685,0.0,-468326.16300204094,1465.3969753530996,1450.7820025063668,13.106276363860738,0.0,605.2724454538493,10.346155349148379,0.2048611111111111,0.010416666666666666,65.0,3519.5,0.023958333333333335,0.023958333333333335,1478.5032517169604,1450.7820025063668
10gen,ramp_requirement,10,18,13,0.8,0.16,perfect,independent,0.0,0.0,0,65.0,498302.7808611016,510211.81170694774,26018.539839844685,0.0,-472284.2410212569,1466.230308686433,1450.7820025063668,13.106276363860738,0.0,1038.995236443665,10.346155349148379,0.2569444444444444,0.010416666666666666,65.0,3519.5,0.02361111111111111,0.023958333333333335,1479.336585050294,1450.7820025063668
10gen,ramp_requirement,10,18,13,0.8,0.24,perfect,independent,0.0,0.0,0,65.0,469574.27744424343,490974.45570719393,26018.539839844685,0.0,-443555.73760439875,1457.8969753530996,1450.7820025063668,13.106276363860738,0.0,1510.785569926642,10.346155349148379,0.2777777777777778,0.010416666666666666,65.0,3519.5,0.024305555555555556,0.023958333333333335,1471.0032517169604,1450.7820025063668
10gen,horizon,1,12,1,0.1,0.08,perfect,independent,0.0,0.0,0,65.0,12846842.218773998,12866865.825114079,13568741.299219962,0.0,721899.0804459639,1354.400113111816,1356.6407646022326,1599.1327694356999,1680.1594870650256,486.02478555391787,115.85301051068271,0.3159722222222222,0.10069444444444445,65.0,3520.0,0.17777777777777778,0.178125,2953.532882547516,3036.800251667258
10gen,horizon,1,12,3,0.1,0.08,perfect,independent,0.0,0.0,0,65.0,12846842.218773998,12866865.825114079,12501704.294244971,0.0,-345137.9245290272,1354.400113111816,1352.4555767253282,1599.1327694356999,1599.2177772364487,486.02478555391787,115.85301051068271,0.3159722222222222,0.10069444444444445,65.0,3685.0,0.17777777777777778,0.18229166666666666,2953.532882547516,2951.673353961777
10gen,horizon,1,12,7,0.1,0.08,perfect,independent,0.0,0.0,0,65.0,12846842.218773998,12866865.825114079,10693636.083638065,0.0,-2153206.1351359338,1354.400113111816,1312.0705222695128,1599.1327694356999,1423.9283988186135,486.02478555391787,115.85301051068271,0.3159722222222222,0.10069444444444445,65.0,3560.0,0.17777777777777778,0.18819444444444444,2953.532882547516,2735.9989210881263
10gen,horizon,1,12,13,0.1,0.08,perfect,independent,0.0,0.0,0,65.0,12846842.218773998,12866865.825114079,7714159.727801764,0.0,-5132682.490972234,1354.400113111816,1117.1499764338378,1599.1327694356999,1129.8622580776841,486.02478555391787,115.85301051068271,0.3159722222222222,0.10069444444444445,65.0,3685.0,0.17777777777777778,0.19791666666666666,2953.532882547516,2247.012234511522
10gen,horizon,1,13,1,0.1,0.08,perfect,independent,0.0,0.0,0,65.0,3547214.331469099,3549362.9148122063,4001928.9377497043,0.0,454714.6062806053,0.0,0.9414618831319406,21.19245363996467,40.202424868179605,0.0,8.149889698662756,0.052083333333333336,0.020833333333333332,37.0,3530.0,0.06527777777777778,0.06805555555555555,21.19245363996467,41.14388675131155
10gen,horizon,1,13,3,0.1,0.08,perfect,independent,0.0,0.0,0,65.0,3547214.331469099,3549362.9148122063,2862483.5711695286,0.0,-684730.7602995704,0.0,0.0,21.19245363996467,19.927772212539878,0.0,8.149889698662756,0.052083333333333336,0.020833333333333332,37.0,3530.0,0.06527777777777778,0.06701388888888889,21.19245363996467,19.927772212539878
10gen,horizon,1,13,7,0.1,0.08,perfect,independent,0.0,0.0,0,65.0,3547214.331469099,3549362.9148122063,1268540.771277478,0.0,-2278673.560191621,0.0,0.0,21.19245363996467,0.0,0.0,8.149889698662756,0.052083333333333336,0.020833333333333332,37.0,3530.0,0.06527777777777778,0.06770833333333333,21.19245363996467,0.0
10gen,horizon,1,13,13,0.1,0.08,perfect,independent,0.0,0.0,0,65.0,3547214.331469099,3549362.9148122063,1135537.1220917485,0.0,-2411677.2093773503,0.0,0.0,21.19245363996467,0.0,0.0,8.149889698662756,0.052083333333333336,0.020833333333333332,37.0,3530.0,0.06527777777777778,0.06701388888888889,21.19245363996467,0.0
10gen,horizon,1,14,1,0.1,0.08,perfect,independent,0.0,0.0,0,65.0,11756271.633053489,11776814.575919844,12662166.6080763,0.0,905894.9750228114,266.5972181569779,307.64580008853875,1067.338397001687,1096.4846941523354,395.40396203607685,80.5640411931707,0.24305555555555555,0.09722222222222222,65.0,3520.0,0.19166666666666668,0.19236111111111112,1333.9356151586649,1404.1304942408742
10gen,horizon,1,14,3,0.1,0.08,perfect,independent,0.0,0.0,0,65.0,11756271.633053489,11776814.575919844,11570801.68497144,0.0,-185469.94808204845,266.5972181569779,306.94760760263205,1067.338397001687,1066.5023113040145,395.40396203607685,80.5640411931707,0.24305555555555555,0.09722222222222222,65.0,3645.0,0.19166666666666668,0.19340277777777778,1333.9356151586649,1373.4499189066464
10gen,horizon,1,14,7,0.1,0.08,perfect,independent,0.0,0.0,0,65.0,11756271.633053489,11776814.575919844,9454491.07592924,0.0,-2301780.5571242496,266.5972181569779,228.00086917693324,1067.338397001687,972.8787092459233,395.40396203607685,80.5640411931707,0.24305555555555555,0.09722222222222222,65.0,3560.0,0.19166666666666668,0.196875,1333.9356151586649,1200.8795784228566
10gen,horizon,1,14,13,0.1,0.08,perfect,independent,0.0,0.0,0,65.0,11756271.633053489,11776814.575919844,7186066.415858298,0.0,-4570205.217195191,266.5972181569779,178.6278095809149,1067.338397001687,787.4844414414102,395.40396203607685,80.5640411931707,0.24305555555555555,0.09722222222222222,65.0,3560.0,0.19166666666666668,0.20416666666666666,1333.9356151586649,966.1122510223252
10gen,horizon,1,15,1,0.1,0.08,perfect,independent,0.0,0.0,0,65.0,6019075.2302446095,6024338.1746358145,6123653.590103003,0.0,104578.35985839367,0.0,0.0,290.93902195235484,320.5812970876369,0.0,38.45656126254095,0.08680555555555555,0.0625,37.0,3520.0,0.07083333333333333,0.07118055555555555,290.93902195235484,320.5812970876369
10gen,horizon,1,15,3,0.1,0.08,perfect,independent,0.0,0.0,0,65.0,6019075.2302446095,6024338.1746358145,5603000.589934774,0.0,-416074.6403098358,0.0,0.0,290.93902195235484,291.4453305219113,0.0,38.45656126254095,0.08680555555555555,0.0625,37.0,3520.0,0.07083333333333333,0.07083333333333333,290.93902195235484,291.4453305219113
10gen,horizon,1,15,7,0.1,0.08,perfect,independent,0.0,0.0,0,65.0,6019075.2302446095,6024338.1746358145,4985649.08133689,0.0,-1033426.1489077192,0.0,0.0,290.93902195235484,229.00671511564147,0.0,38.45656126254095,0.08680555555555555,0.0625,37.0,3530.0,0.07083333333333333,0.07222222222222222,290.93902195235484,229.00671511564147
10gen,horizon,1,15,13,0.1,0.08,perfect,independent,0.0,0.0,0,65.0,6019075.2302446095,6024338.1746358145,3395656.498063596,0.0,-2623418.7321810136,0.0,0.0,290.93902195235484,103.65209760645863,0.0,38.45656126254095,0.08680555555555555,0.0625,37.0,3520.0,0.07083333333333333,0.07604166666666666,290.93902195235484,103.65209760645863
10gen,horizon,1,16,1,0.1,0.08,perfect,independent,0.0,0.0,0,65.0,9249525.575003255,9258683.029315248,11062801.124332426,0.0,1813275.549329171,2.895751477458589,29.368052214991394,113.24661964928276,158.84714376361742,53.07840488703573,25.502066255261454,0.06944444444444445,0.0763888888888889,65.0,3520.0,0.13506944444444444,0.1326388888888889,116.14237112674135,188.21519597860882
10gen,horizon,1,16,3,0.1,0.08,perfect,independent,0.0,0.0,0,65.0,9249525.575003255,9258683.029315248,9703468.283390163,0.0,453942.70838690735,2.895751477458589,24.868540634223287,113.24661964928276,106.66328908794051,53.07840488703573,25.502066255261454,0.06944444444444445,0.0763888888888889,65.0,3520.0,0.13506944444444444,0.1440972222222222,116.14237112674135,131.5318297221638
10gen,horizon,1,16,7,0.1,0.08,perfect,independent,0.0,0.0,0,65.0,9249525.575003255,9258683.029315248,4173486.488306965,0.0,-5076039.0866962895,2.895751477458589,0.7838309367416514,113.24661964928276,5.6409572496180065,53.07840488703573,25.502066255261454,0.06944444444444445,0.0763888888888889,65.0,3550.0,0.13506944444444444,0.15069444444444444,116.14237112674135,6.424788186359658
10gen,horizon,1,16,13,0.1,0.08,perfect,independent,0.0,0.0,0,65.0,9249525.575003255,9258683.029315248,2872050.907968855,0.0,-6377474.667034401,2.895751477458589,0.7838309367416514,113.24661964928276,0.0,53.07840488703573,25.502066255261454,0.06944444444444445,0.0763888888888889,65.0,3555.0,0.13506944444444444,0.14722222222222223,116.14237112674135,0.7838309367416514
10gen,horizon,1,17,1,0.1,0.08,perfect,independent,0.0,0.0,0,65.0,13116539.465448018,13136193.352334654,13380398.508839946,0.0,263859.0433919281,379.6459777370312,397.4551310256734,1095.8938784200084,1146.775266762519,260.7587135295967,119.13672409605627,0.2951388888888889,0.06597222222222222,65.0,3557.0,0.2298611111111111,0.22361111111111112,1475.5398561570396,1544.2303977881925
10gen,horizon,1,17,3,0.1,0.08,perfect,independent,0.0,0.0,0,65.0,13116539.465448018,13136193.352334654,10850421.250936752,0.0,-2266118.214511266,379.6459777370312,386.8161938307713,1095.8938784200084,1026.1359121628805,260.7587135295967,119.13672409605627,0.2951388888888889,0.06597222222222222,65.0,3685.0,0.2298611111111111,0.22777777777777777,1475.5398561570396,1412.9521059936517
10gen,horizon,1,17,7,0.1,0.08,perfect,independent,0.0,0.0,0,65.0,13116539.465448018,13136193.352334654,8262865.517164208,0.0,-4853673.94828381,379.6459777370312,340.7983124492692,1095.8938784200084,774.5048944108341,260.7587135295967,119.13672409605627,0.2951388888888889,0.06597222222222222,65.0,3685.0,0.2298611111111111,0.23715277777777777,1475.5398561570396,1115.3032068601033
10gen,horizon,1,17,13,0.1,0.08,perfect,independent,0.0,0.0,0,65.0,13116539.465448018,13136193.352334654,4732013.410342887,0.0,-8384526.055105131,379.6459777370312,283.6623522308865,1095.8938784200084,547.3753498735371,260.7587135295967,119.13672409605627,0.2951388888888889,0.06597222222222222,65.0,3685.0,0.2298611111111111,0.240625,1475.5398561570396,831.0377021044235
10gen,horizon,1,18,1,0.1,0.08,perfect,independent,0.0,0.0,0,65.0,4476897.183141034,4480314.145478145,4499058.495493833,0.0,22161.31235279888,0.0,0.0,185.30739203813823,191.63822281404822,0.3817413980333602,25.132133663025662,0.20833333333333334,0.03819444444444445,65.0,3520.0,0.06111111111111111,0.059027777777777776,185.30739203813823,191.63822281404822
10gen,horizon,1,18,3,0.1,0.08,perfect,independent,0.0,0.0,0,65.0,4476897.183141034,4480314.145478145,4311801.670169252,0.0,-165095.51297178213,0.0,0.0,185.30739203813823,184.80471436902786,0.3817413980333602,25.132133663025662,0.20833333333333334,0.03819444444444445,65.0,3520.0,0.06111111111111111,0.06215277777777778,185.30739203813823,184.80471436902786
10gen,horizon,1,18,7,0.1,0.08,perfect,independent,0.0,0.0,0,65.0,4476897.183141034,4480314.145478145,3294713.3260819493,0.0,-1182183.8570590848,0.0,0.0,185.30739203813823,98.47791232002103,0.3817413980333602,25.132133663025662,0.20833333333333334,0.03819444444444445,65.0,3520.0,0.06111111111111111,0.0625,185.30739203813823,98.47791232002103
10gen,horizon,1,18,13,0.1,0.08,perfect,independent,0.0,0.0,0,65.0,4476897.183141034,4480314.145478145,2293104.498413057,0.0,-2183792.684727977,0.0,0.0,185.30739203813823,12.21296927076482,0.3817413980333602,25.132133663025662,0.20833333333333334,0.03819444444444445,65.0,3530.0,0.06111111111111111,0.06458333333333334,185.30739203813823,12.21296927076482
10gen,horizon,4,12,1,0.1,0.08,perfect,independent,0.0,0.0,0,65.0,8544006.218837515,8556874.61522061,11062468.62807763,0.0,2518462.4092401154,33.11527841092695,60.050526141543685,132.5748688961193,196.86778316748916,107.45338176124723,35.42085344195376,0.1840277777777778,0.09722222222222222,65.0,3548.0,0.16284722222222223,0.16041666666666668,165.69014730704626,256.91830930903285
10gen,horizon,4,12,3,0.1,0.08,perfect,independent,0.0,0.0,0,65.0,8544006.218837515,8556874.61522061,9145007.981549932,0.0,601001.7627124172,33.11527841092695,68.10900517993025,132.5748688961193,88.19523889854811,107.45338176124723,35.42085344195376,0.1840277777777778,0.09722222222222222,65.0,3550.0,0.16284722222222223,0.16145833333333334,165.69014730704626,156.30424407847835
10gen,horizon,4,12,7,0.1,0.08,perfect,independent,0.0,0.0,0,65.0,8544006.218837515,8556874.61522061,6712354.327958221,0.0,-1831651.890879294,33.11527841092695,30.49582646578733,132.5748688961193,54.75670524797585,107.45338176124723,35.42085344195376,0.1840277777777778,0.09722222222222222,65.0,3550.0,0.16284722222222223,0.16701388888888888,165.69014730704626,85.25253171376318
10gen,horizon,4,12,13,0.1,0.08,perfect,independent,0.0,0.0,0,65.0,8544006.218837515,8556874.61522061,2578288.230645087,0.0,-5965717.988192428,33.11527841092695,2.423363913421298,132.5748688961193,22.052088552251973,107.45338176124723,35.42085344195376,0.1840277777777778,0.09722222222222222,65.0,3548.0,0.16284722222222223,0.17118055555555556,165.69014730704626,24.47545246567327
10gen,horizon,4,13,1,0.1,0.08,perfect,independent,0.0,0.0,0,65.0,3139732.0096484986,3141369.2354945927,3266171.4213610226,0.0,126439.41171252402,0.0,1.6312112849257687,21.765133922492396,26.56041776608156,2.4536365227901342,9.367101610185205,0.0763888888888889,0.027777777777777776,65.0,3520.0,0.08333333333333333,0.0798611111111111,21.765133922492396,28.19162905100733
10gen,horizon,4,13,3,0.1,0.08,perfect,independent,0.0,0.0,0,65.0,3139732.0096484986,3141369.2354945927,2654097.0353501705,0.0,-485634.97429832816,0.0,0.0,21.765133922492396,13.707223921030655,2.4536365227901342,9.367101610185205,0.0763888888888889,0.027777777777777776,65.0,3520.0,0.08333333333333333,0.08125,21.765133922492396,13.707223921030655
10gen,horizon,4,13,7,0.1,0.08,perfect,independent,0.0,0.0,0,65.0,3139732.0096484986,3141369.2354945927,984263.547080217,0.0,-2155468.4625682817,0.0,0.0,21.765133922492396,0.0,2.4536365227901342,9.367101610185205,0.0763888888888889,0.027777777777777776,65.0,3520.0,0.08333333333333333,0.078125,21.765133922492396,0.0
10gen,horizon,4,13,13,0.1,0.08,perfect,independent,0.0,0.0,0,65.0,3139732.0096484986,3141369.2354945927,746258.3841668044,0.0,-2393473.625481694,0.0,0.0,21.765133922492396,0.0,2.4536365227901342,9.367101610185205,0.0763888888888889,0.027777777777777776,65.0,3520.0,0.08333333333333333,0.07361111111111111,21.765133922492396,0.0
10gen,horizon,4,14,1,0.1,0.08,perfect,independent,0.0,0.0,0,65.0,3784964.3395912005,3786437.5911893696,4049049.0627617138,0.0,264084.7231705133,0.0,0.0,26.17221758281918,45.6753074410248,1.5198520353698275,6.345944397453754,0.0625,0.020833333333333332,65.0,3520.0,0.06527777777777778,0.06388888888888888,26.17221758281918,45.6753074410248
10gen,horizon,4,14,3,0.1,0.08,perfect,independent,0.0,0.0,0,65.0,3784964.3395912005,3786437.5911893696,2193770.5524015734,0.0,-1591193.787189627,0.0,0.0,26.17221758281918,17.367032709508976,1.5198520353698275,6.345944397453754,0.0625,0.020833333333333332,65.0,3520.0,0.06527777777777778,0.06493055555555556,26.17221758281918,17.367032709508976
10gen,horizon,4,14,7,0.1,0.08,perfect,independent,0.0,0.0,0,65.0,3784964.3395912005,3786437.5911893696,1532781.9054851022,0.0,-2252182.4341060985,0.0,0.0,26.17221758281918,5.516748367882286,1.5198520353698275,6.345944397453754,0.0625,0.020833333333333332,65.0,3520.0,0.06527777777777778,0.06666666666666667,26.17221758281918,5.516748367882286
10gen,horizon,4,14,13,0.1,0.08,perfect,independent,0.0,0.0,0,65.0,3784964.3395912005,3786437.5911893696,882293.7199822416,0.0,-2902670.6196089587,0.0,0.0,26.17221758281918,0.0,1.5198520353698275,6.345944397453754,0.0625,0.020833333333333332,65.0,3520.0,0.06527777777777778,0.06493055555555556,26.17221758281918,0.0
10gen,horizon,4,15,1,0.1,0.08,perfect,independent,0.0,0.0,0,65.0,9172899.103825122,9180232.33232875,11155737.995328473,0.0,1982838.8915033508,2.1940680383993554,13.244488505234415,90.07372823247374,140.16895461295942,21.60859585843866,22.927694584506213,0.11805555555555555,0.05555555555555555,65.0,3550.0,0.1642361111111111,0.1607638888888889,92.26779627087309,153.41344311819384
10gen,horizon,4,15,3,0.1,0.08,perfect,independent,0.0,0.0,0,65.0,9172899.103825122,9180232.33232875,6341904.414379342,0.0,-2830994.6894457797,2.1940680383993554,2.551168491433524,90.07372823247374,75.47351024600783,21.60859585843866,22.927694584506213,0.11805555555555555,0.05555555555555555,65.0,3550.0,0.1642361111111111,0.16631944444444444,92.26779627087309,78.02467873744136
10gen,horizon,4,15,7,0.1,0.08,perfect,independent,0.0,0.0,0,65.0,9172899.103825122,9180232.33232875,4875739.788821632,0.0,-4297159.31500349,2.1940680383993554,0.287627704330248,90.07372823247374,76.72598380261041,21.60859585843866,22.927694584506213,0.11805555555555555,0.05555555555555555,65.0,3550.0,0.1642361111111111,0.16701388888888888,92.26779627087309,77.01361150694066
10gen,horizon,4,15,13,0.1,0.08,perfect,independent,0.0,0.0,0,65.0,9172899.103825122,9180232.33232875,4006411.4730284177,0.0,-5166487.630796704,2.1940680383993554,0.09150939461799604,90.07372823247374,27.875346466326143,21.60859585843866,22.927694584506213,0.11805555555555555,0.05555555555555555,65.0,3550.0,0.1642361111111111,0.16875,92.26779627087309,27.96685586094414
10gen,horizon,4,16,1,0.1,0.08,perfect,independent,0.0,0.0,0,65.0,11366928.695400352,11380975.230612922,13474674.538811285,0.0,2107745.8434109334,469.59019745294506,596.4916353819647,1105.4823668215954,1194.5007320457078,340.51940359128764,108.0167038585621,0.1909722222222222,0.09722222222222222,65.0,3557.0,0.2652777777777778,0.24965277777777778,1575.0725642745406,1790.9923674276724
10gen,horizon,4,16,3,0.1,0.08,perfect,independent,0.0,0.0,0,65.0,11366928.695400352,11380975.230612922,9576742.272584658,0.0,-1790186.4228156935,469.59019745294506,485.34521614095183,1105.4823668215954,1072.7296783871022,340.51940359128764,108.0167038585621,0.1909722222222222,0.09722222222222222,65.0,3557.0,0.2652777777777778,0.26284722222222223,1575.0725642745406,1558.074894528054
10gen,horizon,4,16,7,0.1,0.08,perfect,independent,0.0,0.0,0,65.0,11366928.695400352,11380975.230612922,6214590.8736283025,0.0,-5152337.821772049,469.59019745294506,406.58520711108395,1105.4823668215954,717.9315781704054,340.51940359128764,108.0167038585621,0.1909722222222222,0.09722222222222222,65.0,3685.0,0.2652777777777778,0.26805555555555555,1575.0725642745406,1124.5167852814893
10gen,horizon,4,16,13,0.1,0.08,perfect,independent,0.0,0.0,0,65.0,11366928.695400352,11380975.230612922,3710147.934067129,0.0,-7656780.7613332225,469.59019745294506,331.11807404165677,1105.4823668215954,342.07815494419447,340.51940359128764,108.0167038585621,0.1909722222222222,0.09722222222222222,65.0,3685.0,0.2652777777777778,0.2798611111111111,1575.0725642745406,673.1962289858512
10gen,horizon,4,17,1,0.1,0.08,perfect,independent,0.0,0.0,0,65.0,11023858.094329001,11031345.209818423,13992444.54669975,0.0,2968586.452370748,8.663808491864433,26.454701448693545,258.2900368911393,394.84566769091134,66.18121788785365,124.07553876004286,0.125,0.125,65.0,3530.0,0.2635416666666667,0.23854166666666668,266.95384538300374,421.30036913960487
10gen,horizon,4,17,3,0.1,0.08,perfect,independent,0.0,0.0,0,65.0,11023858.094329001,11031345.209818423,8673716.898941075,0.0,-2350141.195387926,8.663808491864433,8.842834282904429,258.2900368911393,217.13524778546116,66.18121788785365,124.07553876004286,0.125,0.125,65.0,3530.0,0.2635416666666667,0.27743055555555557,266.95384538300374,225.97808206836558
10gen,horizon,4,17,7,0.1,0.08,perfect,independent,0.0,0.0,0,65.0,11023858.094329001,11031345.209818423,4967813.587081733,0.0,-6056044.507247268,8.663808491864433,16.23138621296627,258.2900368911393,61.38943438795637,66.18121788785365,124.07553876004286,0.125,0.125,65.0,3530.0,0.2635416666666667,0.30868055555555557,266.95384538300374,77.62082060092264
10gen,horizon,4,17,13,0.1,0.08,perfect,independent,0.0,0.0,0,65.0,11023858.094329001,11031345.209818423,3474211.629050868,0.0,-7549646.465278134,8.663808491864433,21.975605106057646,258.2900368911393,23.2057690900176,66.18121788785365,124.07553876004286,0.125,0.125,65.0,3685.0,0.2635416666666667,0.32083333333333336,266.95384538300374,45.18137419607525
10gen,horizon,4,18,1,0.1,0.08,perfect,independent,0.0,0.0,0,65.0,16683375.92976683,16692570.697000265,19113438.54380622,0.0,2430062.6140393913,199.04679096547721,251.91832136081976,357.0320000570167,506.9983575460193,257.130819643152,114.90450166347912,0.1423611111111111,0.1423611111111111,65.0,3560.0,0.24930555555555556,0.2420138888888889,556.078791022494,758.916678906839
10gen,horizon,4,18,3,0.1,0.08,perfect,independent,0.0,0.0,0,65.0,16683375.92976683,16692570.697000265,13052525.77125964,0.0,-3630850.1585071906,199.04679096547721,196.62482360684263,357.0320000570167,288.7349702416091,257.130819643152,114.90450166347912,0.1423611111111111,0.1423611111111111,65.0,3560.0,0.24930555555555556,0.26180555555555557,556.078791022494,485.3597938484518
10gen,horizon,4,18,7,0.1,0.08,perfect,independent,0.0,0.0,0,65.0,16683375.92976683,16692570.697000265,6747808.286218008,0.0,-9935567.643548822,199.04679096547721,109.32535383610816,357.0320000570167,101.5669629156525,257.130819643152,114.90450166347912,0.1423611111111111,0.1423611111111111,65.0,3685.0,0.24930555555555556,0.2878472222222222,556.078791022494,210.89231675176066
10gen,horizon,4,18,13,0.1,0.08,perfect,independent,0.0,0.0,0,65.0,16683375.92976683,16692570.697000265,4801725.322824853,0.0,-11881650.606941978,199.04679096547721,76.85542358081861,357.0320000570167,52.929241112683016,257.130819643152,114.90450166347912,0.1423611111111111,0.1423611111111111,65.0,3685.0,0.24930555555555556,0.3072916666666667,556.078791022494,129.7846646935016
10gen,horizon,7,12,1,0.1,0.08,perfect,independent,0.0,0.0,0,65.0,2260919.4598798826,2261030.3467781595,2309934.171355864,0.0,49014.7114759814,0.0,0.7882932747220744,9.46908474194322,10.737303177804865,4.568130254477485,0.3140551138843648,0.003472222222222222,0.010416666666666666,65.0,3520.0,0.043402777777777776,0.044444444444444446,9.46908474194322,11.525596452526939
10gen,horizon,7,12,3,0.1,0.08,perfect,independent,0.0,0.0,0,65.0,2260919.4598798826,2261030.3467781595,1176745.7439113888,0.0,-1084173.7159684938,0.0,0.0,9.46908474194322,0.3140551138843648,4.568130254477485,0.3140551138843648,0.003472222222222222,0.010416666666666666,65.0,3520.0,0.043402777777777776,0.04375,9.46908474194322,0.3140551138843648
10gen,horizon,7,12,7,0.1,0.08,perfect,independent,0.0,0.0,0,65.0,2260919.4598798826,2261030.3467781595,712301.1124919493,0.0,-1548618.3473879332,0.0,0.0,9.46908474194322,0.0,4.568130254477485,0.3140551138843648,0.003472222222222222,0.010416666666666666,65.0,3520.0,0.043402777777777776,0.04201388888888889,9.46908474194322,0.0
10gen,horizon,7,12,13,0.1,0.08,perfect,independent,0.0,0.0,0,65.0,2260919.4598798826,2261030.3467781595,712130.2115723803,0.0,-1548789.2483075024,0.0,0.0,9.46908474194322,0.0,4.568130254477485,0.3140551138843648,0.003472222222222222,0.010416666666666666,65.0,3520.0,0.043402777777777776,0.041666666666666664,9.46908474194322,0.0
10gen,horizon,7,13,1,0.1,0.08,perfect,independent,0.0,0.0,0,65.0,5193484.820747286,5193807.012490191,5934351.873399657,0.0,740867.0526523711,0.7189697763026477,2.362513017574694,20.706304797111216,30.114282577127227,6.63272582987554,0.4232246794524504,0.010416666666666666,0.024305555555555556,65.0,3520.0,0.07083333333333333,0.071875,21.425274573413862,32.47679559470192
10gen,horizon,7,13,3,0.1,0.08,perfect,independent,0.0,0.0,0,65.0,5193484.820747286,5193807.012490191,2914100.810162427,0.0,-2279384.010584859,0.7189697763026477,0.7189697763026477,20.706304797111216,0.3888580264216822,6.63272582987554,0.4232246794524504,0.010416666666666666,0.024305555555555556,65.0,3520.0,0.07083333333333333,0.07083333333333333,21.425274573413862,1.10782780272433
10gen,horizon,7,13,7,0.1,0.08,perfect,independent,0.0,0.0,0,65.0,5193484.820747286,5193807.012490191,2699621.096143336,0.0,-2493863.72460395,0.7189697763026477,0.0,20.706304797111216,0.7189697763026477,6.63272582987554,0.4232246794524504,0.010416666666666666,0.024305555555555556,65.0,3520.0,0.07083333333333333,0.06944444444444445,21.425274573413862,0.7189697763026477
10gen,horizon,7,13,13,0.1,0.08,perfect,independent,0.0,0.0,0,65.0,5193484.820747286,5193807.012490191,2483139.6546702194,0.0,-2710345.1660770667,0.7189697763026477,0.0,20.706304797111216,0.7189697763026477,6.63272582987554,0.4232246794524504,0.010416666666666666,0.024305555555555556,65.0,3520.0,0.07083333333333333,0.06770833333333333,21.425274573413862,0.7189697763026477
10gen,horizon,7,14,1,0.1,0.08,perfect,independent,0.0,0.0,0,65.0,4575805.66359816,4576207.006261088,4704464.556677734,0.0,128658.89307957329,0.0,0.5836743150071584,17.814609933293838,29.437834177556653,1.6469698626647755,5.803036956081304,0.020833333333333332,0.013888888888888888,65.0,3520.0,0.04756944444444444,0.05243055555555556,17.814609933293838,30.02150849256381
10gen,horizon,7,14,3,0.1,0.08,perfect,independent,0.0,0.0,0,65.0,4575805.66359816,4576207.006261088,3348426.441715488,0.0,-1227379.221882672,0.0,0.0,17.814609933293838,4.5670527470298525,1.6469698626647755,5.803036956081304,0.020833333333333332,0.013888888888888888,65.0,3520.0,0.04756944444444444,0.04722222222222222,17.814609933293838,4.5670527470298525
10gen,horizon,7,14,7,0.1,0.08,perfect,independent,0.0,0.0,0,65.0,4575805.66359816,4576207.006261088,2878978.8817951945,0.0,-1696826.7818029658,0.0,0.0,17.814609933293838,0.1328161978459074,1.6469698626647755,5.803036956081304,0.020833333333333332,0.013888888888888888,65.0,3520.0,0.04756944444444444,0.049305555555555554,17.814609933293838,0.1328161978459074
10gen,horizon,7,14,13,0.1,0.08,perfect,independent,0.0,0.0,0,65.0,4575805.66359816,4576207.006261088,2640170.3356363103,0.0,-1935635.32796185,0.0,0.0,17.814609933293838,0.0,1.6469698626647755,5.803036956081304,0.020833333333333332,0.013888888888888888,65.0,3520.0,0.04756944444444444,0.04791666666666667,17.814609933293838,0.0
10gen,horizon,7,15,1,0.1,0.08,perfect,independent,0.0,0.0,0,65.0,5819624.573566557,5821858.615991066,6990257.631120837,0.0,1170633.0575542804,0.0,0.0,30.531636006020427,65.72950286587823,4.3161403740800965,14.124460701270312,0.017361111111111112,0.03819444444444445,65.0,3520.0,0.06701388888888889,0.06770833333333333,30.531636006020427,65.72950286587823
10gen,horizon,7,15,3,0.1,0.08,perfect,independent,0.0,0.0,0,65.0,5819624.573566557,5821858.615991066,4046951.2442411995,0.0,-1772673.3293253575,0.0,0.0,30.531636006020427,12.161526411262097,4.3161403740800965,14.124460701270312,0.017361111111111112,0.03819444444444445,65.0,3520.0,0.06701388888888889,0.0642361111111111,30.531636006020427,12.161526411262097
10gen,horizon,7,15,7,0.1,0.08,perfect,independent,0.0,0.0,0,65.0,5819624.573566557,5821858.615991066,2913546.908333522,0.0,-2906077.665233035,0.0,0.0,30.531636006020427,0.0,4.3161403740800965,14.124460701270312,0.017361111111111112,0.03819444444444445,65.0,3520.0,0.06701388888888889,0.07013888888888889,30.531636006020427,0.0
10gen,horizon,7,15,13,0.1,0.08,perfect,independent,0.0,0.0,0,65.0,5819624.573566557,5821858.615991066,2672651.4068190595,0.0,-3146973.1667474974,0.0,0.0,30.531636006020427,0.0,4.3161403740800965,14.124460701270312,0.017361111111111112,0.03819444444444445,65.0,3520.0,0.06701388888888889,0.06909722222222223,30.531636006020427,0.0
10gen,horizon,7,16,1,0.1,0.08,perfect,independent,0.0,0.0,0,65.0,1775798.910853634,1775752.3030890971,1765174.630907574,0.0,-10624.27994605992,0.0,0.0,5.253918934651779,5.253918934651779,1.599245249771608,0.0,0.06944444444444445,0.003472222222222222,65.0,3520.0,0.06840277777777778,0.07083333333333333,5.253918934651779,5.253918934651779
10gen,horizon,7,16,3,0.1,0.08,perfect,independent,0.0,0.0,0,65.0,1775798.910853634,1775752.3030890971,737741.7190561707,0.0,-1038057.1917974632,0.0,0.0,5.253918934651779,0.0,1.599245249771608,0.0,0.06944444444444445,0.003472222222222222,65.0,3520.0,0.06840277777777778,0.06840277777777778,5.253918934651779,0.0
10gen,horizon,7,16,7,0.1,0.08,perfect,independent,0.0,0.0,0,65.0,1775798.910853634,1775752.3030890971,743641.0202697242,0.0,-1032157.8905839097,0.0,0.0,5.253918934651779,0.0,1.599245249771608,0.0,0.06944444444444445,0.003472222222222222,65.0,3520.0,0.06840277777777778,0.07048611111111111,5.253918934651779,0.0
10gen,horizon,7,16,13,0.1,0.08,perfect,independent,0.0,0.0,0,65.0,1775798.910853634,1775752.3030890971,743971.0069700485,0.0,-1031827.9038835854,0.0,0.0,5.253918934651779,0.0,1.599245249771608,0.0,0.06944444444444445,0.003472222222222222,65.0,3520.0,0.06840277777777778,0.07118055555555555,5.253918934651779,0.0
10gen,horizon,7,17,1,0.1,0.08,perfect,independent,0.0,0.0,0,65.0,1695840.462748264,1695854.576851116,1988030.9594648033,0.0,292190.4967165394,0.0,0.058201120195955504,2.4859394320645167,2.4859394320645167,0.0,0.0,0.003472222222222222,0.0,5.0,3519.5,0.022222222222222223,0.024305555555555556,2.4859394320645167,2.544140552260472
10gen,horizon,7,17,3,0.1,0.08,perfect,independent,0.0,0.0,0,65.0,1695840.462748264,1695854.576851116,1540.5830738882514,0.0,-1694299.8796743758,0.0,0.0,2.4859394320645167,0.0,0.0,0.0,0.003472222222222222,0.0,5.0,65.0,0.022222222222222223,0.01875,2.4859394320645167,0.0
10gen,horizon,7,17,7,0.1,0.08,perfect,independent,0.0,0.0,0,65.0,1695840.462748264,1695854.576851116,1534.8571269574504,0.0,-1694305.6056213065,0.0,0.0,2.4859394320645167,0.0,0.0,0.0,0.003472222222222222,0.0,5.0,57.0,0.022222222222222223,0.019791666666666666,2.4859394320645167,0.0
10gen,horizon,7,17,13,0.1,0.08,perfect,independent,0.0,0.0,0,65.0,1695840.462748264,1695854.576851116,1534.8571269574504,0.0,-1694305.6056213065,0.0,0.0,2.4859394320645167,0.0,0.0,0.0,0.003472222222222222,0.0,5.0,57.0,0.022222222222222223,0.019791666666666666,2.4859394320645167,0.0
10gen,horizon,7,18,1,0.1,0.08,perfect,independent,0.0,0.0,0,65.0,891.7520926887228,891.7520926887228,891.7520926887228,0.0,0.0,0.0,0.0,0.0,0.0,0.0,0.0,0.0,0.0,0.0,4.5,0.001736111111111111,0.001736111111111111,0.0,0.0
10gen,horizon,7,18,3,0.1,0.08,perfect,independent,0.0,0.0,0,65.0,891.7520926887228,891.7520926887228,365.9076637904491,0.0,-525.8444288982737,0.0,0.0,0.0,0.0,0.0,0.0,0.0,0.0,0.0,4.5,0.001736111111111111,0.0020833333333333333,0.0,0.0
10gen,horizon,7,18,7,0.1,0.08,perfect,independent,0.0,0.0,0,65.0,891.7520926887228,891.7520926887228,345.33439453170377,0.0,-546.417698157019,0.0,0.0,0.0,0.0,0.0,0.0,0.0,0.0,0.0,4.5,0.001736111111111111,0.0020833333333333333,0.0,0.0
10gen,horizon,7,18,13,0.1,0.08,perfect,independent,0.0,0.0,0,65.0,891.7520926887228,891.7520926887228,345.33439453170377,0.0,-546.417698157019,0.0,0.0,0.0,0.0,0.0,0.0,0.0,0.0,0.0,4.5,0.001736111111111111,0.0020833333333333333,0.0,0.0
10gen,horizon,10,12,1,0.1,0.08,perfect,independent,0.0,0.0,0,65.0,8436152.547239946,8448133.00591029,9616912.507229058,0.0,1180759.9599891119,5.616652511012717,8.12748694288723,726.2893884343739,775.925311207297,59.7544535426861,60.30196932805882,0.125,0.10069444444444445,65.0,3520.0,0.15694444444444444,0.15868055555555555,731.9060409453866,784.0527981501842
10gen,horizon,10,12,3,0.1,0.08,perfect,independent,0.0,0.0,0,65.0,8436152.547239946,8448133.00591029,7994789.616874537,0.0,-441362.93036540877,5.616652511012717,6.327428095124901,726.2893884343739,681.8835148803619,59.7544535426861,60.30196932805882,0.125,0.10069444444444445,65.0,3520.0,0.15694444444444444,0.15868055555555555,731.9060409453866,688.2109429754868
10gen,horizon,10,12,7,0.1,0.08,perfect,independent,0.0,0.0,0,65.0,8436152.547239946,8448133.00591029,5274789.042573481,0.0,-3161363.5046664653,5.616652511012717,0.0,726.2893884343739,575.8140984850436,59.7544535426861,60.30196932805882,0.125,0.10069444444444445,65.0,3520.0,0.15694444444444444,0.15902777777777777,731.9060409453866,575.8140984850436
10gen,horizon,10,12,13,0.1,0.08,perfect,independent,0.0,0.0,0,65.0,8436152.547239946,8448133.00591029,4608068.575155293,0.0,-3828083.9720846536,5.616652511012717,0.0,726.2893884343739,502.59049988117704,59.7544535426861,60.30196932805882,0.125,0.10069444444444445,65.0,3520.0,0.15694444444444444,0.1579861111111111,731.9060409453866,502.59049988117704
10gen,horizon,10,13,1,0.1,0.08,perfect,independent,0.0,0.0,0,65.0,1470494.3965623481,1471850.6314790444,1948791.5708927696,0.0,478297.1743304215,0.0,0.0,4.7049056537408465,14.19404173163887,0.0,4.123730835217467,0.0625,0.017361111111111112,30.0,3519.5,0.035069444444444445,0.03784722222222222,4.7049056537408465,14.19404173163887
10gen,horizon,10,13,3,0.1,0.08,perfect,independent,0.0,0.0,0,65.0,1470494.3965623481,1471850.6314790444,1409312.2338432656,0.0,-61182.16271908255,0.0,0.0,4.7049056537408465,4.650803732331724,0.0,4.123730835217467,0.0625,0.017361111111111112,30.0,3519.5,0.035069444444444445,0.03611111111111111,4.7049056537408465,4.650803732331724
10gen,horizon,10,13,7,0.1,0.08,perfect,independent,0.0,0.0,0,65.0,1470494.3965623481,1471850.6314790444,217253.4898809841,0.0,-1253240.906681364,0.0,0.0,4.7049056537408465,0.288168915554858,0.0,4.123730835217467,0.0625,0.017361111111111112,30.0,3519.5,0.035069444444444445,0.034027777777777775,4.7049056537408465,0.288168915554858
10gen,horizon,10,13,13,0.1,0.08,perfect,independent,0.0,0.0,0,65.0,1470494.3965623481,1471850.6314790444,214864.37896689965,0.0,-1255630.0175954485,0.0,0.0,4.7049056537408465,0.0,0.0,4.123730835217467,0.0625,0.017361111111111112,30.0,3519.5,0.035069444444444445,0.029861111111111113,4.7049056537408465,0.0
10gen,horizon,10,14,1,0.1,0.08,perfect,independent,0.0,0.0,0,65.0,759745.4735849778,760062.323511114,1267346.9253369784,0.0,507601.4517520006,0.0,0.0,0.11690835391362953,2.595537363293147,0.0,0.11690835391362953,0.0,0.010416666666666666,0.0,3519.5,0.017708333333333333,0.01875,0.11690835391362953,2.595537363293147
10gen,horizon,10,14,3,0.1,0.08,perfect,independent,0.0,0.0,0,65.0,759745.4735849778,760062.323511114,497930.62300721154,0.0,-261814.85057776625,0.0,0.0,0.11690835391362953,0.10998318583813216,0.0,0.11690835391362953,0.0,0.010416666666666666,0.0,3519.5,0.017708333333333333,0.017361111111111112,0.11690835391362953,0.10998318583813216
10gen,horizon,10,14,7,0.1,0.08,perfect,independent,0.0,0.0,0,65.0,759745.4735849778,760062.323511114,244779.09981397833,0.0,-514966.3737709995,0.0,0.0,0.11690835391362953,0.0,0.0,0.11690835391362953,0.0,0.010416666666666666,0.0,3519.5,0.017708333333333333,0.016319444444444445,0.11690835391362953,0.0
10gen,horizon,10,14,13,0.1,0.08,perfect,independent,0.0,0.0,0,65.0,759745.4735849778,760062.323511114,355.60999815276955,0.0,-759389.863586825,0.0,0.0,0.11690835391362953,0.0,0.0,0.11690835391362953,0.0,0.010416666666666666,0.0,4.5,0.017708333333333333,0.01423611111111111,0.11690835391362953,0.0
10gen,horizon,10,15,1,0.1,0.08,perfect,independent,0.0,0.0,0,65.0,5571.743380639664,5571.743380639664,5571.743380639664,0.0,0.0,0.0,0.0,0.0,0.0,0.0,0.0,0.0,0.0,0.0,18.0,0.018055555555555554,0.018055555555555554,0.0,0.0
10gen,horizon,10,15,3,0.1,0.08,perfect,independent,0.0,0.0,0,65.0,5571.743380639664,5571.743380639664,4401.0418274531985,0.0,-1170.7015531864654,0.0,0.0,0.0,0.0,0.0,0.0,0.0,0.0,0.0,10.0,0.018055555555555554,0.017013888888888887,0.0,0.0
10gen,horizon,10,15,7,0.1,0.08,perfect,independent,0.0,0.0,0,65.0,5571.743380639664,5571.743380639664,2448.679966880227,0.0,-3123.063413759437,0.0,0.0,0.0,0.0,0.0,0.0,0.0,0.0,0.0,18.0,0.018055555555555554,0.016666666666666666,0.0,0.0
10gen,horizon,10,15,13,0.1,0.08,perfect,independent,0.0,0.0,0,65.0,5571.743380639664,5571.743380639664,280.3442458095669,0.0,-5291.399134830097,0.0,0.0,0.0,0.0,0.0,0.0,0.0,0.0,0.0,18.0,0.018055555555555554,0.014583333333333334,0.0,0.0
10gen,horizon,10,16,1,0.1,0.08,perfect,independent,0.0,0.0,0,65.0,1776513.9041513759,1776533.8057838269,2041249.7272678574,0.0,264735.82311648154,0.0,0.0,3.507832301870697,4.450680502552075,0.0,0.0,0.0,0.006944444444444444,0.0,3519.5,0.022222222222222223,0.022916666666666665,3.507832301870697,4.450680502552075
10gen,horizon,10,16,3,0.1,0.08,perfect,independent,0.0,0.0,0,65.0,1776513.9041513759,1776533.8057838269,456319.2950819746,0.0,-1320194.6090694014,0.0,0.0,3.507832301870697,0.0,0.0,0.0,0.0,0.006944444444444444,0.0,3519.5,0.022222222222222223,0.018055555555555554,3.507832301870697,0.0
10gen,horizon,10,16,7,0.1,0.08,perfect,independent,0.0,0.0,0,65.0,1776513.9041513759,1776533.8057838269,203722.5946234112,0.0,-1572791.3095279648,0.0,0.0,3.507832301870697,0.0,0.0,0.0,0.0,0.006944444444444444,0.0,3519.5,0.022222222222222223,0.017708333333333333,3.507832301870697,0.0
10gen,horizon,10,16,13,0.1,0.08,perfect,independent,0.0,0.0,0,65.0,1776513.9041513759,1776533.8057838269,203268.05267025088,0.0,-1573245.851481125,0.0,0.0,3.507832301870697,0.0,0.0,0.0,0.0,0.006944444444444444,0.0,3519.5,0.022222222222222223,0.017708333333333333,3.507832301870697,0.0
10gen,horizon,10,17,1,0.1,0.08,perfect,independent,0.0,0.0,0,65.0,4144119.811746545,4145352.366182802,4879407.462678957,0.0,735287.6509324117,0.0,0.0,26.5378867335367,33.47286984239219,0.0,12.334733506684177,0.006944444444444444,0.034722222222222224,30.0,3519.5,0.04652777777777778,0.04618055555555556,26.5378867335367,33.47286984239219
10gen,horizon,10,17,3,0.1,0.08,perfect,independent,0.0,0.0,0,65.0,4144119.811746545,4145352.366182802,2646262.6600857945,0.0,-1497857.1516607506,0.0,0.0,26.5378867335367,16.03778934201431,0.0,12.334733506684177,0.006944444444444444,0.034722222222222224,30.0,3519.5,0.04652777777777778,0.04861111111111111,26.5378867335367,16.03778934201431
10gen,horizon,10,17,7,0.1,0.08,perfect,independent,0.0,0.0,0,65.0,4144119.811746545,4145352.366182802,628272.8601254054,0.0,-3515846.95162114,0.0,0.0,26.5378867335367,0.6309390937243885,0.0,12.334733506684177,0.006944444444444444,0.034722222222222224,30.0,3519.5,0.04652777777777778,0.04652777777777778,26.5378867335367,0.6309390937243885
10gen,horizon,10,17,13,0.1,0.08,perfect,independent,0.0,0.0,0,65.0,4144119.811746545,4145352.366182802,189548.15035158282,0.0,-3954571.661394962,0.0,0.0,26.5378867335367,0.0,0.0,12.334733506684177,0.006944444444444444,0.034722222222222224,30.0,3519.5,0.04652777777777778,0.044097222222222225,26.5378867335367,0.0
10gen,horizon,10,18,1,0.1,0.08,perfect,independent,0.0,0.0,0,65.0,20782802.546408504,20794089.24992039,20948254.124016885,0.0,165451.57760838047,4240.793280254709,4243.308431805079,2597.688782663292,2600.5800011277192,842.1272401052113,289.6496811474823,0.2881944444444444,0.125,65.0,3685.0,0.3190972222222222,0.31875,6838.482062918001,6843.8884329327975
10gen,horizon,10,18,3,0.1,0.08,perfect,independent,0.0,0.0,0,65.0,20782802.546408504,20794089.24992039,18042068.277630724,0.0,-2740734.2687777802,4240.793280254709,4038.9115795566836,2597.688782663292,2537.9290752719558,842.1272401052113,289.6496811474823,0.2881944444444444,0.125,65.0,3685.0,0.3190972222222222,0.3190972222222222,6838.482062918001,6576.840654828639
10gen,horizon,10,18,7,0.1,0.08,perfect,independent,0.0,0.0,0,65.0,20782802.546408504,20794089.24992039,14080338.768239638,0.0,-6702463.778168866,4240.793280254709,3834.5505489795305,2597.688782663292,2428.002258364235,842.1272401052113,289.6496811474823,0.2881944444444444,0.125,65.0,3685.0,0.3190972222222222,0.3229166666666667,6838.482062918001,6262.552807343765
10gen,horizon,10,18,13,0.1,0.08,perfect,independent,0.0,0.0,0,65.0,20782802.546408504,20794089.24992039,9792011.516069956,0.0,-10990791.030338548,4240.793280254709,3627.5938018710062,2597.688782663292,2183.785458611572,842.1272401052113,289.6496811474823,0.2881944444444444,0.125,65.0,3685.0,0.3190972222222222,0.32430555555555557,6838.482062918001,5811.379260482578
10gen,forecast_error,1,12,13,0.2,0.08,controlled_ar1,ar1_delivery,0.9,0.0,0,65.0,4634084.949099935,4650638.523742137,1748077.1280067149,0.0,-2886007.82109322,494.12676572750445,446.11097635884653,552.557546269736,163.01328665483058,431.18937249385203,57.70791614407328,0.22916666666666666,0.06597222222222222,65.0,3520.0,0.07743055555555556,0.0798611111111111,1046.6843119972405,609.1242630136771
10gen,forecast_error,1,12,13,0.2,0.08,controlled_ar1,ar1_delivery,0.9,0.01,11,65.0,4945280.1801781105,4963588.036478168,1856140.657980879,0.0,-3089139.5221972317,511.4122211624429,446.11097635884653,555.0651399556482,166.00484667557112,462.13509389661414,54.4331991973063,0.2569444444444444,0.06597222222222222,65.0,3520.0,0.07916666666666666,0.07777777777777778,1066.477361118091,612.1158230344176
10gen,forecast_error,1,12,13,0.2,0.08,controlled_ar1,ar1_delivery,0.9,0.01,22,65.0,4902509.286560958,4918090.446283807,2219011.12922005,0.0,-2683498.1573409084,504.9308784159149,456.8634000223194,556.3976264253776,164.83748268152843,445.6985395416182,54.048549474661236,0.21875,0.0625,65.0,3520.0,0.07881944444444444,0.07951388888888888,1061.3285048412924,621.7008827038478
10gen,forecast_error,1,12,13,0.2,0.08,controlled_ar1,ar1_delivery,0.9,0.01,33,65.0,4475990.399964156,4493996.747249407,1499784.5692282848,0.0,-2976205.8307358706,475.7236605433667,432.2393525506101,553.3868364674204,163.1430099624001,471.2691937940908,56.09334943068129,0.23958333333333334,0.06597222222222222,65.0,3520.0,0.08090277777777778,0.07777777777777778,1029.1104970107872,595.3823625130102
10gen,forecast_error,1,12,13,0.2,0.08,controlled_ar1,ar1_delivery,0.9,0.03,11,65.0,5168283.8059747275,5186738.768587071,2084162.0076741462,0.0,-3084121.798300581,521.1619360865657,445.8174217647063,559.0978812273453,172.24902406814888,609.439381295128,48.390158491557465,0.2638888888888889,0.052083333333333336,65.0,3520.0,0.084375,0.08229166666666667,1080.2598173139108,618.0664458328552
10gen,forecast_error,1,12,13,0.2,0.08,controlled_ar1,ar1_delivery,0.9,0.03,22,65.0,5003314.447035465,5018651.654423569,2601837.6197223635,0.0,-2401476.827313102,521.0729055946505,477.5080258866884,563.7321615044633,168.28390999775266,500.16517657040697,47.8359355193264,0.22916666666666666,0.059027777777777776,65.0,3520.0,0.07916666666666666,0.08090277777777778,1084.8050670991138,645.791935884441
10gen,forecast_error,1,12,13,0.2,0.08,controlled_ar1,ar1_delivery,0.9,0.03,33,65.0,4479215.905142046,4498939.490531759,2002165.1672496377,0.0,-2477050.737892408,475.7236605433667,428.01909688665756,553.6041340861926,163.4891008179054,614.8272792145414,53.26054174776493,0.24305555555555555,0.0625,65.0,3552.0,0.08368055555555555,0.08333333333333333,1029.3277946295593,591.5081977045629
10gen,forecast_error,1,12,13,0.2,0.08,controlled_ar1,ar1_delivery,0.9,0.05,11,65.0,5653956.833559861,5674225.796204457,2330447.4056779854,0.0,-3323509.427881876,536.5443554306036,444.3055214172042,559.0978812273453,175.8621046845206,793.3766221379631,41.82030148465216,0.2638888888888889,0.06944444444444445,65.0,3520.0,0.08854166666666667,0.08993055555555556,1095.6422366579488,620.1676261017249
10gen,forecast_error,1,12,13,0.2,0.08,controlled_ar1,ar1_delivery,0.9,0.05,22,65.0,5483839.692350901,5499470.486750958,2586673.0258221948,0.0,-2897166.666528706,536.9281968905644,489.624622486173,563.7321615044633,169.24197530894003,570.5440957131268,43.19030504776763,0.21875,0.06597222222222222,65.0,3520.0,0.08611111111111111,0.08888888888888889,1100.6603583950277,658.866597795113
10gen,forecast_error,1,12,13,0.2,0.08,controlled_ar1,ar1_delivery,0.9,0.05,33,65.0,4481435.488987115,4502728.199003842,3205407.5334023084,0.0,-1276027.9555848069,475.7236605433667,423.790169153276,553.8231064793346,167.22171168190732,780.530309502021,50.89032146408894,0.25,0.052083333333333336,65.0,3557.0,0.08784722222222222,0.09270833333333334,1029.5467670227013,591.0118808351833
10gen,forecast_error,1,13,13,0.2,0.08,controlled_ar1,ar1_delivery,0.9,0.0,0,65.0,474635.4799248218,474981.01852168224,155.5015226500017,0.0,-474479.9784021718,0.0,0.0,0.09609716308139582,0.0,0.0,0.09609716308139582,0.0,0.006944444444444444,0.0,18.0,0.01423611111111111,0.0125,0.09609716308139582,0.0
10gen,forecast_error,1,13,13,0.2,0.08,controlled_ar1,ar1_delivery,0.9,0.01,11,65.0,955433.7322950818,955812.8989617486,278.67907019601915,0.0,-955155.0532248858,0.0,0.0,2.8041708335949425,0.0,0.0,0.7135818661722434,0.0,0.003472222222222222,0.0,18.0,0.015277777777777777,0.010069444444444445,2.8041708335949425,0.0
10gen,forecast_error,1,13,13,0.2,0.08,controlled_ar1,ar1_delivery,0.9,0.01,22,65.0,473888.2938821037,473907.85827215324,496.5544498412285,0.0,-473391.7394322625,0.0,0.0,0.9981838879876458,0.0,0.0,0.0,0.0,0.006944444444444444,0.0,20.0,0.013888888888888888,0.010416666666666666,0.9981838879876458,0.0
10gen,forecast_error,1,13,13,0.2,0.08,controlled_ar1,ar1_delivery,0.9,0.01,33,65.0,234917.59881792497,235167.55435220787,593.0320792248846,0.0,-234324.5667387001,0.0,0.0,0.09609716308139582,0.0,0.0,0.17453325078889748,0.0,0.006944444444444444,0.0,18.0,0.013888888888888888,0.010416666666666666,0.09609716308139582,0.0
10gen,forecast_error,1,13,13,0.2,0.08,controlled_ar1,ar1_delivery,0.9,0.03,11,65.0,955897.1604874792,955953.7750440752,2144.244626097861,0.0,-953752.9158613813,0.0,0.0,2.8041708335949425,0.0,0.0,0.0,0.006944444444444444,0.024305555555555556,20.0,18.0,0.01597222222222222,0.011805555555555555,2.8041708335949425,0.0
10gen,forecast_error,1,13,13,0.2,0.08,controlled_ar1,ar1_delivery,0.9,0.03,22,65.0,701669.6701036886,701671.3530406142,3181.0751851844616,0.0,-698488.5949185041,0.0,0.0,2.8013669001119297,0.0,0.0,0.0,0.0,0.003472222222222222,0.0,25.0,0.01423611111111111,0.011458333333333333,2.8013669001119297,0.0
10gen,forecast_error,1,13,13,0.2,0.08,controlled_ar1,ar1_delivery,0.9,0.03,33,65.0,234806.32545367914,235598.04324556183,4097.201695102778,0.0,-230709.12375857634,0.0,0.0,0.09609716308139582,0.0,0.0,0.3314054262039102,0.013888888888888888,0.013888888888888888,37.0,20.0,0.015277777777777777,0.010763888888888889,0.09609716308139582,0.0
10gen,forecast_error,1,13,13,0.2,0.08,controlled_ar1,ar1_delivery,0.9,0.05,11,65.0,965827.1118743573,968332.5794819457,18916.875643536205,0.0,-946910.2362308211,0.0,0.0,2.8041708335949425,0.0,0.5054561124975028,3.2420954970130254,0.024305555555555556,0.04861111111111111,65.0,50.5,0.025694444444444443,0.022569444444444444,2.8041708335949425,0.0
10gen,forecast_error,1,13,13,0.2,0.08,controlled_ar1,ar1_delivery,0.9,0.05,22,65.0,701057.7467956746,702013.1416990358,20051.638363428545,0.0,-681006.108432246,0.0,0.0,2.8013669001119297,0.0,0.0,0.9773594431618733,0.013888888888888888,0.03125,30.0,39.5,0.014930555555555556,0.014583333333333334,2.8013669001119297,0.0
10gen,forecast_error,1,13,13,0.2,0.08,controlled_ar1,ar1_delivery,0.9,0.05,33,65.0,241260.67684640124,244949.89724612457,26997.152367109546,0.0,-214263.5244792917,0.0,0.0,0.09609716308139582,0.0,6.406228501556616,1.9147659268213033,0.041666666666666664,0.05555555555555555,65.0,146.0,0.030555555555555555,0.017361111111111112,0.09609716308139582,0.0
10gen,forecast_error,1,14,13,0.2,0.08,controlled_ar1,ar1_delivery,0.9,0.0,0,65.0,3867109.2691455833,3879498.574196998,445799.5811486948,0.0,-3421309.6879968885,55.75640432273758,28.597455490965974,291.32568194787973,18.509237602437267,211.78751948683185,43.98757430979749,0.1909722222222222,0.06597222222222222,65.0,3519.5,0.07708333333333334,0.07604166666666666,347.0820862706173,47.10669309340324
10gen,forecast_error,1,14,13,0.2,0.08,controlled_ar1,ar1_delivery,0.9,0.01,11,65.0,4124692.1436079754,4136812.219928026,849827.5555866743,0.0,-3274864.588021301,73.28117003570526,49.6017590138329,292.11970538393524,22.746348086665222,262.2172014449791,40.0911034700554,0.18055555555555555,0.059027777777777776,65.0,3519.5,0.08020833333333334,0.07222222222222222,365.4008754196405,72.34810710049811
10gen,forecast_error,1,14,13,0.2,0.08,controlled_ar1,ar1_delivery,0.9,0.01,22,65.0,4054102.41883484,4066706.680961163,505392.0871095976,0.0,-3548710.3317252425,50.451924797237474,18.065865036832633,292.11970538393524,21.44886031688434,217.8974340076626,38.144912725620216,0.18055555555555555,0.052083333333333336,65.0,3519.5,0.08020833333333334,0.07048611111111111,342.57163018117274,39.51472535371697
10gen,forecast_error,1,14,13,0.2,0.08,controlled_ar1,ar1_delivery,0.9,0.01,33,65.0,4218488.07699123,4231184.557303731,285518.55303403584,0.0,-3932969.5239571943,86.62268946886698,28.597455490965974,292.11970538393524,18.509237602437267,197.64571422322058,43.0058815276953,0.21180555555555555,0.059027777777777776,65.0,3519.5,0.0798611111111111,0.06909722222222223,378.74239485280225,47.10669309340324
10gen,forecast_error,1,14,13,0.2,0.08,controlled_ar1,ar1_delivery,0.9,0.03,11,65.0,4402747.54391089,4417841.100109287,1310602.7672393005,0.0,-3092144.7766715894,89.30232651666913,65.02568691425695,295.39964907899116,35.69353405388739,440.07128127043967,32.41424327336651,0.1736111111111111,0.052083333333333336,65.0,3519.5,0.08506944444444445,0.07951388888888888,384.7019755956603,100.71922096814434
10gen,forecast_error,1,14,13,0.2,0.08,controlled_ar1,ar1_delivery,0.9,0.03,22,65.0,4143595.219446331,4155509.131790508,880315.0739068785,0.0,-3263280.1455394523,63.33332673830864,19.5775950273211,292.11970538393524,29.373619089506253,259.08193577813665,29.914562749635028,0.1840277777777778,0.05555555555555555,65.0,3519.5,0.08576388888888889,0.08020833333333334,355.4530321222439,48.95121411682735
10gen,forecast_error,1,14,13,0.2,0.08,controlled_ar1,ar1_delivery,0.9,0.03,33,65.0,4305786.404332152,4324272.094732314,796206.1614542505,0.0,-3509580.242877901,94.84706988233256,28.597455490965974,292.11970538393524,19.043761189759138,207.20360432992226,41.402665468460455,0.21180555555555555,0.05555555555555555,65.0,3519.5,0.09444444444444444,0.07569444444444444,386.9667752662678,47.64121668072511
10gen,forecast_error,1,14,13,0.2,0.08,controlled_ar1,ar1_delivery,0.9,0.05,11,65.0,4800919.3300428055,4817354.753725453,1804810.5218470204,0.0,-2996108.808195785,89.30232651666913,67.36398829344058,337.75474209490346,36.80734593154048,631.5849764408074,27.645585517728797,0.17708333333333334,0.059027777777777776,65.0,3519.5,0.090625,0.08993055555555556,427.0570686115726,104.17133422498107
10gen,forecast_error,1,14,13,0.2,0.08,controlled_ar1,ar1_delivery,0.9,0.05,22,65.0,4067937.425872362,4082827.9711896963,1128688.401599924,0.0,-2939249.024272438,51.70596946989396,21.065036643860157,292.11970538393524,37.636398526684594,312.12044680957933,29.038515218563816,0.19444444444444445,0.059027777777777776,65.0,3519.5,0.09270833333333334,0.09513888888888888,343.8256748538292,58.701435170544755
10gen,forecast_error,1,14,13,0.2,0.08,controlled_ar1,ar1_delivery,0.9,0.05,33,65.0,4219258.5914971465,4242868.081916725,1198471.9275666643,0.0,-3020786.663930482,84.5244171526045,18.44141140282636,292.11970538393524,21.979477260702744,256.15179157011175,40.49639835137373,0.2222222222222222,0.05555555555555555,65.0,3522.0,0.10104166666666667,0.09340277777777778,376.6441225365397,40.420888663529105
10gen,forecast_error,1,15,13,0.2,0.08,controlled_ar1,ar1_delivery,0.9,0.0,0,65.0,2298062.4537749803,2300470.0837902417,262176.14608877175,0.0,-2035886.3076862085,0.0,0.0,56.11348840628674,0.0,0.0,16.42677978260942,0.0,0.020833333333333332,0.0,3519.5,0.028125,0.025347222222222222,56.11348840628674,0.0
10gen,forecast_error,1,15,13,0.2,0.08,controlled_ar1,ar1_delivery,0.9,0.01,11,65.0,2298062.4537749803,2300470.0837902417,141821.05162749102,0.0,-2156241.402147489,0.0,0.0,56.11348840628674,0.30986346165521184,0.0,13.802399631169644,0.0,0.020833333333333332,0.0,3519.5,0.028125,0.026041666666666668,56.11348840628674,0.30986346165521184
10gen,forecast_error,1,15,13,0.2,0.08,controlled_ar1,ar1_delivery,0.9,0.01,22,65.0,2298441.620441647,2300470.0837902417,264942.5600196646,0.0,-2033499.0604219823,0.0,0.0,56.11348840628674,0.4522387435953779,0.0,14.174524073399613,0.0,0.017361111111111112,0.0,3519.5,0.028125,0.024305555555555556,56.11348840628674,0.4522387435953779
10gen,forecast_error,1,15,13,0.2,0.08,controlled_ar1,ar1_delivery,0.9,0.01,33,65.0,2298441.620441647,2300470.0837902417,141026.3392103225,0.0,-2157415.281231324,0.0,0.0,56.11348840628674,0.11418734797178823,0.0,15.311196239928552,0.0,0.017361111111111112,0.0,3519.5,0.028125,0.023958333333333335,56.11348840628674,0.11418734797178823
10gen,forecast_error,1,15,13,0.2,0.08,controlled_ar1,ar1_delivery,0.9,0.03,11,65.0,2298058.6666564215,2300522.0319554885,301040.03773363365,0.0,-1997018.628922788,0.0,0.0,56.11348840628674,1.368438521400255,0.0,8.902967130682237,0.010416666666666666,0.020833333333333332,27.0,3519.5,0.029513888888888888,0.027430555555555555,56.11348840628674,1.368438521400255
10gen,forecast_error,1,15,13,0.2,0.08,controlled_ar1,ar1_delivery,0.9,0.03,22,65.0,2299065.699146476,2300833.167754714,429612.30892406043,0.0,-1869453.3902224158,0.0,0.0,56.11348840628674,1.3904287035298257,0.0,10.366530867758172,0.013888888888888888,0.013888888888888888,30.0,3519.5,0.03194444444444444,0.02638888888888889,56.11348840628674,1.3904287035298257
10gen,forecast_error,1,15,13,0.2,0.08,controlled_ar1,ar1_delivery,0.9,0.03,33,65.0,2298176.4377010264,2300669.6526884045,146357.78943368906,0.0,-2151818.6482673376,0.0,0.0,56.11348840628674,0.3425620439153647,0.0,13.699270812824992,0.013888888888888888,0.027777777777777776,25.0,3519.5,0.029166666666666667,0.02638888888888889,56.11348840628674,0.3425620439153647
10gen,forecast_error,1,15,13,0.2,0.08,controlled_ar1,ar1_delivery,0.9,0.05,11,65.0,2354365.2810500576,2356746.9147101645,312749.4777143094,0.0,-2041615.8033357481,0.0,0.0,73.20816157048395,2.607892368021102,0.0,8.114931552964856,0.03819444444444445,0.017361111111111112,40.0,3519.5,0.03263888888888889,0.03333333333333333,73.20816157048395,2.607892368021102
10gen,forecast_error,1,15,13,0.2,0.08,controlled_ar1,ar1_delivery,0.9,0.05,22,65.0,2313808.556587448,2316242.6628822866,480905.92487386486,0.0,-1832902.6317135831,0.0,0.0,60.97599405366111,2.3523319955562365,2.691282494517414,8.372807487273946,0.03125,0.024305555555555556,65.0,3519.5,0.03958333333333333,0.03229166666666667,60.97599405366111,2.3523319955562365
10gen,forecast_error,1,15,13,0.2,0.08,controlled_ar1,ar1_delivery,0.9,0.05,33,65.0,2301339.7736867312,2305532.691413644,169985.22310499198,0.0,-2131354.5505817393,0.0,0.0,56.11348840628674,0.40371324038279965,0.4974103159026034,14.883515316926097,0.041666666666666664,0.027777777777777776,65.0,3519.5,0.036458333333333336,0.030555555555555555,56.11348840628674,0.40371324038279965
10gen,forecast_error,1,16,13,0.2,0.08,controlled_ar1,ar1_delivery,0.9,0.0,0,65.0,2712145.0278956178,2713374.8147789557,680.113183808856,0.0,-2711464.914711809,0.0,0.0,11.774990483213452,0.0,0.0,5.93660184860595,0.013888888888888888,0.017361111111111112,10.0,20.0,0.04375,0.034722222222222224,11.774990483213452,0.0
10gen,forecast_error,1,16,13,0.2,0.08,controlled_ar1,ar1_delivery,0.9,0.01,11,65.0,2478580.709965943,2479919.534599622,2093.9114560991816,0.0,-2476486.7985098436,0.0,0.0,13.654292779731657,0.0,0.0,5.175055644731249,0.013888888888888888,0.017361111111111112,25.0,25.0,0.044444444444444446,0.03263888888888889,13.654292779731657,0.0
10gen,forecast_error,1,16,13,0.2,0.08,controlled_ar1,ar1_delivery,0.9,0.01,22,65.0,2721287.399472078,2722499.608860903,1462.3643372851848,0.0,-2719825.035134793,0.0,0.0,14.234592439357286,0.0,0.0,4.832381969391699,0.010416666666666666,0.013888888888888888,27.0,25.0,0.04513888888888889,0.03194444444444444,14.234592439357286,0.0
10gen,forecast_error,1,16,13,0.2,0.08,controlled_ar1,ar1_delivery,0.9,0.01,33,65.0,2720910.9224425233,2722741.9460570756,3150.7850982759796,0.0,-2717760.137344247,0.0,0.0,14.975449415777703,0.0,0.0,6.72313158936158,0.024305555555555556,0.013888888888888888,30.0,28.0,0.044097222222222225,0.028819444444444446,14.975449415777703,0.0
10gen,forecast_error,1,16,13,0.2,0.08,controlled_ar1,ar1_delivery,0.9,0.03,11,65.0,2491463.058294546,2493136.738400815,357675.2716295452,0.0,-2133787.7866650005,0.0,0.0,17.412897372768,0.42865129337318797,0.0,3.7917217530450955,0.024305555555555556,0.017361111111111112,30.0,3520.0,0.04652777777777778,0.030555555555555555,17.412897372768,0.42865129337318797
10gen,forecast_error,1,16,13,0.2,0.08,controlled_ar1,ar1_delivery,0.9,0.03,22,65.0,2612089.8382829917,2614779.2511819755,559184.4041319866,0.0,-2052905.434151005,0.0,0.0,18.192466044327222,0.5282580097141457,0.9789696372555454,2.6239422109631882,0.027777777777777776,0.027777777777777776,65.0,3520.0,0.04652777777777778,0.03576388888888889,18.192466044327222,0.5282580097141457
10gen,forecast_error,1,16,13,0.2,0.08,controlled_ar1,ar1_delivery,0.9,0.03,33,65.0,2736623.8178725247,2740817.1240718677,28954.305968280056,0.0,-2707669.511904245,0.0,0.0,19.39562743601019,0.0,6.699883918758549,8.992713579111324,0.034722222222222224,0.024305555555555556,65.0,175.0,0.04861111111111111,0.03298611111111111,19.39562743601019,0.0
10gen,forecast_error,1,16,13,0.2,0.08,controlled_ar1,ar1_delivery,0.9,0.05,11,65.0,2245879.454014021,2249206.5915492685,366119.9354044567,0.0,-1879759.5186095643,0.0,0.0,18.82299000274455,0.42865129337318797,4.623765946807509,3.5910314889193367,0.03819444444444445,0.027777777777777776,65.0,3520.0,0.053125,0.03819444444444445,18.82299000274455,0.42865129337318797
10gen,forecast_error,1,16,13,0.2,0.08,controlled_ar1,ar1_delivery,0.9,0.05,22,65.0,2620187.2182442164,2627849.130282471,3264433.220480701,0.0,644246.0022364845,0.0,0.0,19.198634902166663,0.5282580097141457,7.7935139601831525,2.5875659974294694,0.059027777777777776,0.052083333333333336,65.0,3520.0,0.05625,0.04548611111111111,19.198634902166663,0.5282580097141457
10gen,forecast_error,1,16,13,0.2,0.08,controlled_ar1,ar1_delivery,0.9,0.05,33,65.0,2736921.9095408986,2742980.5452391324,479010.9597063955,0.0,-2257910.9498345032,0.0,0.0,19.292131605938835,0.0,20.88519050844517,11.620104204950346,0.04513888888888889,0.04861111111111111,65.0,3510.0,0.05173611111111111,0.03923611111111111,19.292131605938835,0.0
10gen,forecast_error,1,17,13,0.2,0.08,controlled_ar1,ar1_delivery,0.9,0.0,0,65.0,4577787.066464282,4593089.585805921,829413.5802289136,0.0,-3748373.486235368,38.56507512300227,0.0,207.85245103968083,5.724065264590173,82.16878929140317,61.36922774846105,0.1111111111111111,0.059027777777777776,65.0,3548.0,0.10625,0.10902777777777778,246.4175261626831,5.724065264590173
10gen,forecast_error,1,17,13,0.2,0.08,controlled_ar1,ar1_delivery,0.9,0.01,11,65.0,4650905.748457713,4665875.356425483,1083219.377889519,0.0,-3567686.370568194,38.911648938646366,0.49685766921044205,208.63423052080958,11.39534751065673,91.05868346053597,56.89394913616589,0.125,0.05555555555555555,65.0,3550.0,0.10590277777777778,0.10138888888888889,247.54587945945593,11.892205179867172
10gen,forecast_error,1,17,13,0.2,0.08,controlled_ar1,ar1_delivery,0.9,0.01,22,65.0,4697194.970215077,4712937.332477956,1117721.4141842285,0.0,-3579473.556030848,38.56507512300227,1.0783337877365398,213.07805090260868,7.663320370811275,82.16170336034313,59.44203631141014,0.13541666666666666,0.052083333333333336,65.0,3530.0,0.10833333333333334,0.10277777777777777,251.64312602561097,8.741654158547814
10gen,forecast_error,1,17,13,0.2,0.08,controlled_ar1,ar1_delivery,0.9,0.01,33,65.0,4230285.878250727,4245099.226793277,697511.7102414818,0.0,-3532774.168009246,27.146557217241707,0.0,209.70287927654488,5.898279388456996,103.53334959992324,63.27273886473807,0.11458333333333333,0.059027777777777776,65.0,3520.0,0.10590277777777778,0.096875,236.84943649378658,5.898279388456996
10gen,forecast_error,1,17,13,0.2,0.08,controlled_ar1,ar1_delivery,0.9,0.03,11,65.0,4840644.147314596,4859733.956022106,1771589.4055642607,0.0,-3069054.7417503353,39.39140054921309,0.5441633409650422,212.2805893078243,19.399964425796437,153.1666367872159,45.810733396160664,0.18055555555555555,0.0763888888888889,65.0,3550.0,0.11458333333333333,0.12118055555555556,251.67198985703737,19.94412776676148
10gen,forecast_error,1,17,13,0.2,0.08,controlled_ar1,ar1_delivery,0.9,0.03,22,65.0,4824032.835859147,4842119.240827934,1818137.486813896,0.0,-3005895.3490452506,38.56507512300227,5.831966702067594,215.6275274426112,10.815782933234475,118.76905043635739,51.63801005880303,0.16319444444444445,0.059027777777777776,65.0,3530.0,0.11805555555555555,0.10972222222222222,254.19260256561347,16.64774963530207
10gen,forecast_error,1,17,13,0.2,0.08,controlled_ar1,ar1_delivery,0.9,0.03,33,65.0,4315782.947346936,4331734.829404239,731456.9823000713,0.0,-3584325.965046865,20.91884123921803,0.0,208.42786191764088,5.413259232793614,158.59334105409096,66.41799291778722,0.13541666666666666,0.059027777777777776,65.0,3520.0,0.11493055555555555,0.09756944444444444,229.34670315685892,5.413259232793614
10gen,forecast_error,1,17,13,0.2,0.08,controlled_ar1,ar1_delivery,0.9,0.05,11,65.0,5477501.2705208715,5500635.891236063,1818492.7102116817,0.0,-3659008.56030919,39.39140054921309,0.944468905451951,232.70736985631447,17.651660697912597,257.3542502544391,41.31286283419039,0.1840277777777778,0.06944444444444445,65.0,3550.0,0.12743055555555555,0.13993055555555556,272.09877040552755,18.59612960336455
10gen,forecast_error,1,17,13,0.2,0.08,controlled_ar1,ar1_delivery,0.9,0.05,22,65.0,5100395.354520289,5120879.454515504,2785287.0020590336,0.0,-2315108.3524612556,47.52387434615656,10.947529350392085,216.347979314371,13.903297460853953,185.81982486016136,50.74645466757043,0.1875,0.059027777777777776,65.0,3530.0,0.12986111111111112,0.13020833333333334,263.87185366052756,24.850826811246037
10gen,forecast_error,1,17,13,0.2,0.08,controlled_ar1,ar1_delivery,0.9,0.05,33,65.0,4264915.446358007,4283512.266420818,839569.7714174814,0.0,-3425345.674940526,15.586067224623548,0.0,200.57912805872755,4.244153531746663,229.7749346889217,67.17257075302516,0.16319444444444445,0.0625,65.0,3560.0,0.12048611111111111,0.11597222222222223,216.1651952833511,4.244153531746663
10gen,forecast_error,1,18,13,0.2,0.08,controlled_ar1,ar1_delivery,0.9,0.0,0,65.0,1281966.0586419282,1283378.4935395312,741.7396358976403,0.0,-1281224.3190060307,0.0,0.0,10.261088932267691,0.0,0.0,5.260862554351689,0.0,0.010416666666666666,0.0,20.0,0.017708333333333333,0.013194444444444444,10.261088932267691,0.0
10gen,forecast_error,1,18,13,0.2,0.08,controlled_ar1,ar1_delivery,0.9,0.01,11,65.0,1469970.095180542,1470796.0693879293,1954.7446982350048,0.0,-1468015.350482307,0.0,0.0,14.377739271818996,0.0,0.0,4.060382327700779,0.0,0.010416666666666666,0.0,20.0,0.017708333333333333,0.01423611111111111,14.377739271818996,0.0
10gen,forecast_error,1,18,13,0.2,0.08,controlled_ar1,ar1_delivery,0.9,0.01,22,65.0,1279129.500124364,1279996.981028013,1600.4349509338394,0.0,-1277529.0651734301,0.0,0.0,10.606746090405474,0.0,0.0,4.006515703783511,0.0,0.010416666666666666,0.0,20.0,0.017361111111111112,0.013888888888888888,10.606746090405474,0.0
10gen,forecast_error,1,18,13,0.2,0.08,controlled_ar1,ar1_delivery,0.9,0.01,33,65.0,1281966.0586419282,1283378.4935395312,1511.926646535384,0.0,-1280454.131995393,0.0,0.0,10.261088932267691,0.0,0.0,5.178666335098029,0.0,0.010416666666666666,0.0,16.0,0.017708333333333333,0.013541666666666667,10.261088932267691,0.0
10gen,forecast_error,1,18,13,0.2,0.08,controlled_ar1,ar1_delivery,0.9,0.03,11,65.0,1693318.260355067,1694637.8010001075,11998.42499321008,0.0,-1681319.835361857,0.0,0.0,29.067376823659316,0.0,0.0,2.9486310663194786,0.06597222222222222,0.010416666666666666,40.0,50.0,0.025,0.019791666666666666,29.067376823659316,0.0
10gen,forecast_error,1,18,13,0.2,0.08,controlled_ar1,ar1_delivery,0.9,0.03,22,65.0,1474167.0806198101,1475057.114664882,5525.349647492885,0.0,-1468641.7309723173,0.0,0.0,15.545835186314225,0.0,0.0,2.787031194567665,0.03125,0.010416666666666666,25.0,20.0,0.019444444444444445,0.016666666666666666,15.545835186314225,0.0
10gen,forecast_error,1,18,13,0.2,0.08,controlled_ar1,ar1_delivery,0.9,0.03,33,65.0,1282527.3603267057,1285335.9097277555,8977.145462070284,0.0,-1273550.2148646354,0.0,0.0,10.261088932267691,0.0,0.6326783138900964,5.014273896590717,0.04861111111111111,0.010416666666666666,65.0,38.0,0.025347222222222222,0.018055555555555554,10.261088932267691,0.0
10gen,forecast_error,1,18,13,0.2,0.08,controlled_ar1,ar1_delivery,0.9,0.05,11,65.0,1705239.3782821903,1709152.7560168137,237413.6650518196,0.0,-1467825.7132303708,0.0,0.0,31.63037746688052,0.4004142910702342,3.2098296028617215,0.48805090854859634,0.08333333333333333,0.010416666666666666,65.0,3519.5,0.035069444444444445,0.029166666666666667,31.63037746688052,0.4004142910702342
10gen,forecast_error,1,18,13,0.2,0.08,controlled_ar1,ar1_delivery,0.9,0.05,22,65.0,1665754.8542084298,1668052.4184560385,241921.22671323884,0.0,-1423833.627495191,0.0,0.0,20.915098723163084,0.1723350519047339,2.6578748468826534,1.5675466853518192,0.034722222222222224,0.027777777777777776,65.0,3519.5,0.03263888888888889,0.023958333333333335,20.915098723163084,0.1723350519047339
10gen,forecast_error,1,18,13,0.2,0.08,controlled_ar1,ar1_delivery,0.9,0.05,33,65.0,1285036.5258342056,1291048.5870138993,37778.49089540238,0.0,-1247258.0349388032,0.0,0.0,10.261088932267691,0.0,9.156275602270131,4.849881458083407,0.06944444444444445,0.03125,65.0,146.0,0.04027777777777778,0.029166666666666667,10.261088932267691,0.0
10gen,forecast_error,4,12,13,0.2,0.08,controlled_ar1,ar1_delivery,0.9,0.0,0,65.0,1563671.9961901207,1565488.5418643355,203309.5181527178,0.0,-1360362.478037403,0.0,0.0,28.64917510272835,0.0811605271298177,0.0,10.056237323927885,0.017361111111111112,0.04513888888888889,27.0,3519.5,0.05138888888888889,0.05277777777777778,28.64917510272835,0.0811605271298177
10gen,forecast_error,4,12,13,0.2,0.08,controlled_ar1,ar1_delivery,0.9,0.01,11,65.0,1900555.8388831955,1902598.5644852573,150367.00704265817,0.0,-1750188.8318405375,0.0,0.0,32.34045611125116,0.5987293725009236,0.221743173792485,8.751681903904428,0.024305555555555556,0.041666666666666664,65.0,3519.5,0.05486111111111111,0.049305555555555554,32.34045611125116,0.5987293725009236
10gen,forecast_error,4,12,13,0.2,0.08,controlled_ar1,ar1_delivery,0.9,0.01,22,65.0,2035307.7200965267,2037277.2011841552,149811.7620850379,0.0,-1885495.958011489,0.0,0.0,32.339032260624414,0.29073780672936006,0.0,10.86459873680056,0.024305555555555556,0.04513888888888889,25.0,3519.5,0.053125,0.04756944444444444,32.339032260624414,0.29073780672936006
10gen,forecast_error,4,12,13,0.2,0.08,controlled_ar1,ar1_delivery,0.9,0.01,33,65.0,1469922.6839716828,1472110.2556979514,23243.047197182528,0.0,-1446679.6367745004,0.0,0.0,28.502722369642747,0.2976639632180582,0.0,8.907469631769061,0.034722222222222224,0.04513888888888889,30.0,3515.0,0.053125,0.04583333333333333,28.502722369642747,0.2976639632180582
10gen,forecast_error,4,12,13,0.2,0.08,controlled_ar1,ar1_delivery,0.9,0.03,11,65.0,2570832.4717970192,2573775.839768875,168052.08523439837,0.0,-2402780.3865626208,0.0,0.0,41.479975794012915,1.2108868003249396,7.069454070682657,6.789463053895139,0.034722222222222224,0.034722222222222224,65.0,3519.5,0.057291666666666664,0.05,41.479975794012915,1.2108868003249396
10gen,forecast_error,4,12,13,0.2,0.08,controlled_ar1,ar1_delivery,0.9,0.03,22,65.0,2461264.5931190965,2467067.3322978592,155618.52043846215,0.0,-2305646.0726806344,0.0,0.0,34.33518068132892,0.5288203684457233,0.12563430507462195,12.727391685108325,0.0625,0.052083333333333336,65.0,3519.5,0.06597222222222222,0.05138888888888889,34.33518068132892,0.5288203684457233
10gen,forecast_error,4,12,13,0.2,0.08,controlled_ar1,ar1_delivery,0.9,0.03,33,65.0,2037989.6236436882,2041962.9318847274,30107.549499727014,0.0,-2007882.074143961,0.0,0.0,33.66123873212599,0.7306708353945357,6.908335356927428,7.522266753790817,0.052083333333333336,0.041666666666666664,65.0,3515.0,0.06527777777777778,0.04826388888888889,33.66123873212599,0.7306708353945357
10gen,forecast_error,4,12,13,0.2,0.08,controlled_ar1,ar1_delivery,0.9,0.05,11,65.0,2583047.5828332547,2588171.6891649514,192507.7113187938,0.0,-2390539.871514461,0.0,0.0,44.42195121272324,1.4187295399710884,18.465851633527564,6.069916247838613,0.04861111111111111,0.034722222222222224,65.0,3519.5,0.06041666666666667,0.059027777777777776,44.42195121272324,1.4187295399710884
10gen,forecast_error,4,12,13,0.2,0.08,controlled_ar1,ar1_delivery,0.9,0.05,22,65.0,2462532.1068498683,2474702.5728299166,3122354.8870705897,0.0,659822.7802207214,0.0,0.0,32.50047164146132,0.8272602626563282,19.1510026153122,17.05922797744262,0.09027777777777778,0.06597222222222222,65.0,3519.5,0.08888888888888889,0.0642361111111111,32.50047164146132,0.8272602626563282
10gen,forecast_error,4,12,13,0.2,0.08,controlled_ar1,ar1_delivery,0.9,0.05,33,65.0,2041783.6210467434,2049615.8864986014,63562.25161121563,0.0,-1978221.3694355278,0.0,0.0,33.16983542033088,1.3924885897907935,32.40935770239078,6.914438398099698,0.1111111111111111,0.041666666666666664,65.0,3515.0,0.07708333333333334,0.06076388888888889,33.16983542033088,1.3924885897907935
10gen,forecast_error,4,13,13,0.2,0.08,controlled_ar1,ar1_delivery,0.9,0.0,0,65.0,321007.79109150957,321012.70322598517,405.855602714692,0.0,-320601.9354887949,0.0,0.0,0.807930032417649,0.0,0.0,0.0,0.003472222222222222,0.003472222222222222,2.0,20.0,0.01875,0.017361111111111112,0.807930032417649,0.0
10gen,forecast_error,4,13,13,0.2,0.08,controlled_ar1,ar1_delivery,0.9,0.01,11,65.0,320899.5722424309,320969.80223259225,749.4035351995566,0.0,-320150.1687072313,0.0,0.0,0.807930032417649,0.0,0.0,0.0,0.013888888888888888,0.003472222222222222,20.0,20.0,0.016666666666666666,0.012152777777777778,0.807930032417649,0.0
10gen,forecast_error,4,13,13,0.2,0.08,controlled_ar1,ar1_delivery,0.9,0.01,22,65.0,321057.52894857124,321064.48498397786,536.9558361245762,0.0,-320520.57311244664,0.0,0.0,0.807930032417649,0.0,0.0,0.0,0.003472222222222222,0.006944444444444444,2.0,20.0,0.01875,0.013194444444444444,0.807930032417649,0.0
10gen,forecast_error,4,13,13,0.2,0.08,controlled_ar1,ar1_delivery,0.9,0.01,33,65.0,321008.4710652909,321014.9773771346,898.0259382975524,0.0,-320110.44512699335,0.0,0.0,0.807930032417649,0.0,0.0,0.0,0.006944444444444444,0.003472222222222222,2.0,18.0,0.01875,0.013194444444444444,0.807930032417649,0.0
10gen,forecast_error,4,13,13,0.2,0.08,controlled_ar1,ar1_delivery,0.9,0.03,11,65.0,406950.8956110505,407410.0891815582,90603.91272639902,0.0,-316346.98288465146,0.0,0.0,1.631968800846304,0.19268269702031185,0.0,0.0,0.017361111111111112,0.003472222222222222,35.0,3519.5,0.01875,0.020833333333333332,1.631968800846304,0.19268269702031185
10gen,forecast_error,4,13,13,0.2,0.08,controlled_ar1,ar1_delivery,0.9,0.03,22,65.0,325668.0270331284,326337.148518571,5355.059348596003,0.0,-320312.9676845324,0.0,0.0,0.807930032417649,0.0,1.2920660173968486,0.06472430697071255,0.013888888888888888,0.017361111111111112,65.0,20.0,0.025694444444444443,0.015277777777777777,0.807930032417649,0.0
10gen,forecast_error,4,13,13,0.2,0.08,controlled_ar1,ar1_delivery,0.9,0.03,33,65.0,321241.76957517467,321598.8581901226,239503.18353075333,0.0,-81738.58604442133,0.0,0.0,0.807930032417649,0.15786830515269418,0.0,0.0,0.020833333333333332,0.013888888888888888,30.0,3519.5,0.021527777777777778,0.01840277777777778,0.807930032417649,0.15786830515269418
10gen,forecast_error,4,13,13,0.2,0.08,controlled_ar1,ar1_delivery,0.9,0.05,11,65.0,407831.36663020606,409660.90165878757,111092.16167091143,0.0,-296739.20495929464,0.0,0.0,1.631968800846304,0.5432085596473257,0.31806908888391183,0.0,0.024305555555555556,0.020833333333333332,65.0,3519.5,0.024305555555555556,0.027083333333333334,1.631968800846304,0.5432085596473257
10gen,forecast_error,4,13,13,0.2,0.08,controlled_ar1,ar1_delivery,0.9,0.05,22,65.0,326593.10557655763,328641.30617729685,32204.551867037342,0.0,-294388.55370952026,0.0,0.0,0.807930032417649,0.0,7.513982866522269,4.953901202584433,0.027777777777777776,0.03819444444444445,65.0,55.0,0.030555555555555555,0.019791666666666666,0.807930032417649,0.0
10gen,forecast_error,4,13,13,0.2,0.08,controlled_ar1,ar1_delivery,0.9,0.05,33,65.0,407909.46781689086,409899.7830346049,254419.65358619942,0.0,-153489.81423069144,0.0,0.0,1.0073479581486517,0.1643857925731993,1.6764921462976,0.3027450536482661,0.027777777777777776,0.027777777777777776,65.0,3519.5,0.029861111111111113,0.034375,1.0073479581486517,0.1643857925731993
10gen,forecast_error,4,14,13,0.2,0.08,controlled_ar1,ar1_delivery,0.9,0.0,0,65.0,1151655.206517535,1151656.8481551872,1301.428063740425,0.0,-1150353.7784537945,0.0,0.0,3.345556197102373,0.0,0.0,0.0,0.0,0.003472222222222222,0.0,20.0,0.017013888888888887,0.017361111111111112,3.345556197102373,0.0
10gen,forecast_error,4,14,13,0.2,0.08,controlled_ar1,ar1_delivery,0.9,0.01,11,65.0,1155540.7000642838,1155540.7000642838,1720.6323985086037,0.0,-1153820.0676657753,0.0,0.0,4.445382110571292,0.0,0.0,0.0,0.0,0.0,0.0,18.0,0.017013888888888887,0.014930555555555556,4.445382110571292,0.0
10gen,forecast_error,4,14,13,0.2,0.08,controlled_ar1,ar1_delivery,0.9,0.01,22,65.0,1155540.7000642838,1155540.7000642838,1546.510855229769,0.0,-1153994.189209054,0.0,0.0,4.445382110571292,0.0,0.0,0.0,0.0,0.0,0.0,20.0,0.017013888888888887,0.01597222222222222,4.445382110571292,0.0
10gen,forecast_error,4,14,13,0.2,0.08,controlled_ar1,ar1_delivery,0.9,0.01,33,65.0,1155540.7000642838,1155540.7000642838,1394.9421135841146,0.0,-1154145.7579506997,0.0,0.0,4.445382110571292,0.0,0.0,0.0,0.0,0.0,0.0,20.0,0.017013888888888887,0.015625,4.445382110571292,0.0
10gen,forecast_error,4,14,13,0.2,0.08,controlled_ar1,ar1_delivery,0.9,0.03,11,65.0,1155501.6979875069,1155556.7133202984,3872.955445054071,0.0,-1151628.7425424529,0.0,0.0,4.445382110571292,0.0,0.0,0.0,0.010416666666666666,0.0,20.0,28.0,0.016666666666666666,0.02013888888888889,4.445382110571292,0.0
10gen,forecast_error,4,14,13,0.2,0.08,controlled_ar1,ar1_delivery,0.9,0.03,22,65.0,1155653.6965235588,1155658.5362838581,232596.3375579723,0.0,-923057.3589655865,0.0,0.0,4.445382110571292,0.017301905903110537,0.0,0.0,0.010416666666666666,0.0,27.0,3519.5,0.019444444444444445,0.01597222222222222,4.445382110571292,0.017301905903110537
10gen,forecast_error,4,14,13,0.2,0.08,controlled_ar1,ar1_delivery,0.9,0.03,33,65.0,1152415.9811088485,1152494.1195412106,3119.8077111195757,0.0,-1149296.173397729,0.0,0.0,3.659575381008314,0.0,0.0,0.0,0.013888888888888888,0.017361111111111112,27.0,28.0,0.019097222222222224,0.016319444444444445,3.659575381008314,0.0
10gen,forecast_error,4,14,13,0.2,0.08,controlled_ar1,ar1_delivery,0.9,0.05,11,65.0,1155452.6243442425,1156074.7119953486,249023.5556376581,0.0,-906429.0687065844,0.0,0.0,4.445382110571292,0.6170257988770704,0.0,0.0,0.020833333333333332,0.003472222222222222,35.0,3519.5,0.018055555555555554,0.020833333333333332,4.445382110571292,0.6170257988770704
10gen,forecast_error,4,14,13,0.2,0.08,controlled_ar1,ar1_delivery,0.9,0.05,22,65.0,1156539.464488995,1157201.9381678146,729401.7477056986,0.0,-427137.71678329643,0.0,0.0,4.445382110571292,1.067841054006133,3.198906385138476,0.0,0.017361111111111112,0.017361111111111112,65.0,3519.5,0.024305555555555556,0.022222222222222223,4.445382110571292,1.067841054006133
10gen,forecast_error,4,14,13,0.2,0.08,controlled_ar1,ar1_delivery,0.9,0.05,33,65.0,918508.6836697299,919839.3291713183,10143.062601836487,0.0,-908365.6210678933,0.0,0.0,3.407350690473322,0.0,0.1616087726081711,0.9863855909116712,0.017361111111111112,0.027777777777777776,65.0,35.0,0.025,0.025694444444444443,3.407350690473322,0.0
10gen,forecast_error,4,15,13,0.2,0.08,controlled_ar1,ar1_delivery,0.9,0.0,0,65.0,2485288.470824673,2486895.936881301,335815.647371191,0.0,-2149472.823453482,0.0,0.0,41.98643306713562,0.0,0.0,15.21998797928155,0.017361111111111112,0.017361111111111112,7.0,3519.5,0.05277777777777778,0.05173611111111111,41.98643306713562,0.0
10gen,forecast_error,4,15,13,0.2,0.08,controlled_ar1,ar1_delivery,0.9,0.01,11,65.0,2490625.2321300087,2492244.617025235,338876.1871365546,0.0,-2151749.044993454,0.0,0.0,43.51165630795454,0.7350116092188064,0.0,11.72085080964543,0.034722222222222224,0.013888888888888888,35.0,3519.5,0.05277777777777778,0.04791666666666667,43.51165630795454,0.7350116092188064
10gen,forecast_error,4,15,13,0.2,0.08,controlled_ar1,ar1_delivery,0.9,0.01,22,65.0,2490585.118041908,2492198.7780108186,373522.3863151612,0.0,-2117062.7317267465,0.0,0.0,43.51165630795454,0.8135683069398946,0.0,12.19280239171336,0.013888888888888888,0.013888888888888888,27.0,3519.5,0.05416666666666667,0.04722222222222222,43.51165630795454,0.8135683069398946
10gen,forecast_error,4,15,13,0.2,0.08,controlled_ar1,ar1_delivery,0.9,0.01,33,65.0,2490611.0431891484,2492307.1932047885,159372.64884115124,0.0,-2331238.3943479974,0.0,0.0,43.51165630795454,0.38682225923625424,0.0,15.035036265468714,0.03125,0.013888888888888888,37.0,3519.5,0.05243055555555556,0.04375,43.51165630795454,0.38682225923625424
10gen,forecast_error,4,15,13,0.2,0.08,controlled_ar1,ar1_delivery,0.9,0.03,11,65.0,2536283.737800209,2538437.837774617,679226.3389007924,0.0,-1857057.3988994164,0.0,0.0,57.42542760021031,2.7973019063164246,2.690755024838817,5.929612560441862,0.03819444444444445,0.013888888888888888,65.0,3519.5,0.05590277777777778,0.052083333333333336,57.42542760021031,2.7973019063164246
10gen,forecast_error,4,15,13,0.2,0.08,controlled_ar1,ar1_delivery,0.9,0.03,22,65.0,2534043.3466278156,2535890.412178838,579293.7873562064,0.0,-1954749.5592716092,0.0,0.0,57.12721837022691,2.7743684191498232,2.7143313692470956,7.31233294775861,0.03125,0.020833333333333332,65.0,3519.5,0.05694444444444444,0.050694444444444445,57.12721837022691,2.7743684191498232
10gen,forecast_error,4,15,13,0.2,0.08,controlled_ar1,ar1_delivery,0.9,0.03,33,65.0,2490574.57513281,2494105.3388530924,651984.5432764457,0.0,-1838590.0318563643,0.0,0.0,43.51165630795454,2.4150637292305057,4.303455399412806,14.36885191537892,0.04513888888888889,0.017361111111111112,65.0,3519.5,0.058680555555555555,0.050347222222222224,43.51165630795454,2.4150637292305057
10gen,forecast_error,4,15,13,0.2,0.08,controlled_ar1,ar1_delivery,0.9,0.05,11,65.0,2740674.36659586,2744647.9016600023,1021184.7005639807,0.0,-1719489.6660318794,0.0,1.0264840261927475,68.10519547088205,5.062546006655921,13.50726184210047,1.5327688599056821,0.04513888888888889,0.006944444444444444,65.0,3519.5,0.06215277777777778,0.058680555555555555,68.10519547088205,6.089030032848669
10gen,forecast_error,4,15,13,0.2,0.08,controlled_ar1,ar1_delivery,0.9,0.05,22,65.0,2740868.064435885,2744546.362415837,1604063.7800459433,0.0,-1136804.2843899415,0.0,0.0,68.10519547088205,2.2443246360069127,16.716544513899784,4.9152236367336,0.059027777777777776,0.034722222222222224,65.0,3530.0,0.06527777777777778,0.05486111111111111,68.10519547088205,2.2443246360069127
10gen,forecast_error,4,15,13,0.2,0.08,controlled_ar1,ar1_delivery,0.9,0.05,33,65.0,2491110.2741362434,2497904.3361372827,672018.0645874509,0.0,-1819092.2095487923,0.0,0.0,43.51165630795454,2.9628814268421495,12.560255780293119,14.288926904360986,0.04861111111111111,0.027777777777777776,65.0,3519.5,0.06631944444444444,0.06076388888888889,43.51165630795454,2.9628814268421495
10gen,forecast_error,4,16,13,0.2,0.08,controlled_ar1,ar1_delivery,0.9,0.0,0,65.0,4635149.669671342,4647791.922224954,1129649.82689776,0.0,-3505499.842773582,212.91130660387776,165.0497089313829,288.95146771363784,8.733257568321982,260.86396668865234,43.2169842245175,0.1388888888888889,0.05555555555555555,65.0,3530.0,0.11493055555555555,0.11701388888888889,501.8627743175156,173.78296649970488
10gen,forecast_error,4,16,13,0.2,0.08,controlled_ar1,ar1_delivery,0.9,0.01,11,65.0,4112070.9595130486,4124637.957892019,682645.2986692179,0.0,-3429425.6608438306,202.9656555521648,169.05488317893332,292.37745063845927,13.542376236699038,265.07808994793396,39.93457628202069,0.1423611111111111,0.05555555555555555,65.0,3520.0,0.115625,0.10069444444444445,495.3431061906241,182.59725941563235
10gen,forecast_error,4,16,13,0.2,0.08,controlled_ar1,ar1_delivery,0.9,0.01,22,65.0,4755514.8741558585,4767830.9714456,542119.2403848004,0.0,-4213395.633771058,202.67569679434456,177.7234799860668,292.22054773291643,12.590315200255997,258.25939376317206,38.9106669625495,0.13194444444444445,0.04861111111111111,65.0,3520.0,0.11458333333333333,0.10798611111111112,494.896244527261,190.31379518632278
10gen,forecast_error,4,16,13,0.2,0.08,controlled_ar1,ar1_delivery,0.9,0.01,33,65.0,4470843.518583395,4483893.864702359,427912.80375066045,0.0,-4042930.7148327343,209.34929327489942,147.7234799860668,290.3312841189809,10.963479883204961,271.4451920565837,40.37270578363143,0.1423611111111111,0.04861111111111111,65.0,3520.0,0.11736111111111111,0.10347222222222222,499.6805773938803,158.68695986927176
10gen,forecast_error,4,16,13,0.2,0.08,controlled_ar1,ar1_delivery,0.9,0.03,11,65.0,3811246.2493636445,3823502.0539992764,681552.7171221066,0.0,-3129693.532241538,188.23910451962212,155.14217647002903,302.329332131195,23.872110007977206,298.7021327941525,36.32438172733365,0.1527777777777778,0.04861111111111111,65.0,3520.0,0.11423611111111111,0.10486111111111111,490.5684366508171,179.01428647800623
10gen,forecast_error,4,16,13,0.2,0.08,controlled_ar1,ar1_delivery,0.9,0.03,22,65.0,4499368.19576986,4508816.858941141,1095768.659457759,0.0,-3403599.5363121014,202.7140498715562,190.15135920411655,294.8052061871878,26.167043303978012,290.43635319874136,33.38363836984754,0.13194444444444445,0.03819444444444445,65.0,3520.0,0.11388888888888889,0.11527777777777778,497.519256058744,216.31840250809455
10gen,forecast_error,4,16,13,0.2,0.08,controlled_ar1,ar1_delivery,0.9,0.03,33,65.0,4356692.922427202,4371851.474783508,773439.8006785507,0.0,-3583253.121748651,208.78475255889683,132.0926474552997,290.06276040173145,20.243433582292475,328.8629397137795,36.42373969183899,0.1597222222222222,0.041666666666666664,65.0,3520.0,0.12222222222222222,0.11145833333333334,498.84751296062825,152.33608103759218
10gen,forecast_error,4,16,13,0.2,0.08,controlled_ar1,ar1_delivery,0.9,0.05,11,65.0,4263392.124539891,4277108.2003934495,1658055.5050400817,0.0,-2605336.6194998096,188.120966829756,131.06524286682418,319.52312777956297,32.34066107889895,346.69114257296087,33.73412985826131,0.1527777777777778,0.06597222222222222,65.0,3557.0,0.121875,0.11666666666666667,507.6440946093189,163.40590394572314
10gen,forecast_error,4,16,13,0.2,0.08,controlled_ar1,ar1_delivery,0.9,0.05,22,65.0,4775994.898241591,4785571.203129474,1107666.344439051,0.0,-3668328.5538025396,206.8672303053412,192.8637799623381,298.5848479132332,32.89945385680958,343.76823154318964,29.69692330241631,0.125,0.04861111111111111,65.0,3520.0,0.11493055555555555,0.12118055555555556,505.4520782185744,225.76323381914767
10gen,forecast_error,4,16,13,0.2,0.08,controlled_ar1,ar1_delivery,0.9,0.05,33,65.0,4358264.244429575,4374886.080789328,2220174.8616939057,0.0,-2138089.3827356696,208.78475255889683,111.96745358474041,289.79423668448203,30.33913219302345,412.4748829826566,35.28122788724015,0.1840277777777778,0.03125,65.0,3520.0,0.12118055555555556,0.12361111111111112,498.5789892433788,142.30658577776387
10gen,forecast_error,4,17,13,0.2,0.08,controlled_ar1,ar1_delivery,0.9,0.0,0,65.0,6187715.565465436,6193777.5254128175,1481363.5429632035,0.0,-4706352.022502232,0.5944916554479202,5.756061383113263,99.13766558922653,0.0,0.0,54.81776542531259,0.013888888888888888,0.0625,40.0,3530.0,0.1076388888888889,0.10555555555555556,99.73215724467445,5.756061383113263
10gen,forecast_error,4,17,13,0.2,0.08,controlled_ar1,ar1_delivery,0.9,0.01,11,65.0,6518365.8078796435,6523705.664496448,871502.6499005271,0.0,-5646863.157979117,0.5944916554479202,5.748888217952649,109.01905697018756,0.88395196133276,0.0,51.61761374128279,0.013888888888888888,0.05555555555555555,40.0,3530.0,0.10694444444444444,0.09826388888888889,109.61354862563549,6.632840179285409
10gen,forecast_error,4,17,13,0.2,0.08,controlled_ar1,ar1_delivery,0.9,0.01,22,65.0,5423549.621104483,5428668.546942936,1188075.952699588,0.0,-4235473.668404895,0.5944916554479202,5.178402004194661,102.69568573135152,3.8482936599137076,0.7276662439321815,51.182234225789884,0.024305555555555556,0.059027777777777776,65.0,3530.0,0.10590277777777778,0.09340277777777778,103.29017738679944,9.026695664108368
10gen,forecast_error,4,17,13,0.2,0.08,controlled_ar1,ar1_delivery,0.9,0.01,33,65.0,4780029.72186189,4785364.602114377,1011625.1136314915,0.0,-3768404.608230398,0.5944916554479202,5.846262292909879,94.44702193770982,1.6647247296205592,0.0,55.16934607348736,0.020833333333333332,0.06944444444444445,27.0,3520.0,0.10381944444444445,0.09652777777777778,95.04151359315775,7.510987022530438
10gen,forecast_error,4,17,13,0.2,0.08,controlled_ar1,ar1_delivery,0.9,0.03,11,65.0,6503181.349997148,6508978.491972836,2286725.8109332416,0.0,-4216455.539063906,0.5944916554479202,5.734541887631417,122.65757674629288,7.812257593236225,1.4922944713430297,49.662906751863325,0.034722222222222224,0.059027777777777776,65.0,3530.0,0.10972222222222222,0.10173611111111111,123.2520684017408,13.546799480867643
10gen,forecast_error,4,17,13,0.2,0.08,controlled_ar1,ar1_delivery,0.9,0.03,22,65.0,5577563.451754255,5583540.992691916,2262951.946745828,0.0,-3314611.5050084274,0.5944916554479202,4.023083246357463,113.4308673063825,12.094582317406088,7.481280786572976,46.71014406115192,0.03125,0.08333333333333333,65.0,3530.0,0.10833333333333334,0.09340277777777778,114.02535896183042,16.117665563763552
10gen,forecast_error,4,17,13,0.2,0.08,controlled_ar1,ar1_delivery,0.9,0.03,33,65.0,4300685.877423858,4307705.974142318,1346130.2291011359,0.0,-2954555.6483227224,0.5944916554479202,6.621155767951028,92.44250096974204,3.112329672938069,2.738382576352497,59.219320024961156,0.020833333333333332,0.08333333333333333,65.0,3520.0,0.10625,0.10243055555555555,93.03699262518997,9.733485440889098
10gen,forecast_error,4,17,13,0.2,0.08,controlled_ar1,ar1_delivery,0.9,0.05,11,65.0,6338630.865182509,6347537.80703101,3212722.4665492307,0.0,-3125908.398633278,0.5944916554479202,6.650829786375903,133.69320345001728,17.747702140244602,7.114375495104449,51.80065365097015,0.059027777777777776,0.052083333333333336,65.0,3530.0,0.11527777777777778,0.1076388888888889,134.2876951054652,24.398531926620507
10gen,forecast_error,4,17,13,0.2,0.08,controlled_ar1,ar1_delivery,0.9,0.05,22,65.0,5498328.778969681,5505925.907226779,2677424.708841602,0.0,-2820904.070128079,0.0,2.8677644885202653,114.91158635643599,21.30623831356009,19.6530215563554,49.312760668279346,0.04861111111111111,0.08333333333333333,65.0,3530.0,0.11180555555555556,0.10104166666666667,114.91158635643599,24.174002802080356
10gen,forecast_error,4,17,13,0.2,0.08,controlled_ar1,ar1_delivery,0.9,0.05,33,65.0,4329583.631039076,4339274.388789557,1558502.661423239,0.0,-2771080.9696158366,0.5944916554479202,6.801557587544257,91.94039931827498,3.6141409292843747,16.557103934011003,65.62273360993501,0.020833333333333332,0.09375,65.0,3520.0,0.10659722222222222,0.11458333333333333,92.53489097372291,10.41569851682863
10gen,forecast_error,4,18,13,0.2,0.08,controlled_ar1,ar1_delivery,0.9,0.0,0,65.0,7647107.213059201,7656893.738906433,1653748.4820135215,0.0,-5993358.731045679,81.8434201123847,47.01114228567258,56.04394893740883,0.0,151.77247227592812,20.437443587872142,0.08680555555555555,0.06944444444444445,65.0,3557.0,0.13090277777777778,0.11527777777777778,137.88736904979353,47.01114228567258
10gen,forecast_error,4,18,13,0.2,0.08,controlled_ar1,ar1_delivery,0.9,0.01,11,65.0,7408971.277285379,7418266.390678742,1637202.062766648,0.0,-5771769.214518731,79.6494311798685,51.313191902426105,65.37625546473015,3.760751163857274,130.75460029585378,16.71005172040274,0.09027777777777778,0.06597222222222222,65.0,3557.0,0.12916666666666668,0.10486111111111111,145.02568664459864,55.07394306628338
10gen,forecast_error,4,18,13,0.2,0.08,controlled_ar1,ar1_delivery,0.9,0.01,22,65.0,6738683.532485699,6748810.505635142,1145936.7678725247,0.0,-5592746.764613175,81.3376934058376,37.96182520190431,53.88264741291432,2.089103552071814,161.71776222931783,23.883993454153888,0.08333333333333333,0.06944444444444445,65.0,3557.0,0.12986111111111112,0.10277777777777777,135.2203408187519,40.05092875397612
10gen,forecast_error,4,18,13,0.2,0.08,controlled_ar1,ar1_delivery,0.9,0.01,33,65.0,6874220.050919742,6885255.917830229,795366.1129954092,0.0,-6078853.937924333,69.68323500311324,34.11322865246768,53.58858069136669,0.6182540295314187,155.77280422775846,25.196545733781427,0.09027777777777778,0.06597222222222222,65.0,3520.0,0.1326388888888889,0.09965277777777778,123.27181569447993,34.731482681999104
10gen,forecast_error,4,18,13,0.2,0.08,controlled_ar1,ar1_delivery,0.9,0.03,11,65.0,7210210.080917938,7219659.899748714,2363082.781230379,0.0,-4847127.299687559,83.77340847644078,72.75213256198867,72.85023888959665,11.84581086269775,109.91094156467508,14.180032222287142,0.09722222222222222,0.052083333333333336,65.0,3557.0,0.12569444444444444,0.103125,156.62364736603743,84.59794342468642
10gen,forecast_error,4,18,13,0.2,0.08,controlled_ar1,ar1_delivery,0.9,0.03,22,65.0,6221312.944836841,6232629.317181157,1903944.5474687528,0.0,-4317368.397368088,81.05750109419472,33.61938515842951,47.57751280872158,5.727211793561679,188.83249697446308,32.73831023720405,0.10069444444444445,0.07291666666666667,65.0,3557.0,0.128125,0.11041666666666666,128.63501390291628,39.34659695199119
10gen,forecast_error,4,18,13,0.2,0.08,controlled_ar1,ar1_delivery,0.9,0.03,33,65.0,5923914.354061008,5938689.173941641,875182.651531731,0.0,-5048731.702529278,57.057804583875466,29.332507663290812,50.357541145551565,1.96526804843239,174.18919779730064,41.23442588068712,0.10069444444444445,0.0763888888888889,65.0,3520.0,0.1329861111111111,0.10208333333333333,107.41534572942703,31.2977757117232
10gen,forecast_error,4,18,13,0.2,0.08,controlled_ar1,ar1_delivery,0.9,0.05,11,65.0,6990371.588597666,7000977.248215397,3386321.0361987483,0.0,-3604050.5523989173,74.00573160307479,64.72882554454341,76.3016613125824,21.911115792725447,105.42390171318857,15.118389403361306,0.09027777777777778,0.04861111111111111,65.0,3557.0,0.12881944444444443,0.1111111111111111,150.3073929156572,86.63994133726885
10gen,forecast_error,4,18,13,0.2,0.08,controlled_ar1,ar1_delivery,0.9,0.05,22,65.0,5758746.176881444,5775101.315827871,3819477.22751694,0.0,-1939268.9493645038,87.8871067447636,33.86994246586236,43.638630402128854,6.918099913274645,234.8431652834562,39.422176384134076,0.1076388888888889,0.09027777777777778,65.0,3557.0,0.1371527777777778,0.11875,131.52573714689245,40.788042379137
10gen,forecast_error,4,18,13,0.2,0.08,controlled_ar1,ar1_delivery,0.9,0.05,33,65.0,5703132.644898267,5720945.668624225,1615331.5127393524,0.0,-4087801.132158915,63.09218729718632,26.680864042651894,49.99260829278567,2.245631465508777,228.65920802491715,62.2891989347148,0.1076388888888889,0.09375,65.0,3520.0,0.13194444444444445,0.11319444444444444,113.08479558997199,28.92649550816067
10gen,forecast_error,7,12,13,0.2,0.08,controlled_ar1,ar1_delivery,0.9,0.0,0,65.0,253049.3721664314,253049.3721664314,925.2839361475236,0.0,-252124.08823028387,0.0,0.0,0.5220054237924879,0.0,0.0,0.0,0.0,0.0,0.0,11.0,0.010416666666666666,0.009375,0.5220054237924879,0.0
10gen,forecast_error,7,12,13,0.2,0.08,controlled_ar1,ar1_delivery,0.9,0.01,11,65.0,253049.3721664314,253049.3721664314,883.0457096784976,0.0,-252166.3264567529,0.0,0.0,0.5220054237924879,0.0,0.0,0.0,0.0,0.0,0.0,20.0,0.010416666666666666,0.009027777777777777,0.5220054237924879,0.0
10gen,forecast_error,7,12,13,0.2,0.08,controlled_ar1,ar1_delivery,0.9,0.01,22,65.0,253049.3721664314,253049.3721664314,542.9103582569369,0.0,-252506.46180817444,0.0,0.0,0.5220054237924879,0.0,0.0,0.0,0.0,0.0,0.0,20.0,0.010416666666666666,0.008333333333333333,0.5220054237924879,0.0
10gen,forecast_error,7,12,13,0.2,0.08,controlled_ar1,ar1_delivery,0.9,0.01,33,65.0,253049.3721664314,253049.3721664314,810.5072552871054,0.0,-252238.86491114428,0.0,0.0,0.5220054237924879,0.0,0.0,0.0,0.0,0.0,0.0,20.0,0.010416666666666666,0.008680555555555556,0.5220054237924879,0.0
10gen,forecast_error,7,12,13,0.2,0.08,controlled_ar1,ar1_delivery,0.9,0.03,11,65.0,253049.3721664314,253049.3721664314,1930.8052661832826,0.0,-251118.56690024812,0.0,0.0,0.5220054237924879,0.0,0.0,0.0,0.0,0.0,0.0,20.0,0.010416666666666666,0.010416666666666666,0.5220054237924879,0.0
10gen,forecast_error,7,12,13,0.2,0.08,controlled_ar1,ar1_delivery,0.9,0.03,22,65.0,253062.57669518772,253062.86938599747,1975.4773750012814,0.0,-251087.09932018645,0.0,0.0,0.5220054237924879,0.0,0.0,0.0,0.0,0.003472222222222222,0.0,20.0,0.010069444444444445,0.008333333333333333,0.5220054237924879,0.0
10gen,forecast_error,7,12,13,0.2,0.08,controlled_ar1,ar1_delivery,0.9,0.03,33,65.0,252943.86150135403,252944.56141887256,254120.7271762112,0.0,1176.8656748571666,0.0,0.0,0.5220054237924879,0.4795413113929309,0.0,0.0,0.0,0.003472222222222222,0.0,3519.5,0.010069444444444445,0.012847222222222222,0.5220054237924879,0.4795413113929309
10gen,forecast_error,7,12,13,0.2,0.08,controlled_ar1,ar1_delivery,0.9,0.05,11,65.0,253049.3721664314,253049.3721664314,12862.177187404559,0.0,-240187.19497902683,0.0,0.0,0.5220054237924879,0.0,0.0,0.0,0.0,0.0,0.0,28.0,0.010416666666666666,0.01423611111111111,0.5220054237924879,0.0
10gen,forecast_error,7,12,13,0.2,0.08,controlled_ar1,ar1_delivery,0.9,0.05,22,65.0,253249.52794805955,253283.74204368598,16737.863414799303,0.0,-236511.66453326025,0.0,0.0,0.5220054237924879,0.0,0.0,0.0,0.0,0.020833333333333332,0.0,39.5,0.010416666666666666,0.013888888888888888,0.5220054237924879,0.0
10gen,forecast_error,7,12,13,0.2,0.08,controlled_ar1,ar1_delivery,0.9,0.05,33,65.0,253223.08839254815,253258.65758099378,268535.1620265871,0.0,15312.07363403897,0.0,0.0,0.5220054237924879,0.5220054237924879,0.0,0.0,0.0,0.013888888888888888,0.0,3519.5,0.010763888888888889,0.017708333333333333,0.5220054237924879,0.5220054237924879
10gen,forecast_error,7,13,13,0.2,0.08,controlled_ar1,ar1_delivery,0.9,0.0,0,65.0,1572845.6935445943,1572845.6935445943,2244.5266202013636,0.0,-1570601.166924393,0.0,0.0,6.782896939711482,0.0,0.0,0.0,0.0,0.0,0.0,20.0,0.02048611111111111,0.01597222222222222,6.782896939711482,0.0
10gen,forecast_error,7,13,13,0.2,0.08,controlled_ar1,ar1_delivery,0.9,0.01,11,65.0,1572845.6935445943,1572845.6935445943,1606.7196717157685,0.0,-1571238.9738728786,0.0,0.0,6.782896939711482,0.0,0.0,0.0,0.0,0.0,0.0,20.0,0.02048611111111111,0.013541666666666667,6.782896939711482,0.0
10gen,forecast_error,7,13,13,0.2,0.08,controlled_ar1,ar1_delivery,0.9,0.01,22,65.0,1572845.6935445943,1572845.6935445943,1943.8737920177505,0.0,-1570901.8197525765,0.0,0.0,6.782896939711482,0.0,0.0,0.0,0.0,0.0,0.0,20.0,0.02048611111111111,0.0125,6.782896939711482,0.0
10gen,forecast_error,7,13,13,0.2,0.08,controlled_ar1,ar1_delivery,0.9,0.01,33,65.0,1572845.6935445943,1572845.6935445943,2236.1525643308037,0.0,-1570609.5409802636,0.0,0.0,6.782896939711482,0.0,0.0,0.0,0.0,0.0,0.0,20.0,0.02048611111111111,0.013888888888888888,6.782896939711482,0.0
10gen,forecast_error,7,13,13,0.2,0.08,controlled_ar1,ar1_delivery,0.9,0.03,11,65.0,1572845.693544594,1572845.831197014,3515.3052132347902,0.0,-1569330.3883313593,0.0,0.0,6.782896939711482,0.0,0.0,0.0,0.0,0.003472222222222222,0.0,20.0,0.02048611111111111,0.015277777777777777,6.782896939711482,0.0
10gen,forecast_error,7,13,13,0.2,0.08,controlled_ar1,ar1_delivery,0.9,0.03,22,65.0,1572753.9273248012,1572756.687084549,452604.5657744405,0.0,-1120149.3615503607,0.0,0.0,6.782896939711482,1.706409690759898,0.0,0.0,0.0,0.006944444444444444,0.0,3519.5,0.019791666666666666,0.012847222222222222,6.782896939711482,1.706409690759898
10gen,forecast_error,7,13,13,0.2,0.08,controlled_ar1,ar1_delivery,0.9,0.03,33,65.0,1572767.8095606086,1572770.2046359135,459825.542129401,0.0,-1112942.2674312075,0.0,0.0,6.782896939711482,0.4253161181924554,0.0,0.0,0.0,0.006944444444444444,0.0,3519.5,0.019444444444444445,0.01597222222222222,6.782896939711482,0.4253161181924554
10gen,forecast_error,7,13,13,0.2,0.08,controlled_ar1,ar1_delivery,0.9,0.05,11,65.0,1572845.9922777717,1572862.9182348906,243303.21078981302,0.0,-1329542.7814879587,0.0,0.0,6.782896939711482,0.3447423828646189,0.0,0.0,0.0,0.006944444444444444,0.0,3519.5,0.020833333333333332,0.020833333333333332,6.782896939711482,0.3447423828646189
10gen,forecast_error,7,13,13,0.2,0.08,controlled_ar1,ar1_delivery,0.9,0.05,22,65.0,1572738.3255611388,1572776.4673803654,678906.5351656377,0.0,-893831.7903955011,0.0,0.0,6.777562934631655,3.010224420442995,0.0,0.0,0.0,0.024305555555555556,0.0,3519.5,0.02013888888888889,0.01840277777777778,6.777562934631655,3.010224420442995
10gen,forecast_error,7,13,13,0.2,0.08,controlled_ar1,ar1_delivery,0.9,0.05,33,65.0,1574048.5611709526,1574688.656847144,702733.4262157334,0.0,-871315.1349552192,0.0,0.0,6.564243642924812,0.6302040691163976,0.0,0.03142089052465735,0.006944444444444444,0.010416666666666666,10.0,3519.5,0.020833333333333332,0.020833333333333332,6.564243642924812,0.6302040691163976
10gen,forecast_error,7,14,13,0.2,0.08,controlled_ar1,ar1_delivery,0.9,0.0,0,65.0,700194.9976178175,700220.0649835534,284.3545750240495,0.0,-699910.6430427934,0.0,0.0,3.5028345102881624,0.0,0.0,0.0,0.0,0.003472222222222222,0.0,18.0,0.00798611111111111,0.006597222222222222,3.5028345102881624,0.0
10gen,forecast_error,7,14,13,0.2,0.08,controlled_ar1,ar1_delivery,0.9,0.01,11,65.0,700194.9976178175,700220.3318792754,675.4934305536814,0.0,-699519.5041872638,0.0,0.0,3.5028345102881624,0.0,0.0,0.0,0.0,0.003472222222222222,0.0,18.0,0.00798611111111111,0.0038194444444444443,3.5028345102881624,0.0
10gen,forecast_error,7,14,13,0.2,0.08,controlled_ar1,ar1_delivery,0.9,0.01,22,65.0,700194.9976178175,700221.890326545,653.8579578779235,0.0,-699541.1396599396,0.0,0.0,3.5028345102881624,0.0,0.0,0.0,0.0,0.003472222222222222,0.0,18.0,0.00798611111111111,0.003125,3.5028345102881624,0.0
10gen,forecast_error,7,14,13,0.2,0.08,controlled_ar1,ar1_delivery,0.9,0.01,33,65.0,700194.9976178175,700221.5217015924,764.0044640899055,0.0,-699430.9931537276,0.0,0.0,3.5028345102881624,0.0,0.0,0.0,0.0,0.003472222222222222,0.0,18.0,0.00798611111111111,0.0038194444444444443,3.5028345102881624,0.0
10gen,forecast_error,7,14,13,0.2,0.08,controlled_ar1,ar1_delivery,0.9,0.03,11,65.0,700194.9976178175,700221.4106377452,244725.99859176896,0.0,-455468.9990260485,0.0,0.0,3.5028345102881624,0.6346663639374412,0.0,0.0,0.0,0.010416666666666666,0.0,3519.5,0.00798611111111111,0.008333333333333333,3.5028345102881624,0.6346663639374412
10gen,forecast_error,7,14,13,0.2,0.08,controlled_ar1,ar1_delivery,0.9,0.03,22,65.0,695878.0660019398,696088.4389946936,3411.893463805778,0.0,-692466.172538134,0.0,0.0,1.1396291792479851,0.0,0.0,0.18464148298271726,0.0,0.013888888888888888,0.0,20.0,0.008333333333333333,0.003472222222222222,1.1396291792479851,0.0
10gen,forecast_error,7,14,13,0.2,0.08,controlled_ar1,ar1_delivery,0.9,0.03,33,65.0,700127.982777177,700317.9945082746,5046.644187331346,0.0,-695081.3385898457,0.0,0.0,3.5028345102881624,0.0,0.0,0.0,0.006944444444444444,0.003472222222222222,30.0,48.0,0.008680555555555556,0.008680555555555556,3.5028345102881624,0.0
10gen,forecast_error,7,14,13,0.2,0.08,controlled_ar1,ar1_delivery,0.9,0.05,11,65.0,700798.3988282883,700885.6846816237,253863.0650227502,0.0,-446935.33380553813,0.0,0.0,3.5028345102881624,0.5314029190389343,0.0,0.0,0.0,0.041666666666666664,0.0,3519.5,0.009722222222222222,0.013194444444444444,3.5028345102881624,0.5314029190389343
10gen,forecast_error,7,14,13,0.2,0.08,controlled_ar1,ar1_delivery,0.9,0.05,22,65.0,248879.20392317325,249378.8233827881,8991.735488470607,0.0,-239887.46843470263,0.0,0.0,0.9805303337689868,0.0,0.0,1.9203369467776288,0.0,0.03125,0.0,20.0,0.009375,0.012152777777777778,0.9805303337689868,0.0
10gen,forecast_error,7,14,13,0.2,0.08,controlled_ar1,ar1_delivery,0.9,0.05,33,65.0,703901.7613145446,705409.1218212348,15214.627175885682,0.0,-688687.1341386589,0.0,0.0,3.5028345102881624,0.0,2.3115235674894734,0.560949747844783,0.006944444444444444,0.013888888888888888,65.0,65.0,0.011805555555555555,0.014583333333333334,3.5028345102881624,0.0
10gen,forecast_error,7,15,13,0.2,0.08,controlled_ar1,ar1_delivery,0.9,0.0,0,65.0,1383810.4965002455,1383894.5657752447,652.1700760650297,0.0,-1383158.3264241805,0.0,0.0,6.160605423544088,0.0,0.0,0.0,0.0,0.010416666666666666,0.0,18.0,0.016666666666666666,0.012847222222222222,6.160605423544088,0.0
10gen,forecast_error,7,15,13,0.2,0.08,controlled_ar1,ar1_delivery,0.9,0.01,11,65.0,1387238.1995527945,1387319.8193600997,542.6561685697798,0.0,-1386695.5433842246,0.0,0.0,7.128628052048829,0.0,0.0,0.0,0.0,0.010416666666666666,0.0,18.0,0.016319444444444445,0.009722222222222222,7.128628052048829,0.0
10gen,forecast_error,7,15,13,0.2,0.08,controlled_ar1,ar1_delivery,0.9,0.01,22,65.0,1170868.6527899634,1170955.9906391772,355.3198851070101,0.0,-1170513.3329048564,0.0,0.0,5.909333010701468,0.0,0.0,0.0,0.0,0.010416666666666666,0.0,18.0,0.016319444444444445,0.007638888888888889,5.909333010701468,0.0
10gen,forecast_error,7,15,13,0.2,0.08,controlled_ar1,ar1_delivery,0.9,0.01,33,65.0,1389748.221480906,1389804.6682989395,1304.9318222265415,0.0,-1388443.2896586794,0.0,0.0,7.839858152245019,0.0,0.0,0.0,0.0,0.006944444444444444,0.0,20.0,0.016319444444444445,0.010763888888888889,7.839858152245019,0.0
10gen,forecast_error,7,15,13,0.2,0.08,controlled_ar1,ar1_delivery,0.9,0.03,11,65.0,1389748.221480906,1389806.754390715,254688.89757926285,0.0,-1135059.323901643,0.0,0.0,7.839858152245019,0.15242474075931983,0.0,0.0,0.0,0.006944444444444444,0.0,3519.5,0.016319444444444445,0.012152777777777778,7.839858152245019,0.15242474075931983
10gen,forecast_error,7,15,13,0.2,0.08,controlled_ar1,ar1_delivery,0.9,0.03,22,65.0,953023.3762775337,953550.8059719463,2435.964639999248,0.0,-950587.4116375345,0.0,0.0,5.802215105556797,0.0,0.0,0.16750833593305475,0.0,0.024305555555555556,0.0,18.0,0.016319444444444445,0.00798611111111111,5.802215105556797,0.0
10gen,forecast_error,7,15,13,0.2,0.08,controlled_ar1,ar1_delivery,0.9,0.03,33,65.0,1634397.0459214551,1634433.05749529,438342.7255904259,0.0,-1196054.3203310291,0.0,0.0,10.504449650194761,0.44289084446202764,0.0,0.0,0.0,0.010416666666666666,0.0,3519.5,0.016319444444444445,0.014583333333333334,10.504449650194761,0.44289084446202764
10gen,forecast_error,7,15,13,0.2,0.08,controlled_ar1,ar1_delivery,0.9,0.05,11,65.0,1386947.887020511,1387016.4733745358,268867.5604455109,0.0,-1118080.3265750003,0.0,0.0,7.032879255114219,1.087374567932206,0.0,0.0,0.0,0.03125,0.0,3519.5,0.01597222222222222,0.01423611111111111,7.032879255114219,1.087374567932206
10gen,forecast_error,7,15,13,0.2,0.08,controlled_ar1,ar1_delivery,0.9,0.05,22,65.0,953117.2237786672,954217.7966152598,27348.77450328229,0.0,-925768.4492753849,0.0,0.0,5.802215105556797,0.0,0.0,2.3976790984868614,0.0,0.027777777777777776,0.0,50.0,0.019097222222222224,0.01840277777777778,5.802215105556797,0.0
10gen,forecast_error,7,15,13,0.2,0.08,controlled_ar1,ar1_delivery,0.9,0.05,33,65.0,1654544.2146072988,1656391.045599431,428349.0578360745,0.0,-1226195.1567712245,0.0,0.0,14.239631870895739,0.0,0.0,1.1240393580741568,0.010416666666666666,0.010416666666666666,35.0,3490.0,0.01840277777777778,0.01840277777777778,14.239631870895739,0.0
10gen,forecast_error,7,16,13,0.2,0.08,controlled_ar1,ar1_delivery,0.9,0.0,0,65.0,182356.41324675255,182356.41324675255,934.0066341185702,0.0,-181422.406612634,0.0,0.0,0.03204947961555149,0.0,0.0,0.0,0.0,0.0,0.0,18.0,0.01423611111111111,0.013888888888888888,0.03204947961555149,0.0
10gen,forecast_error,7,16,13,0.2,0.08,controlled_ar1,ar1_delivery,0.9,0.01,11,65.0,182356.41324675255,182356.41324675255,1136.81086826732,0.0,-181219.60237848523,0.0,0.0,0.03204947961555149,0.0,0.0,0.0,0.0,0.0,0.0,18.0,0.01423611111111111,0.011111111111111112,0.03204947961555149,0.0
10gen,forecast_error,7,16,13,0.2,0.08,controlled_ar1,ar1_delivery,0.9,0.01,22,65.0,182356.41324675255,182356.41324675255,1232.2160408534148,0.0,-181124.19720589914,0.0,0.0,0.03204947961555149,0.0,0.0,0.0,0.0,0.0,0.0,20.0,0.01423611111111111,0.011458333333333333,0.03204947961555149,0.0
10gen,forecast_error,7,16,13,0.2,0.08,controlled_ar1,ar1_delivery,0.9,0.01,33,65.0,182356.41324675255,182356.41324675255,1628.0437370315356,0.0,-180728.369509721,0.0,0.0,0.03204947961555149,0.0,0.0,0.0,0.0,0.0,0.0,20.0,0.01423611111111111,0.011805555555555555,0.03204947961555149,0.0
10gen,forecast_error,7,16,13,0.2,0.08,controlled_ar1,ar1_delivery,0.9,0.03,11,65.0,1355.3992597062843,1447.13061705581,4449.86621655972,0.0,3094.4669568534355,0.0,0.0,0.0,0.0,0.0,0.0,0.010416666666666666,0.003472222222222222,35.0,28.0,0.015277777777777777,0.017708333333333333,0.0,0.0
10gen,forecast_error,7,16,13,0.2,0.08,controlled_ar1,ar1_delivery,0.9,0.03,22,65.0,182501.83611298844,182579.29289722312,3913.2272598804966,0.0,-178588.60885310796,0.0,0.0,0.03204947961555149,0.0,0.0,0.0,0.010416666666666666,0.0,40.0,20.0,0.017708333333333333,0.0125,0.03204947961555149,0.0
10gen,forecast_error,7,16,13,0.2,0.08,controlled_ar1,ar1_delivery,0.9,0.03,33,65.0,182372.1549132629,182764.57634767113,4211.377115339113,0.0,-178160.7777979238,0.0,0.0,0.03204947961555149,0.0,0.0,0.0,0.024305555555555556,0.0,35.0,36.0,0.015625,0.012847222222222222,0.03204947961555149,0.0
10gen,forecast_error,7,16,13,0.2,0.08,controlled_ar1,ar1_delivery,0.9,0.05,11,65.0,1432.3326146390034,2186.1427803036086,19674.034097650336,0.0,18241.701483011333,0.0,0.0,0.0,0.0,0.0,0.0,0.03819444444444445,0.020833333333333332,40.0,40.0,0.016319444444444445,0.01840277777777778,0.0,0.0
10gen,forecast_error,7,16,13,0.2,0.08,controlled_ar1,ar1_delivery,0.9,0.05,22,65.0,183831.36795509697,184643.45778682458,7959.045962255767,0.0,-175872.3219928412,0.0,0.0,0.03204947961555149,0.0,3.3260349042783064,0.0,0.017361111111111112,0.003472222222222222,65.0,30.0,0.022569444444444444,0.014930555555555556,0.03204947961555149,0.0
10gen,forecast_error,7,16,13,0.2,0.08,controlled_ar1,ar1_delivery,0.9,0.05,33,65.0,182543.63894713108,185287.95070845188,14349.412958205161,0.0,-168194.22598892593,0.0,0.0,0.03204947961555149,0.0,5.622827345680491,0.0,0.059027777777777776,0.013888888888888888,65.0,65.0,0.027430555555555555,0.021527777777777778,0.03204947961555149,0.0
10gen,forecast_error,7,17,13,0.2,0.08,controlled_ar1,ar1_delivery,0.9,0.0,0,65.0,1475.4380186308817,1475.4380186308817,991.6897763101254,0.0,-483.7482423207564,0.0,0.0,0.0,0.0,0.0,0.0,0.0,0.0,0.0,5.0,0.0045138888888888885,0.004861111111111111,0.0,0.0
10gen,forecast_error,7,17,13,0.2,0.08,controlled_ar1,ar1_delivery,0.9,0.01,11,65.0,1475.4380186308817,1475.4380186308817,555.2450810271202,0.0,-920.1929376037615,0.0,0.0,0.0,0.0,0.0,0.0,0.0,0.0,0.0,10.0,0.0045138888888888885,0.0038194444444444443,0.0,0.0
10gen,forecast_error,7,17,13,0.2,0.08,controlled_ar1,ar1_delivery,0.9,0.01,22,65.0,1475.4380186308817,1475.4380186308817,1542.061379643132,0.0,66.62336101225037,0.0,0.0,0.0,0.0,0.0,0.0,0.0,0.0,0.0,10.0,0.0045138888888888885,0.004861111111111111,0.0,0.0
10gen,forecast_error,7,17,13,0.2,0.08,controlled_ar1,ar1_delivery,0.9,0.01,33,65.0,1475.4380186308817,1475.4380186308817,981.343395918037,0.0,-494.09462271284474,0.0,0.0,0.0,0.0,0.0,0.0,0.0,0.0,0.0,5.0,0.0045138888888888885,0.004166666666666667,0.0,0.0
10gen,forecast_error,7,17,13,0.2,0.08,controlled_ar1,ar1_delivery,0.9,0.03,11,65.0,1475.4380186308817,1475.4380186308817,2794.399652085981,0.0,1318.9616334550992,0.0,0.0,0.0,0.0,0.0,0.0,0.0,0.0,0.0,38.0,0.0045138888888888885,0.004166666666666667,0.0,0.0
10gen,forecast_error,7,17,13,0.2,0.08,controlled_ar1,ar1_delivery,0.9,0.03,22,65.0,1475.4380186308817,1475.4380186308817,2637.5727865656254,0.0,1162.1347679347436,0.0,0.0,0.0,0.0,0.0,0.0,0.0,0.0,0.0,10.0,0.0045138888888888885,0.0045138888888888885,0.0,0.0
10gen,forecast_error,7,17,13,0.2,0.08,controlled_ar1,ar1_delivery,0.9,0.03,33,65.0,1487.3546852975478,1487.8176620030013,1393.2854296371443,0.0,-94.06925566040354,0.0,0.0,0.0,0.0,0.0,0.0,0.0,0.003472222222222222,0.0,10.0,0.0045138888888888885,0.004166666666666667,0.0,0.0
10gen,forecast_error,7,17,13,0.2,0.08,controlled_ar1,ar1_delivery,0.9,0.05,11,65.0,1467.1538909352912,1572.6280235781687,13239.466939218695,0.0,11772.313048283404,0.0,0.0,0.0,0.0,0.0,0.0,0.0,0.03819444444444445,0.0,55.0,0.005902777777777778,0.00798611111111111,0.0,0.0
10gen,forecast_error,7,17,13,0.2,0.08,controlled_ar1,ar1_delivery,0.9,0.05,22,65.0,1508.9380186308836,1513.8100173825196,11021.826690255954,0.0,9512.88867162507,0.0,0.0,0.0,0.0,0.0,0.0,0.0,0.017361111111111112,0.0,38.0,0.0045138888888888885,0.005555555555555556,0.0,0.0
10gen,forecast_error,7,17,13,0.2,0.08,controlled_ar1,ar1_delivery,0.9,0.05,33,65.0,1509.4528116976262,1582.6985864350224,10852.346168084168,0.0,9342.893356386543,0.0,0.0,0.0,0.0,0.0,0.0,0.0,0.020833333333333332,0.0,28.0,0.005902777777777778,0.007291666666666667,0.0,0.0
10gen,forecast_error,7,18,13,0.2,0.08,controlled_ar1,ar1_delivery,0.9,0.0,0,65.0,0.0,0.0,0.0,0.0,0.0,0.0,0.0,0.0,0.0,0.0,0.0,0.0,0.0,0.0,0.0,0.0,0.0,0.0,0.0
10gen,forecast_error,7,18,13,0.2,0.08,controlled_ar1,ar1_delivery,0.9,0.01,11,65.0,0.0,0.0,3.212239465269704,0.0,3.212239465269704,0.0,0.0,0.0,0.0,0.0,0.0,0.0,0.0,0.0,0.5,0.0,0.0,0.0,0.0
10gen,forecast_error,7,18,13,0.2,0.08,controlled_ar1,ar1_delivery,0.9,0.01,22,65.0,0.0,0.0,213.14176855718597,0.0,213.14176855718597,0.0,0.0,0.0,0.0,0.0,0.0,0.0,0.0,0.0,1.0,0.0,0.0,0.0,0.0
10gen,forecast_error,7,18,13,0.2,0.08,controlled_ar1,ar1_delivery,0.9,0.01,33,65.0,0.0,0.0,0.0,0.0,0.0,0.0,0.0,0.0,0.0,0.0,0.0,0.0,0.0,0.0,0.0,0.0,0.0,0.0,0.0
10gen,forecast_error,7,18,13,0.2,0.08,controlled_ar1,ar1_delivery,0.9,0.03,11,65.0,0.0,1.8172944565651363,542.1000273042,0.0,542.1000273042,0.0,0.0,0.0,0.0,0.0,0.0,0.0,0.010416666666666666,0.0,5.0,0.0,0.0006944444444444445,0.0,0.0
10gen,forecast_error,7,18,13,0.2,0.08,controlled_ar1,ar1_delivery,0.9,0.03,22,65.0,0.0,0.0,628.1088631883571,0.0,628.1088631883571,0.0,0.0,0.0,0.0,0.0,0.0,0.0,0.0,0.0,1.5,0.0,0.0,0.0,0.0
10gen,forecast_error,7,18,13,0.2,0.08,controlled_ar1,ar1_delivery,0.9,0.03,33,65.0,0.0,0.0,309.8700991923984,0.0,309.8700991923984,0.0,0.0,0.0,0.0,0.0,0.0,0.0,0.0,0.0,1.0,0.0,0.0,0.0,0.0
10gen,forecast_error,7,18,13,0.2,0.08,controlled_ar1,ar1_delivery,0.9,0.05,11,65.0,531.151520115035,644.8072200744914,9453.512100803302,0.0,8922.360580688266,0.0,0.0,0.0,0.0,0.0,0.0,0.0,0.041666666666666664,0.0,30.0,0.0020833333333333333,0.005902777777777778,0.0,0.0
10gen,forecast_error,7,18,13,0.2,0.08,controlled_ar1,ar1_delivery,0.9,0.05,22,65.0,0.0,0.522514064959329,18127.961120364052,0.0,18127.961120364052,0.0,0.0,0.0,0.0,0.0,0.0,0.0,0.010416666666666666,0.0,38.0,0.0,0.003125,0.0,0.0
10gen,forecast_error,7,18,13,0.2,0.08,controlled_ar1,ar1_delivery,0.9,0.05,33,65.0,0.0,3.472692970502161,10673.538777581465,0.0,10673.538777581465,0.0,0.0,0.0,0.0,0.0,0.0,0.0,0.010416666666666666,0.0,28.0,0.0,0.00625,0.0,0.0
10gen,forecast_error,10,12,13,0.2,0.08,controlled_ar1,ar1_delivery,0.9,0.0,0,65.0,1247167.7968718698,1249865.5461639788,441866.60224547575,0.0,-805301.1946263941,0.0,0.0,23.688280028639856,0.0,0.0,11.688802377792431,0.006944444444444444,0.027777777777777776,7.0,3519.5,0.04201388888888889,0.044097222222222225,23.688280028639856,0.0
10gen,forecast_error,10,12,13,0.2,0.08,controlled_ar1,ar1_delivery,0.9,0.01,11,65.0,1247171.5168756533,1249913.7047586453,308266.0354449532,0.0,-938905.4814307,0.0,0.0,23.688280028639856,0.07577381268665162,0.0,11.4081860355957,0.013888888888888888,0.027777777777777776,25.0,3519.5,0.042708333333333334,0.04236111111111111,23.688280028639856,0.07577381268665162
10gen,forecast_error,10,12,13,0.2,0.08,controlled_ar1,ar1_delivery,0.9,0.01,22,65.0,1394813.9125301302,1397480.2255380498,560988.9121841914,0.0,-833825.0003459388,0.0,0.0,24.05004685763712,1.3547020362438833,0.0,11.091131721555683,0.0,0.024305555555555556,0.0,3519.5,0.042708333333333334,0.03819444444444445,24.05004685763712,1.3547020362438833
10gen,forecast_error,10,12,13,0.2,0.08,controlled_ar1,ar1_delivery,0.9,0.01,33,65.0,1247161.479767573,1250152.8076286714,137114.30929249874,0.0,-1110047.1704750743,0.0,0.0,23.688280028639856,0.12554560022504782,0.0,13.545580687727938,0.017361111111111112,0.027777777777777776,30.0,3519.5,0.04201388888888889,0.03819444444444445,23.688280028639856,0.12554560022504782
10gen,forecast_error,10,12,13,0.2,0.08,controlled_ar1,ar1_delivery,0.9,0.03,11,65.0,1249160.404902808,1253932.5444992282,318786.5479878685,0.0,-930373.8569149394,0.0,0.0,23.688280028639856,0.2273214380599624,1.151124559143985,10.846953351202231,0.059027777777777776,0.027777777777777776,65.0,3519.5,0.05381944444444445,0.04791666666666667,23.688280028639856,0.2273214380599624
10gen,forecast_error,10,12,13,0.2,0.08,controlled_ar1,ar1_delivery,0.9,0.03,22,65.0,1570991.4512854267,1573143.0543539906,571844.9435890559,0.0,-999146.5076963708,0.0,0.0,25.676393056273582,2.0114309245837534,0.0,11.819992986306042,0.017361111111111112,0.017361111111111112,25.0,3519.5,0.04479166666666667,0.041666666666666664,25.676393056273582,2.0114309245837534
10gen,forecast_error,10,12,13,0.2,0.08,controlled_ar1,ar1_delivery,0.9,0.03,33,65.0,1394107.1103120772,1398812.0147149833,288068.2191784952,0.0,-1106038.891133582,0.0,0.0,23.849438616107086,0.45721609440875943,0.45579928563387284,17.26152751162002,0.0625,0.03125,65.0,3519.5,0.04895833333333333,0.04236111111111111,23.849438616107086,0.45721609440875943
10gen,forecast_error,10,12,13,0.2,0.08,controlled_ar1,ar1_delivery,0.9,0.05,11,65.0,1426124.008424504,1434535.497484213,184180.55731481963,0.0,-1241943.4511096843,0.0,0.0,25.314626227276314,0.34684582724384444,16.156392336081353,11.420588062407717,0.0763888888888889,0.03125,65.0,3519.5,0.06631944444444444,0.05659722222222222,25.314626227276314,0.34684582724384444
10gen,forecast_error,10,12,13,0.2,0.08,controlled_ar1,ar1_delivery,0.9,0.05,22,65.0,1561412.8673540507,1569422.1650584142,1446872.2742856843,0.0,-114540.5930683664,0.0,0.0,22.621413015468693,2.6845119403442035,3.0155325268992024,11.579071367243827,0.07291666666666667,0.020833333333333332,65.0,3519.5,0.059375,0.051041666666666666,22.621413015468693,2.6845119403442035
10gen,forecast_error,10,12,13,0.2,0.08,controlled_ar1,ar1_delivery,0.9,0.05,33,65.0,1397073.7429782168,1404651.6571472615,301974.83653217857,0.0,-1095098.9064460383,0.0,0.0,23.98424277577546,0.6578243359387935,12.036958609215995,21.29723202288809,0.07291666666666667,0.03125,65.0,3519.5,0.059722222222222225,0.04791666666666667,23.98424277577546,0.6578243359387935
10gen,forecast_error,10,13,13,0.2,0.08,controlled_ar1,ar1_delivery,0.9,0.0,0,65.0,1463.5767360856635,1463.5767360856635,51.87183955769706,0.0,-1411.7048965279664,0.0,0.0,0.0,0.0,0.0,0.0,0.0,0.0,0.0,18.0,0.00625,0.005208333333333333,0.0,0.0
10gen,forecast_error,10,13,13,0.2,0.08,controlled_ar1,ar1_delivery,0.9,0.01,11,65.0,1463.5767360856635,1463.5767360856635,371.2575469624719,0.0,-1092.3191891231916,0.0,0.0,0.0,0.0,0.0,0.0,0.0,0.0,0.0,18.0,0.00625,0.005208333333333333,0.0,0.0
10gen,forecast_error,10,13,13,0.2,0.08,controlled_ar1,ar1_delivery,0.9,0.01,22,65.0,1463.5767360856635,1463.5767360856635,1235.3151680999445,0.0,-228.261567985719,0.0,0.0,0.0,0.0,0.0,0.0,0.0,0.0,0.0,20.0,0.00625,0.005208333333333333,0.0,0.0
10gen,forecast_error,10,13,13,0.2,0.08,controlled_ar1,ar1_delivery,0.9,0.01,33,65.0,1463.5767360856635,1463.5767360856635,350.63154480956473,0.0,-1112.9451912760987,0.0,0.0,0.0,0.0,0.0,0.0,0.0,0.0,0.0,10.0,0.00625,0.001736111111111111,0.0,0.0
10gen,forecast_error,10,13,13,0.2,0.08,controlled_ar1,ar1_delivery,0.9,0.03,11,65.0,1463.5767360856562,1465.129458986893,1726.6417611977877,0.0,263.0650251121315,0.0,0.0,0.0,0.0,0.0,0.0,0.0,0.010416666666666666,0.0,25.0,0.00625,0.005555555555555556,0.0,0.0
10gen,forecast_error,10,13,13,0.2,0.08,controlled_ar1,ar1_delivery,0.9,0.03,22,65.0,1507.0010450309687,1532.091118406474,5151.971535169058,0.0,3644.9704901380896,0.0,0.0,0.0,0.0,0.0,0.0,0.010416666666666666,0.0,25.0,20.0,0.007638888888888889,0.006597222222222222,0.0,0.0
10gen,forecast_error,10,13,13,0.2,0.08,controlled_ar1,ar1_delivery,0.9,0.03,33,65.0,1514.434464427953,1878.7154034969315,2245.266106007341,0.0,730.8316415793881,0.0,0.0,0.0,0.0,0.0,0.0,0.020833333333333332,0.010416666666666666,40.0,18.0,0.008680555555555556,0.0045138888888888885,0.0,0.0
10gen,forecast_error,10,13,13,0.2,0.08,controlled_ar1,ar1_delivery,0.9,0.05,11,65.0,1850.2514846188215,2182.345176914451,7638.39995560737,0.0,5788.148470988549,0.0,0.0,0.0,0.0,0.0,0.0,0.027777777777777776,0.03819444444444445,37.0,36.0,0.009722222222222222,0.012152777777777778,0.0,0.0
10gen,forecast_error,10,13,13,0.2,0.08,controlled_ar1,ar1_delivery,0.9,0.05,22,65.0,2321.6415710854353,3316.7836120829825,23942.197819590096,0.0,21620.55624850466,0.0,0.0,0.0,0.0,1.0129985414026994,0.9598803826979652,0.027777777777777776,0.03125,65.0,50.0,0.017361111111111112,0.010416666666666666,0.0,0.0
10gen,forecast_error,10,13,13,0.2,0.08,controlled_ar1,ar1_delivery,0.9,0.05,33,65.0,1718.1569605622287,3925.916126160147,11641.449317261216,0.0,9923.292356698988,0.0,0.0,0.0,0.0,3.7715025578138652,0.0,0.04513888888888889,0.052083333333333336,65.0,38.0,0.014583333333333334,0.011111111111111112,0.0,0.0
10gen,forecast_error,10,14,13,0.2,0.08,controlled_ar1,ar1_delivery,0.9,0.0,0,65.0,127.49999999994543,127.49999999994543,29.042863597922405,0.0,-98.45713640202302,0.0,0.0,0.0,0.0,0.0,0.0,0.0,0.0,0.0,4.5,0.0006944444444444445,0.00034722222222222224,0.0,0.0
10gen,forecast_error,10,14,13,0.2,0.08,controlled_ar1,ar1_delivery,0.9,0.01,11,65.0,127.49999999994543,127.49999999994543,295.514473737782,0.0,168.01447373783657,0.0,0.0,0.0,0.0,0.0,0.0,0.0,0.0,0.0,10.0,0.0006944444444444445,0.0006944444444444445,0.0,0.0
10gen,forecast_error,10,14,13,0.2,0.08,controlled_ar1,ar1_delivery,0.9,0.01,22,65.0,127.49999999994543,127.49999999994543,27.735649486709008,0.0,-99.76435051323642,0.0,0.0,0.0,0.0,0.0,0.0,0.0,0.0,0.0,0.5,0.0006944444444444445,0.0,0.0,0.0
10gen,forecast_error,10,14,13,0.2,0.08,controlled_ar1,ar1_delivery,0.9,0.01,33,65.0,127.49999999994543,127.49999999994543,127.49999999994543,0.0,0.0,0.0,0.0,0.0,0.0,0.0,0.0,0.0,0.0,0.0,4.5,0.0006944444444444445,0.0006944444444444445,0.0,0.0
10gen,forecast_error,10,14,13,0.2,0.08,controlled_ar1,ar1_delivery,0.9,0.03,11,65.0,127.49999999994543,127.49999999994543,1764.583544875495,0.0,1637.0835448755495,0.0,0.0,0.0,0.0,0.0,0.0,0.0,0.0,0.0,10.0,0.0006944444444444445,0.0006944444444444445,0.0,0.0
10gen,forecast_error,10,14,13,0.2,0.08,controlled_ar1,ar1_delivery,0.9,0.03,22,65.0,127.49999999994543,127.49999999994543,3920.495960309164,0.0,3792.9959603092184,0.0,0.0,0.0,0.0,0.0,0.0,0.0,0.0,0.0,10.0,0.0006944444444444445,0.00034722222222222224,0.0,0.0
10gen,forecast_error,10,14,13,0.2,0.08,controlled_ar1,ar1_delivery,0.9,0.03,33,65.0,127.49999999994907,127.65485931079456,1217.961874151666,0.0,1090.461874151717,0.0,0.0,0.0,0.0,0.0,0.0,0.0,0.006944444444444444,0.0,10.5,0.0006944444444444445,0.001388888888888889,0.0,0.0
10gen,forecast_error,10,14,13,0.2,0.08,controlled_ar1,ar1_delivery,0.9,0.05,11,65.0,127.49999999994543,164.19776407040615,7411.149937487096,0.0,7283.649937487151,0.0,0.0,0.0,0.0,0.0,0.0,0.0,0.003472222222222222,0.0,30.0,0.0006944444444444445,0.003125,0.0,0.0
10gen,forecast_error,10,14,13,0.2,0.08,controlled_ar1,ar1_delivery,0.9,0.05,22,65.0,127.49999999994907,128.35321783090694,36363.15164297058,0.0,36235.65164297063,0.0,0.0,0.0,0.0,0.0,0.0,0.0,0.013888888888888888,0.0,55.0,0.0006944444444444445,0.004166666666666667,0.0,0.0
10gen,forecast_error,10,14,13,0.2,0.08,controlled_ar1,ar1_delivery,0.9,0.05,33,65.0,3078.9337295065257,3867.5641624009536,13681.803439636815,0.0,10602.86971013029,0.0,0.0,0.0,0.0,0.0,0.2797069590039124,0.003472222222222222,0.03125,30.0,38.0,0.004861111111111111,0.008680555555555556,0.0,0.0
10gen,forecast_error,10,15,13,0.2,0.08,controlled_ar1,ar1_delivery,0.9,0.0,0,65.0,0.0,0.0,0.0,0.0,0.0,0.0,0.0,0.0,0.0,0.0,0.0,0.0,0.0,0.0,0.0,0.0,0.0,0.0,0.0
10gen,forecast_error,10,15,13,0.2,0.08,controlled_ar1,ar1_delivery,0.9,0.01,11,65.0,0.0,0.0,147.01938606445276,0.0,147.01938606445276,0.0,0.0,0.0,0.0,0.0,0.0,0.0,0.0,0.0,10.0,0.0,0.0,0.0,0.0
10gen,forecast_error,10,15,13,0.2,0.08,controlled_ar1,ar1_delivery,0.9,0.01,22,65.0,0.0,0.0,11.729048548728315,0.0,11.729048548728315,0.0,0.0,0.0,0.0,0.0,0.0,0.0,0.0,0.0,0.5,0.0,0.0,0.0,0.0
10gen,forecast_error,10,15,13,0.2,0.08,controlled_ar1,ar1_delivery,0.9,0.01,33,65.0,0.0,0.0,40.561910834712,0.0,40.561910834712,0.0,0.0,0.0,0.0,0.0,0.0,0.0,0.0,0.0,10.0,0.0,0.0,0.0,0.0
10gen,forecast_error,10,15,13,0.2,0.08,controlled_ar1,ar1_delivery,0.9,0.03,11,65.0,0.0,0.0,2849.289703238333,0.0,2849.289703238333,0.0,0.0,0.0,0.0,0.0,0.0,0.0,0.0,0.0,20.0,0.0,0.00034722222222222224,0.0,0.0
10gen,forecast_error,10,15,13,0.2,0.08,controlled_ar1,ar1_delivery,0.9,0.03,22,65.0,0.0,0.0,4487.643514994907,0.0,4487.643514994907,0.0,0.0,0.0,0.0,0.0,0.0,0.0,0.0,0.0,10.0,0.0,0.00034722222222222224,0.0,0.0
10gen,forecast_error,10,15,13,0.2,0.08,controlled_ar1,ar1_delivery,0.9,0.03,33,65.0,0.0,8.4630479048501,2482.0884846309577,0.0,2482.0884846309577,0.0,0.0,0.0,0.0,0.0,0.0,0.003472222222222222,0.006944444444444444,10.0,10.5,0.0,0.001736111111111111,0.0,0.0
10gen,forecast_error,10,15,13,0.2,0.08,controlled_ar1,ar1_delivery,0.9,0.05,11,65.0,0.0,0.0,8787.013789324643,0.0,8787.013789324643,0.0,0.0,0.0,0.0,0.0,0.0,0.0,0.0,0.0,25.0,0.0,0.003125,0.0,0.0
10gen,forecast_error,10,15,13,0.2,0.08,controlled_ar1,ar1_delivery,0.9,0.05,22,65.0,0.0,96.1514082171565,37091.37870733339,0.0,37091.37870733339,0.0,0.0,0.0,0.0,0.0,0.0,0.003472222222222222,0.0,20.0,57.0,0.0,0.003125,0.0,0.0
10gen,forecast_error,10,15,13,0.2,0.08,controlled_ar1,ar1_delivery,0.9,0.05,33,65.0,2803.7788394577415,3870.2801487278634,15645.356192574807,0.0,12841.577353117065,0.0,0.0,0.0,0.0,0.0,0.38359101857376265,0.013888888888888888,0.03125,40.0,38.0,0.005902777777777778,0.011111111111111112,0.0,0.0
10gen,forecast_error,10,16,13,0.2,0.08,controlled_ar1,ar1_delivery,0.9,0.0,0,65.0,1113.447660154785,1113.447660154785,913.3770144802147,0.0,-200.0706456745702,0.0,0.0,0.0,0.0,0.0,0.0,0.0,0.0,0.0,4.5,0.006944444444444444,0.006944444444444444,0.0,0.0
10gen,forecast_error,10,16,13,0.2,0.08,controlled_ar1,ar1_delivery,0.9,0.01,11,65.0,1113.447660154785,1113.447660154785,786.7115637379065,0.0,-326.73609641687835,0.0,0.0,0.0,0.0,0.0,0.0,0.0,0.0,0.0,4.5,0.006944444444444444,0.005902777777777778,0.0,0.0
10gen,forecast_error,10,16,13,0.2,0.08,controlled_ar1,ar1_delivery,0.9,0.01,22,65.0,1113.447660154785,1113.447660154785,528.029429191809,0.0,-585.4182309629759,0.0,0.0,0.0,0.0,0.0,0.0,0.0,0.0,0.0,4.5,0.006944444444444444,0.005555555555555556,0.0,0.0
10gen,forecast_error,10,16,13,0.2,0.08,controlled_ar1,ar1_delivery,0.9,0.01,33,65.0,1113.447660154785,1113.447660154785,125.5273625748423,0.0,-987.9202975799426,0.0,0.0,0.0,0.0,0.0,0.0,0.0,0.0,0.0,4.5,0.006944444444444444,0.004861111111111111,0.0,0.0
10gen,forecast_error,10,16,13,0.2,0.08,controlled_ar1,ar1_delivery,0.9,0.03,11,65.0,1113.447660154785,1113.447660154785,1117.4402643279886,0.0,3.9926041732037447,0.0,0.0,0.0,0.0,0.0,0.0,0.0,0.0,0.0,5.5,0.006944444444444444,0.005902777777777778,0.0,0.0
10gen,forecast_error,10,16,13,0.2,0.08,controlled_ar1,ar1_delivery,0.9,0.03,22,65.0,1113.447660154785,1113.7286891382832,3922.6135781576963,0.0,2809.1659180029114,0.0,0.0,0.0,0.0,0.0,0.0,0.0,0.003472222222222222,0.0,10.0,0.006944444444444444,0.005902777777777778,0.0,0.0
10gen,forecast_error,10,16,13,0.2,0.08,controlled_ar1,ar1_delivery,0.9,0.03,33,65.0,3472.652818517488,3801.79456091828,597.656920474351,0.0,-2874.995898043137,0.0,0.0,0.0,0.0,0.0,0.21037221663309916,0.0,0.013888888888888888,0.0,5.0,0.007291666666666667,0.005555555555555556,0.0,0.0
10gen,forecast_error,10,16,13,0.2,0.08,controlled_ar1,ar1_delivery,0.9,0.05,11,65.0,1121.875430101336,1165.0078377666803,9219.599467568463,0.0,8097.724037467127,0.0,0.0,0.0,0.0,0.0,0.0,0.0,0.013888888888888888,0.0,30.0,0.006944444444444444,0.010069444444444445,0.0,0.0
10gen,forecast_error,10,16,13,0.2,0.08,controlled_ar1,ar1_delivery,0.9,0.05,22,65.0,897.9265572350023,932.4343827186029,36659.11340567202,0.0,35761.18684843701,0.0,0.0,0.0,0.0,0.0,0.0,0.0,0.013888888888888888,0.0,57.0,0.006944444444444444,0.008680555555555556,0.0,0.0
10gen,forecast_error,10,16,13,0.2,0.08,controlled_ar1,ar1_delivery,0.9,0.05,33,65.0,3355.9767483320893,3908.0870222280137,11607.694928840361,0.0,8251.718180508273,0.0,0.0,0.0,0.0,0.0,1.0496104471154504,0.0,0.024305555555555556,0.0,29.0,0.007638888888888889,0.010069444444444445,0.0,0.0
10gen,forecast_error,10,17,13,0.2,0.08,controlled_ar1,ar1_delivery,0.9,0.0,0,65.0,448246.2783702594,448263.4902722378,425.59094444631666,0.0,-447820.68742581306,0.0,0.0,0.6320735960479074,0.0,0.0,0.0,0.0,0.003472222222222222,0.0,10.0,0.010763888888888889,0.009027777777777777,0.6320735960479074,0.0
10gen,forecast_error,10,17,13,0.2,0.08,controlled_ar1,ar1_delivery,0.9,0.01,11,65.0,448246.2783702594,448262.79481989634,412.5280614076605,0.0,-447833.7503088517,0.0,0.0,0.6320735960479074,0.0,0.0,0.0,0.0,0.003472222222222222,0.0,18.0,0.010763888888888889,0.006944444444444444,0.6320735960479074,0.0
10gen,forecast_error,10,17,13,0.2,0.08,controlled_ar1,ar1_delivery,0.9,0.01,22,65.0,448246.2783702594,448261.554276118,1095.7685500307375,0.0,-447150.5098202287,0.0,0.0,0.6320735960479074,0.0,0.0,0.0,0.0,0.003472222222222222,0.0,18.0,0.010763888888888889,0.006944444444444444,0.6320735960479074,0.0
10gen,forecast_error,10,17,13,0.2,0.08,controlled_ar1,ar1_delivery,0.9,0.01,33,65.0,665686.5211809772,665686.5211809772,705.9028527627977,0.0,-664980.6183282144,0.0,0.0,1.1098594954698058,0.0,0.0,0.0,0.0,0.0,0.0,10.0,0.010763888888888889,0.005902777777777778,1.1098594954698058,0.0
10gen,forecast_error,10,17,13,0.2,0.08,controlled_ar1,ar1_delivery,0.9,0.03,11,65.0,448245.34496090387,448260.5742180086,1507.8604528455162,0.0,-446737.48450805835,0.0,0.0,0.6320735960479074,0.0,0.0,0.0,0.0,0.006944444444444444,0.0,18.0,0.010763888888888889,0.00798611111111111,0.6320735960479074,0.0
10gen,forecast_error,10,17,13,0.2,0.08,controlled_ar1,ar1_delivery,0.9,0.03,22,65.0,665578.6686054065,665579.511306318,248720.26726095987,0.0,-416858.4013444467,0.0,0.0,1.1098594954698058,0.21191948341189004,0.0,0.0,0.0,0.003472222222222222,0.0,3519.5,0.010069444444444445,0.00798611111111111,1.1098594954698058,0.21191948341189004
10gen,forecast_error,10,17,13,0.2,0.08,controlled_ar1,ar1_delivery,0.9,0.03,33,65.0,669727.3072626201,669966.5764166883,209934.6850733992,0.0,-459792.62218922086,0.0,0.0,1.1098594954698058,0.4201541126360174,0.0,0.3673757663397339,0.003472222222222222,0.017361111111111112,30.0,3519.5,0.010763888888888889,0.009722222222222222,1.1098594954698058,0.4201541126360174
10gen,forecast_error,10,17,13,0.2,0.08,controlled_ar1,ar1_delivery,0.9,0.05,11,65.0,668983.3460619962,669413.8581473047,9875.430352593927,0.0,-659107.9157094023,0.0,0.0,1.1098594954698058,0.0,0.0,0.3834468410063039,0.0,0.020833333333333332,0.0,30.0,0.011458333333333333,0.013194444444444444,1.1098594954698058,0.0
10gen,forecast_error,10,17,13,0.2,0.08,controlled_ar1,ar1_delivery,0.9,0.05,22,65.0,665234.0419536188,665622.2617229067,288700.0648074343,0.0,-376533.9771461845,0.0,0.0,1.1098594954698058,0.21191948341189004,0.0,0.0104036834221309,0.003472222222222222,0.034722222222222224,10.0,3519.5,0.010416666666666666,0.01423611111111111,1.1098594954698058,0.21191948341189004
10gen,forecast_error,10,17,13,0.2,0.08,controlled_ar1,ar1_delivery,0.9,0.05,33,65.0,429256.7472147304,430705.91463543236,441164.45121365984,0.0,11907.703998929414,0.0,0.0,0.8979400120579157,0.6981478468684941,2.5540610638889043,1.515498358694979,0.010416666666666666,0.052083333333333336,65.0,3519.5,0.015625,0.016666666666666666,0.8979400120579157,0.6981478468684941
10gen,forecast_error,10,18,13,0.2,0.08,controlled_ar1,ar1_delivery,0.9,0.0,0,65.0,8522211.929080863,8535755.073120242,2490429.864219129,0.0,-6031782.0648617335,2423.6700736932753,2122.3557500854567,846.4740935355532,448.7222276676005,735.8635385341905,149.50632719435643,0.2534722222222222,0.0763888888888889,65.0,3560.0,0.16805555555555557,0.1763888888888889,3270.1441672288283,2571.0779777530574
10gen,forecast_error,10,18,13,0.2,0.08,controlled_ar1,ar1_delivery,0.9,0.01,11,65.0,8580354.304865757,8594448.46983052,2612925.887942955,0.0,-5967428.416922802,2425.625351070811,2121.879619573021,861.3732873067406,457.1982637446488,731.1438397716686,155.36016167300662,0.25,0.0763888888888889,65.0,3560.0,0.1673611111111111,0.16875,3286.9986383775517,2579.07788331767
10gen,forecast_error,10,18,13,0.2,0.08,controlled_ar1,ar1_delivery,0.9,0.01,22,65.0,8021937.636329121,8038018.433097195,2354092.866610599,0.0,-5667844.769718522,2410.8229615598834,2141.8408958277537,819.9637997669066,443.9837035297345,733.407966035222,153.27548935173726,0.25,0.0798611111111111,65.0,3560.0,0.17048611111111112,0.17083333333333334,3230.78676132679,2585.8245993574883
10gen,forecast_error,10,18,13,0.2,0.08,controlled_ar1,ar1_delivery,0.9,0.01,33,65.0,8793288.161316693,8807846.318907065,2696801.4137219856,0.0,-6096486.747594707,2418.922786540884,2122.219281313345,857.8179538807364,450.6219728790787,800.3003518777265,150.99298936399794,0.2604166666666667,0.07291666666666667,65.0,3560.0,0.16805555555555557,0.17326388888888888,3276.74074042162,2572.841254192424
10gen,forecast_error,10,18,13,0.2,0.08,controlled_ar1,ar1_delivery,0.9,0.03,11,65.0,8621450.217411531,8635043.667288437,2886122.2432181756,0.0,-5735327.974193355,2425.625351070811,2163.3849864624017,872.9134855804023,460.71060060995455,741.7588523226307,167.28254632244813,0.25,0.0763888888888889,65.0,3557.0,0.1673611111111111,0.17083333333333334,3298.5388366512134,2624.0955870723565
10gen,forecast_error,10,18,13,0.2,0.08,controlled_ar1,ar1_delivery,0.9,0.03,22,65.0,8144124.38714233,8165108.105620697,5387234.573977154,0.0,-2756889.8131651767,2393.6619566488016,2186.1164803240654,824.7358396076509,409.37372481010004,789.4563951823184,169.7008752867307,0.2534722222222222,0.09027777777777778,65.0,3560.0,0.17152777777777778,0.171875,3218.3977962564522,2595.4902051341655
10gen,forecast_error,10,18,13,0.2,0.08,controlled_ar1,ar1_delivery,0.9,0.03,33,65.0,9346935.091122849,9362624.815382037,3534620.347071387,0.0,-5812314.744051462,2415.1613201400414,2117.654208035717,895.3471569385304,459.6852073119844,964.547342753213,153.48502583651063,0.2604166666666667,0.07291666666666667,65.0,3560.0,0.16979166666666667,0.1763888888888889,3310.5084770785716,2577.3394153477016
10gen,forecast_error,10,18,13,0.2,0.08,controlled_ar1,ar1_delivery,0.9,0.05,11,65.0,8916627.132686198,8929746.20818847,3042918.335127412,0.0,-5873708.797558786,2425.625351070811,2168.642349623474,884.7451715296498,472.72397187738727,776.6564947548452,202.60238207961598,0.2569444444444444,0.08333333333333333,65.0,3557.0,0.16875,0.17152777777777778,3310.370522600461,2641.366321500861
10gen,forecast_error,10,18,13,0.2,0.08,controlled_ar1,ar1_delivery,0.9,0.05,22,65.0,8743759.327663086,8771637.148011182,7286474.767495,0.0,-1457284.5601680866,2381.853154902978,2196.442111795867,841.932829349261,458.4369490071866,886.9879078534261,187.67390651719873,0.2638888888888889,0.09375,65.0,3560.0,0.17118055555555556,0.17673611111111112,3223.7859842522394,2654.8790608030536
10gen,forecast_error,10,18,13,0.2,0.08,controlled_ar1,ar1_delivery,0.9,0.05,33,65.0,9307501.089525666,9323760.691085506,3947597.1094868174,0.0,-5359903.980038849,2410.8229615598834,2108.264084549468,905.6384376931339,473.5497220859236,1164.600165756717,158.1627024686813,0.2638888888888889,0.0763888888888889,65.0,3560.0,0.17083333333333334,0.1753472222222222,3316.4613992530176,2581.8138066353913
10gen,natural_day_ahead,1,12,13,0.4,0.08,rts_day_ahead,independent,0.0,0.0,0,65.0,151248.10219431762,189546.1579264745,16576712.450546391,0.0,16425464.348352075,435.184554351924,1270.8218040681495,0.3316902003569389,273.82522010674177,503.02133723890756,198.02016213670586,0.24305555555555555,0.10416666666666667,65.0,3550.0,0.03125,0.023958333333333335,435.51624455228097,1544.6470241748912
10gen,natural_day_ahead,1,13,13,0.4,0.08,rts_day_ahead,independent,0.0,0.0,0,65.0,547.6841455065769,2704.7095407869097,3771290.276358083,0.0,3770742.5922125764,0.0,149.88823403269072,0.0,0.0,0.0,0.0,0.0,0.03125,0.0,3480.0,0.001388888888888889,0.0038194444444444443,0.0,149.88823403269072
10gen,natural_day_ahead,1,14,13,0.4,0.08,rts_day_ahead,independent,0.0,0.0,0,65.0,3970.5636992722866,94987.74632039896,18074407.59297723,0.0,18070437.029277958,17.858078069493025,213.63412081220946,0.1383964533792712,117.03230164817549,1657.6432922385566,0.0,0.2847222222222222,0.11805555555555555,65.0,3560.0,0.021180555555555557,0.022916666666666665,17.996474522872298,330.666422460385
10gen,natural_day_ahead,1,15,13,0.4,0.08,rts_day_ahead,independent,0.0,0.0,0,65.0,446017.4322471803,512943.25519510073,35975394.88504632,0.0,35529377.45279914,0.0,0.0,2.6514848637976627,8.988262100221721,60.406196603293054,0.0,0.2673611111111111,0.017361111111111112,65.0,3557.0,0.009027777777777777,0.009722222222222222,2.6514848637976627,8.988262100221721
10gen,natural_day_ahead,1,16,13,0.4,0.08,rts_day_ahead,independent,0.0,0.0,0,65.0,2190.233405316969,113172.66575047518,42197627.29593922,0.0,42195437.06253391,0.0,0.0,0.0,996.4440739373877,1249.0468798086933,0.0,0.4236111111111111,0.0,65.0,3560.0,0.019444444444444445,0.014930555555555556,0.0,996.4440739373877
10gen,natural_day_ahead,1,17,13,0.4,0.08,rts_day_ahead,independent,0.0,0.0,0,65.0,39659.21917550885,91017.41831121058,18501323.802928988,0.0,18461664.583753478,0.0,813.1541354472345,0.798562526709933,657.5542642658717,627.907936365825,421.27226576995156,0.08333333333333333,0.15625,65.0,3550.0,0.030555555555555555,0.024305555555555556,0.798562526709933,1470.7083997131062
10gen,natural_day_ahead,1,18,13,0.4,0.08,rts_day_ahead,independent,0.0,0.0,0,65.0,0.0,3298.428502276138,4683239.802039184,0.0,4683239.802039184,0.0,0.0,0.0,0.0,0.0,0.0,0.1076388888888889,0.03819444444444445,30.0,3512.0,0.0,0.001388888888888889,0.0,0.0
10gen,natural_day_ahead,4,12,13,0.4,0.08,rts_day_ahead,independent,0.0,0.0,0,65.0,11197.662674994652,227084.80621699756,85564649.10237958,0.0,85553451.43970458,0.0,2640.07419069935,0.0,221.8946087077395,766.912192904642,852.7519940075194,0.34375,0.4861111111111111,65.0,3557.0,0.025694444444444443,0.022222222222222223,0.0,2861.968799407089
10gen,natural_day_ahead,4,13,13,0.4,0.08,rts_day_ahead,independent,0.0,0.0,0,65.0,141.9759069167594,952.492466769643,5397207.683911423,0.0,5397065.708004506,0.0,0.0,0.0,0.0,0.0,0.0,0.024305555555555556,0.0,20.0,3514.5,0.001388888888888889,0.0010416666666666667,0.0,0.0
10gen,natural_day_ahead,4,14,13,0.4,0.08,rts_day_ahead,independent,0.0,0.0,0,65.0,517.1409362572595,517.1409362572595,129749.62230497279,0.0,129232.48136871553,0.0,0.0,0.0,0.0,0.0,0.0,0.0,0.0,0.0,48.0,0.0020833333333333333,0.003125,0.0,0.0
10gen,natural_day_ahead,4,15,13,0.4,0.08,rts_day_ahead,independent,0.0,0.0,0,65.0,476.6095188689027,11435.82495801292,12136288.344704753,0.0,12135811.735185884,0.0,372.46708305291224,0.0,0.0,0.0,0.0,0.0,0.2951388888888889,0.0,3480.5,0.006597222222222222,0.007291666666666667,0.0,372.46708305291224
10gen,natural_day_ahead,4,16,13,0.4,0.08,rts_day_ahead,independent,0.0,0.0,0,65.0,14794.308860821824,157474.8875121076,35721059.62642799,0.0,35706265.31756717,110.54537428430993,214.68539149781577,1.6760160018926276,52.76614242835747,3893.815124399069,6.148226173809684,0.3680555555555556,0.09722222222222222,65.0,3557.0,0.03333333333333333,0.034722222222222224,112.22139028620256,267.4515339261732
10gen,natural_day_ahead,4,17,13,0.4,0.08,rts_day_ahead,independent,0.0,0.0,0,65.0,1268003.9070173118,1273947.495032182,19885051.719171338,0.0,18617047.812154025,0.0,273.39060363516046,66.83436246681185,323.12122937135223,106.46167605487047,0.0,0.0763888888888889,0.19444444444444445,65.0,3520.0,0.03194444444444444,0.03090277777777778,66.83436246681185,596.5118330065127
10gen,natural_day_ahead,4,18,13,0.4,0.08,rts_day_ahead,independent,0.0,0.0,0,65.0,1993711.9746938888,1996332.7574735659,4789661.419507662,0.0,2795949.444813773,61.72192847238267,166.4665239409025,22.68310815175818,23.123737258308314,30.17283572626066,0.0,0.03819444444444445,0.006944444444444444,65.0,3519.5,0.051041666666666666,0.03993055555555555,84.40503662414085,189.59026119921083
10gen,natural_day_ahead,7,12,13,0.4,0.08,rts_day_ahead,independent,0.0,0.0,0,65.0,127.96415273600542,127.96415273600542,26270.763699534466,0.0,26142.79954679846,0.0,0.0,0.0,0.0,0.0,0.0,0.0,0.0,0.0,35.0,0.001736111111111111,0.0020833333333333333,0.0,0.0
10gen,natural_day_ahead,7,13,13,0.4,0.08,rts_day_ahead,independent,0.0,0.0,0,65.0,433887.0338255446,434705.0751631828,1458712.1603167192,0.0,1024825.1264911746,0.0,6.682047548056365,0.2916853311578885,0.021823140193191648,0.0,0.0,0.0,0.3055555555555556,0.0,3519.5,0.005902777777777778,0.009722222222222222,0.2916853311578885,6.703870688249556
10gen,natural_day_ahead,7,14,13,0.4,0.08,rts_day_ahead,independent,0.0,0.0,0,65.0,318.7878125524337,393.089966477223,24360.9696382331,0.0,24042.181825680665,0.0,0.0,0.0,0.0,0.0,0.0,0.0,0.05555555555555555,0.0,30.5,0.0006944444444444445,0.0,0.0,0.0
10gen,natural_day_ahead,7,15,13,0.4,0.08,rts_day_ahead,independent,0.0,0.0,0,65.0,241146.22898547837,242028.36966023743,4519647.713882899,0.0,4278501.484897421,0.0,10.348779118376285,0.04497404290918894,0.0,0.0,0.0,0.0,0.2048611111111111,0.0,3480.5,0.0038194444444444443,0.005208333333333333,0.04497404290918894,10.348779118376285
10gen,natural_day_ahead,7,16,13,0.4,0.08,rts_day_ahead,independent,0.0,0.0,0,65.0,15.073732185235713,15.073732185235713,1579.309937575426,0.0,1564.2362053901902,0.0,0.0,0.0,0.0,0.0,0.0,0.0,0.0,0.0,18.0,0.00034722222222222224,0.00034722222222222224,0.0,0.0
10gen,natural_day_ahead,7,17,13,0.4,0.08,rts_day_ahead,independent,0.0,0.0,0,65.0,4.965422919843149,412.2932734329757,79773.10283679495,0.0,79768.1374138751,0.0,0.0,0.0,0.0,0.0,0.0,0.0,0.2326388888888889,0.0,30.5,0.0006944444444444445,0.0010416666666666667,0.0,0.0
10gen,natural_day_ahead,7,18,13,0.4,0.08,rts_day_ahead,independent,0.0,0.0,0,65.0,0.0,11.100078150320622,680.836856904652,0.0,680.836856904652,0.0,0.0,0.0,0.0,0.0,0.0,0.0,0.04861111111111111,0.0,0.5,0.0,0.0,0.0,0.0
10gen,natural_day_ahead,10,12,13,0.4,0.08,rts_day_ahead,independent,0.0,0.0,0,65.0,149356.5371481381,228275.89635526843,27433298.96317531,0.0,27283942.426027175,0.0,0.0,8.620196011249396,1491.0204192842061,1535.1859526098917,0.0,0.3541666666666667,0.0625,65.0,3560.0,0.02013888888888889,0.017708333333333333,8.620196011249396,1491.0204192842061
10gen,natural_day_ahead,10,13,13,0.4,0.08,rts_day_ahead,independent,0.0,0.0,0,65.0,0.0,84.19808060194919,166748.3292937985,0.0,166748.3292937985,0.0,0.0,0.0,0.0,0.0,0.0,0.0,0.0763888888888889,0.0,173.0,0.0,0.00034722222222222224,0.0,0.0
10gen,natural_day_ahead,10,14,13,0.4,0.08,rts_day_ahead,independent,0.0,0.0,0,65.0,0.0,0.0,54669.92491881559,0.0,54669.92491881559,0.0,0.0,0.0,0.0,0.0,0.0,0.0,0.0,0.0,31.0,0.0,0.0,0.0,0.0
10gen,natural_day_ahead,10,15,13,0.4,0.08,rts_day_ahead,independent,0.0,0.0,0,65.0,0.0,0.0,51323.962120538396,0.0,51323.962120538396,0.0,0.0,0.0,0.0,0.0,0.0,0.0,0.0,0.0,31.0,0.0,0.0,0.0,0.0
10gen,natural_day_ahead,10,16,13,0.4,0.08,rts_day_ahead,independent,0.0,0.0,0,65.0,23.302738599682925,23.302738599682925,26165.084554316192,0.0,26141.78181571651,0.0,0.0,0.0,0.0,0.0,0.0,0.0,0.0,0.0,28.0,0.001388888888888889,0.0010416666666666667,0.0,0.0
10gen,natural_day_ahead,10,17,13,0.4,0.08,rts_day_ahead,independent,0.0,0.0,0,65.0,279.94139080267996,601.3022429885896,12224026.252097234,0.0,12223746.310706431,0.0,0.0,0.0,83.08115255980537,26.49569021129986,0.0,0.08680555555555555,0.0,65.0,3520.0,0.001736111111111111,0.0010416666666666667,0.0,83.08115255980537
10gen,natural_day_ahead,10,18,13,0.4,0.08,rts_day_ahead,independent,0.0,0.0,0,65.0,2393889.2936776374,2426690.7208228656,8921124.712530725,0.0,6527235.418853087,1641.732539877738,1741.2418452306815,179.99982552693592,1178.8821034313826,10851.135382049939,273.07255178362675,0.3125,0.0798611111111111,65.0,3560.0,0.06944444444444445,0.06145833333333333,1821.7323654046738,2920.1239486620643
RTS73,external,1,13,13,0.3,0.08,perfect,independent,0.0,0.0,0,65.0,5303653.287496868,5308503.72011305,16200.13372204148,0.0,-5287453.153774826,0.0,0.0,53.73462749999991,0.0,0.0,19.276228416666605,0.0,0.024305555555555556,0.0,29.130193300000002,0.12851978691019786,0.1363679604261796,53.73462749999991,0.0
RTS73,external,1,13,13,0.6,0.08,perfect,independent,0.0,0.0,0,65.0,18109.837315088054,18109.837315088054,1282.3000181525522,0.0,-16827.5372969355,0.0,0.0,0.0,0.0,0.0,0.0,0.0,0.0,0.0,21.6545124825,0.05431887366818874,0.05498477929984779,0.0,0.0
RTS73,external,1,15,13,0.3,0.08,perfect,independent,0.0,0.0,0,65.0,9096875.174235553,9106164.652959507,1324633.1571409581,0.0,-7772242.017094594,0.0,0.0,255.85925749999888,0.0,0.0,51.31274083333332,0.0,0.04513888888888889,0.0,3526.770312335,0.13641552511415525,0.1482115677321157,255.85925749999888,0.0
RTS73,external,1,15,13,0.6,0.08,perfect,independent,0.0,0.0,0,65.0,461252.44816649496,461252.44816649496,1695.0911814119675,0.0,-459557.35698508297,0.0,0.0,1.3570544999999847,0.0,0.0,0.0,0.0,0.0,0.0,21.6545124825,0.06454528158295282,0.0662576103500761,1.3570544999999847,0.0
RTS73,external,1,17,13,0.3,0.08,perfect,independent,0.0,0.0,0,65.0,5322857.807142817,5330675.69363335,1197997.5377542814,0.0,-4124860.269388536,0.0,0.0,265.7909493166664,0.0,0.0,55.88971518333348,0.0,0.04513888888888889,0.0,3529.14054473,0.09627092846270928,0.10892313546423135,265.7909493166664,0.0
RTS73,external,1,17,13,0.6,0.08,perfect,independent,0.0,0.0,0,65.0,1091779.366028721,1096124.191156761,13225.318288853385,0.0,-1078554.0477398676,0.0,0.0,11.306858166666618,0.0,0.0,8.68829416666661,0.0,0.020833333333333332,0.0,3502.025875,0.043093607305936074,0.04818302891933029,11.306858166666618,0.0
RTS73,external,4,13,13,0.3,0.08,perfect,independent,0.0,0.0,0,65.0,639015.3878971584,639067.2030773406,4853.845805094288,0.0,-634161.542092064,0.0,0.0,4.104877625000009,0.0,0.0,0.0,0.0,0.006944444444444444,0.0,22.6861396025,0.12447678843226788,0.12980403348554034,4.104877625000009,0.0
RTS73,external,4,13,13,0.6,0.08,perfect,independent,0.0,0.0,0,65.0,6538.659314941713,6538.659314941713,1116.7315633498288,0.0,-5421.927751591884,0.0,0.0,0.0,0.0,0.0,0.0,0.0,0.0,0.0,20.639268785,0.05322488584474886,0.05412861491628615,0.0,0.0
RTS73,external,4,15,13,0.3,0.08,perfect,independent,0.0,0.0,0,65.0,9642312.166092806,9649600.881486429,2157010.740246908,0.0,-7485301.425845898,0.0,0.0,86.51256495833195,1.4210854715202004e-14,0.0,27.61972777499985,0.0,0.03819444444444445,0.0,3526.770312335,0.1356544901065449,0.1600076103500761,86.51256495833195,1.4210854715202004e-14
RTS73,external,4,15,13,0.6,0.08,perfect,independent,0.0,0.0,0,65.0,497161.2396365908,497161.2396365908,3709.7645477471788,0.0,-493451.47508884367,0.0,0.0,1.4652301666666667,0.0,0.0,0.0,0.0,0.0,0.0,22.6861396025,0.06925418569254185,0.06906392694063927,1.4652301666666667,0.0
RTS73,external,4,17,13,0.3,0.08,perfect,independent,0.0,0.0,0,65.0,6360095.564487151,6363622.612366071,223687.29855995596,0.0,-6136408.265927195,0.0,0.0,87.15070246666662,0.0,0.0,32.57469099999973,0.0,0.04513888888888889,0.0,3529.14054473,0.15772450532724505,0.190734398782344,87.15070246666662,0.0
RTS73,external,4,17,13,0.6,0.08,perfect,independent,0.0,0.0,0,65.0,1204044.1639925628,1207018.8369709887,94456.20312318443,0.0,-1109587.9608693784,0.0,0.0,26.037524033333373,0.0,0.0,7.414896583333236,0.0,0.006944444444444444,0.0,3519.3218686,0.08195395738203957,0.0900875190258752,26.037524033333373,0.0
RTS73,external,7,13,13,0.3,0.08,perfect,independent,0.0,0.0,0,65.0,11193032.778591432,11192545.278591432,12101.655807369068,0.0,-11180931.122784063,0.0,0.0,35.889625750000135,0.0,9.181265253657159,0.0,0.006944444444444444,0.0,65.0,115.11284129999999,0.20985540334855404,0.2181316590563166,35.889625750000135,0.0
RTS73,external,7,13,13,0.6,0.08,perfect,independent,0.0,0.0,0,65.0,18613.28115572332,18613.28115572332,1124.7502696909523,0.0,-17488.53088603237,0.0,0.0,0.0,0.0,0.0,0.0,0.0,0.0,0.0,21.509175669999998,0.10411910197869102,0.09826864535768645,0.0,0.0
RTS73,external,7,15,13,0.3,0.08,perfect,independent,0.0,0.0,0,65.0,11842146.48864502,11844717.955547646,477766.21259699296,0.0,-11364380.276048027,0.0,0.0,42.359272543611695,9.473903143468002e-15,0.0,2.1180944999999722,0.003472222222222222,0.010416666666666666,27.01748923,3523.254946995,0.1803177321156773,0.18036529680365296,42.359272543611695,9.473903143468002e-15
RTS73,external,7,15,13,0.6,0.08,perfect,independent,0.0,0.0,0,65.0,893277.1886781915,893277.1886781915,711.5151685631835,0.0,-892565.6735096283,0.0,0.0,0.26841591666675885,0.0,0.0,0.0,0.0,0.0,0.0,21.229071994999998,0.0915144596651446,0.08499809741248097,0.26841591666675885,0.0
RTS73,external,7,17,13,0.3,0.08,perfect,independent,0.0,0.0,0,65.0,1125219.8131250804,1127359.5649963196,2804.709611107435,0.0,-1122415.103513973,0.09702616666650479,0.0970261666664669,0.0,0.0,16.84788581888805,0.0,0.013888888888888888,0.0,65.0,3485.74277541,0.11382229832572298,0.10326293759512938,0.09702616666650479,0.0970261666664669
RTS73,external,7,17,13,0.6,0.08,perfect,independent,0.0,0.0,0,65.0,8645.120034135522,8645.120034135522,426.53904390053094,0.0,-8218.58099023499,0.0,0.0,0.0,0.0,0.0,0.0,0.0,0.0,0.0,9.818676130000004,0.0471841704718417,0.0426179604261796,0.0,0.0
RTS73,external,10,13,13,0.3,0.08,perfect,independent,0.0,0.0,0,65.0,25867.613364979108,25867.613364979108,3963.379962582688,0.0,-21904.23340239642,0.0,0.0,0.0,0.0,0.0,0.0,0.0,0.0,0.0,21.6545124825,0.09650875190258752,0.09936263318112633,0.0,0.0
RTS73,external,10,13,13,0.6,0.08,perfect,independent,0.0,0.0,0,65.0,4407.08309340788,4407.08309340788,529.2523503322942,0.0,-3877.8307430755863,0.0,0.0,0.0,0.0,0.0,0.0,0.0,0.0,0.0,4.627048080000002,0.03867009132420091,0.03795662100456621,0.0,0.0
RTS73,external,10,15,13,0.3,0.08,perfect,independent,0.0,0.0,0,65.0,24852.55579347841,24852.55579347841,3845.4091790717416,0.0,-21007.146614406665,0.0,0.0,0.0,0.0,0.0,0.0,0.0,0.0,0.0,25.12441309,0.08204908675799087,0.08019406392694065,0.0,0.0
RTS73,external,10,15,13,0.6,0.08,perfect,independent,0.0,0.0,0,65.0,3708.8160460728905,3708.8160460728905,427.93759126058023,0.0,-3280.8784548123103,0.0,0.0,0.0,0.0,0.0,0.0,0.0,0.0,0.0,5.1880599275000066,0.030679223744292237,0.03063165905631659,0.0,0.0
RTS73,external,10,17,13,0.3,0.08,perfect,independent,0.0,0.0,0,65.0,404563.17032985657,404580.5711351811,8202.307691427506,0.0,-396360.86263842904,0.0,0.0,0.33880065000001497,0.0,0.0,0.0,0.0,0.003472222222222222,0.0,24.744437335000004,0.11477359208523592,0.12143264840182648,0.33880065000001497,0.0
RTS73,external,10,17,13,0.6,0.08,perfect,independent,0.0,0.0,0,65.0,6862.629876632795,6862.629876632795,279.81595141586115,0.0,-6582.813925216933,0.0,0.0,0.0,0.0,0.0,0.0,0.0,0.0,0.0,5.179263852500004,0.050038051750380515,0.046993911719939115,0.0,0.0
RTS93,external93,1,13,13,0.2,0.16,perfect,independent,0.0,0.0,0,65.0,87261.49551837718,89035.96801740359,21832.73615628878,0.0,-65428.7593620884,0.0,0.0,0.0,0.0,0.0,0.0,0.0625,0.0,34.424248515,29.31289264,0.13676075268817203,0.14497461170848266,0.0,0.0
RTS93,external93,1,13,13,0.3,0.16,perfect,independent,0.0,0.0,0,65.0,53142.2824717869,53142.2824717869,10824.452370042643,0.0,-42317.83010174426,0.0,0.0,0.0,0.0,0.0,0.0,0.0,0.0,0.0,29.130193300000002,0.09180854241338113,0.10024641577060932,0.0,0.0
RTS93,external93,1,13,13,0.4,0.16,perfect,independent,0.0,0.0,0,65.0,37593.08674147095,37593.08674147095,5159.508090239333,0.0,-32433.57865123162,0.0,0.0,0.0,0.0,0.0,0.0,0.0,0.0,0.0,27.01748923,0.06869772998805257,0.07575418160095579,0.0,0.0
RTS93,external93,1,13,13,0.6,0.16,perfect,independent,0.0,0.0,0,65.0,23203.082931883997,23203.082931883997,3479.782715627979,0.0,-19723.30021625602,0.0,0.0,0.0,0.0,0.0,0.0,0.0,0.0,0.0,24.744437335000004,0.04439217443249701,0.046370967741935484,0.0,0.0
RTS93,external93,1,13,13,0.8,0.16,perfect,independent,0.0,0.0,0,65.0,12555.845316177507,12555.845316177507,2693.3617209213335,0.0,-9862.483595256173,0.0,0.0,0.0,0.0,0.0,0.0,0.0,0.0,0.0,21.6545124825,0.029644563918757468,0.030764635603345282,0.0,0.0
RTS93,external93,1,15,13,0.2,0.16,perfect,independent,0.0,0.0,0,65.0,130315.798094375,132586.40334532675,53218.257475682854,0.0,-77097.54061869215,0.0,0.0,0.0,0.0,0.0,0.0,0.0798611111111111,0.0,41.098605255,27.255581455,0.134557945041816,0.1400089605734767,0.0,0.0
RTS93,external93,1,15,13,0.3,0.16,perfect,independent,0.0,0.0,0,65.0,85473.10182272407,85473.10182272407,19979.407645763524,0.0,-65493.69417696055,0.0,0.0,0.0,0.0,0.0,0.0,0.0,0.0,0.0,25.12441309,0.09206989247311828,0.09531810035842293,0.0,0.0
RTS93,external93,1,15,13,0.4,0.16,perfect,independent,0.0,0.0,0,65.0,54145.39543508641,54145.39543508641,9060.897464599324,0.0,-45084.497970487086,0.0,0.0,0.0,0.0,0.0,0.0,0.0,0.0,0.0,25.12441309,0.0666816009557945,0.06705495818399045,0.0,0.0
RTS93,external93,1,15,13,0.6,0.16,perfect,independent,0.0,0.0,0,65.0,24589.02349765736,24589.02349765736,2404.8494377914194,0.0,-22184.174059865938,0.0,0.0,0.0,0.0,0.0,0.0,0.0,0.0,0.0,24.744437335000004,0.03920250896057348,0.041928016726403824,0.0,0.0
RTS93,external93,1,15,13,0.8,0.16,perfect,independent,0.0,0.0,0,65.0,13164.306342264108,13164.306342264108,655.7170402064172,0.0,-12508.589302057691,0.0,0.0,0.0,0.0,0.0,0.0,0.0,0.0,0.0,20.639268785,0.02639635603345281,0.02781511350059737,0.0,0.0
RTS93,external93,1,17,13,0.2,0.16,perfect,independent,0.0,0.0,0,65.0,49754.33382354123,49890.41812432104,6812.384785277676,0.0,-42941.949038263556,0.0,0.0,0.0,0.0,0.0,0.0,0.003472222222222222,0.0,34.424248515,46.84619845,0.07900238948626045,0.07780764635603345,0.0,0.0
RTS93,external93,1,17,13,0.3,0.16,perfect,independent,0.0,0.0,0,65.0,30416.462535744802,30416.462535744802,3608.0939535577063,0.0,-26808.368582187097,0.0,0.0,0.0,0.0,0.0,0.0,0.0,0.0,0.0,24.7120146025,0.04663231780167264,0.05133661887694146,0.0,0.0
RTS93,external93,1,17,13,0.4,0.16,perfect,independent,0.0,0.0,0,65.0,20371.795435469336,20371.795435469336,1641.2875343936278,0.0,-18730.507901075707,0.0,0.0,0.0,0.0,0.0,0.0,0.0,0.0,0.0,21.7693405225,0.03207138590203106,0.03770908004778972,0.0,0.0
RTS93,external93,1,17,13,0.6,0.16,perfect,independent,0.0,0.0,0,65.0,12727.10256453274,12727.10256453274,1282.767922424767,0.0,-11444.334642107973,0.0,0.0,0.0,0.0,0.0,0.0,0.0,0.0,0.0,21.229071994999998,0.02001194743130227,0.023334826762246116,0.0,0.0
RTS93,external93,1,17,13,0.8,0.16,perfect,independent,0.0,0.0,0,65.0,7896.263703558739,7896.263703558739,1098.6061985551619,0.0,-6797.657505003577,0.0,0.0,0.0,0.0,0.0,0.0,0.0,0.0,0.0,20.545724727499998,0.014374253285543608,0.01605436081242533,0.0,0.0
RTS93,external93,4,13,13,0.2,0.16,perfect,independent,0.0,0.0,0,65.0,68115.84165680411,78648.8785658382,8644.506440615754,0.0,-59471.33521618836,0.0,0.0,0.0,0.0,0.0,0.0,0.4444444444444444,0.0,36.12393546,26.770312335,0.1478121266427718,0.14986559139784947,0.0,0.0
RTS93,external93,4,13,13,0.3,0.16,perfect,independent,0.0,0.0,0,65.0,29521.099785084745,29521.099785084745,3008.3927614757313,0.0,-26512.707023609015,0.0,0.0,0.0,0.0,0.0,0.0,0.0,0.0,0.0,25.124413090000004,0.09248058542413382,0.09867831541218638,0.0,0.0
RTS93,external93,4,13,13,0.4,0.16,perfect,independent,0.0,0.0,0,65.0,14003.477518099753,14003.477518099753,2636.9910235096536,0.0,-11366.486494590099,0.0,0.0,0.0,0.0,0.0,0.0,0.0,0.0,0.0,22.628533375,0.06742831541218638,0.07104988052568698,0.0,0.0
RTS93,external93,4,13,13,0.6,0.16,perfect,independent,0.0,0.0,0,65.0,6718.318124406344,6718.318124406344,1035.0290857441587,0.0,-5683.289038662186,0.0,0.0,0.0,0.0,0.0,0.0,0.0,0.0,0.0,20.639268785,0.041554659498207885,0.043234767025089604,0.0,0.0
RTS93,external93,4,13,13,0.8,0.16,perfect,independent,0.0,0.0,0,65.0,5133.316536438822,5133.316536438822,388.3288397585525,0.0,-4744.987696680269,0.0,0.0,0.0,0.0,0.0,0.0,0.0,0.0,0.0,18.497796915,0.028039127837514933,0.02867383512544803,0.0,0.0
RTS93,external93,4,15,13,0.2,0.16,perfect,independent,0.0,0.0,0,65.0,139184.06861779906,142475.32876800766,57161.83506196424,0.0,-82022.23355583483,0.0,0.0,0.0,0.0,1.4733359166666133,0.0,0.08680555555555555,0.0,65.0,28.348401535000004,0.1491188769414576,0.16976553166069294,0.0,0.0
RTS93,external93,4,15,13,0.3,0.16,perfect,independent,0.0,0.0,0,65.0,91953.23117895958,91953.23117895958,31571.128772567532,0.0,-60382.10240639205,0.0,0.0,0.0,0.0,0.0,0.0,0.0,0.0,0.0,27.255581455,0.10502538829151732,0.11697281959378733,0.0,0.0
RTS93,external93,4,15,13,0.4,0.16,perfect,independent,0.0,0.0,0,65.0,61140.39347930673,61140.39347930673,7712.553801148557,0.0,-53427.839678158176,0.0,0.0,0.0,0.0,0.0,0.0,0.0,0.0,0.0,22.665143784999998,0.07974910394265233,0.0907258064516129,0.0,0.0
RTS93,external93,4,15,13,0.6,0.16,perfect,independent,0.0,0.0,0,65.0,29966.978310898478,29966.978310898478,4227.542882556685,0.0,-25739.435428341792,0.0,0.0,0.0,0.0,0.0,0.0,0.0,0.0,0.0,21.6545124825,0.05312873357228196,0.056899641577060935,0.0,0.0
RTS93,external93,4,15,13,0.8,0.16,perfect,independent,0.0,0.0,0,65.0,17034.0168635051,17034.0168635051,1858.2039123232785,0.0,-15175.812951181822,0.0,0.0,0.0,0.0,0.0,0.0,0.0,0.0,0.0,20.639268785,0.03770908004778972,0.0396505376344086,0.0,0.0
RTS93,external93,4,17,13,0.2,0.16,perfect,independent,0.0,0.0,0,65.0,60461.65333522127,60892.484991648125,3887.323427660739,0.0,-56574.32990756053,0.0,0.0,0.0,0.0,0.0,0.0,0.017361111111111112,0.0,25.644328765000004,27.114669730000003,0.15132168458781362,0.17144563918757466,0.0,0.0
RTS93,external93,4,17,13,0.3,0.16,perfect,independent,0.0,0.0,0,65.0,48125.70068295879,48125.70068295879,2657.647422379852,0.0,-45468.05326057894,0.0,0.0,0.0,0.0,0.0,0.0,0.0,0.0,0.0,22.6861396025,0.10510005973715651,0.12298387096774194,0.0,0.0
RTS93,external93,4,17,13,0.4,0.16,perfect,independent,0.0,0.0,0,65.0,37997.521508562015,37997.521508562015,4975.603507408025,0.0,-33021.91800115399,0.0,0.0,0.0,0.0,0.0,0.0,0.0,0.0,0.0,21.6545124825,0.0823252688172043,0.09599014336917562,0.0,0.0
RTS93,external93,4,17,13,0.6,0.16,perfect,independent,0.0,0.0,0,65.0,22045.397169390453,22045.397169390453,2592.888680210072,0.0,-19452.50848918038,0.0,0.0,0.0,0.0,0.0,0.0,0.0,0.0,0.0,20.639268785,0.05391278375149343,0.062163978494623656,0.0,0.0
RTS93,external93,4,17,13,0.8,0.16,perfect,independent,0.0,0.0,0,65.0,15173.73713923661,15173.73713923661,1865.264103626106,0.0,-13308.473035610503,0.0,0.0,0.0,0.0,0.0,0.0,0.0,0.0,0.0,19.7434655225,0.03946385902031063,0.043010752688172046,0.0,0.0
RTS93,external93,7,13,13,0.2,0.16,perfect,independent,0.0,0.0,0,65.0,179394.11683319317,289131.81395297626,20129.909652875845,0.0,-159264.20718031732,0.0,0.0,0.0,0.0,50.71244109990681,0.0,0.8958333333333334,0.0,65.0,75.15834091500001,0.23711917562724014,0.2503733572281959,0.0,0.0
RTS93,external93,7,13,13,0.3,0.16,perfect,independent,0.0,0.0,0,65.0,102847.64425228484,116412.43806238577,10459.134412705725,0.0,-92388.50983957911,0.0,0.0,0.0,0.0,4.730843249999467,0.0,0.375,0.0,65.0,31.1560683,0.18428912783751494,0.1724537037037037,0.0,0.0
RTS93,external93,7,13,13,0.4,0.16,perfect,independent,0.0,0.0,0,65.0,59586.69461222694,61271.09265980556,9076.528558956923,0.0,-50510.16605327001,0.0,0.0,0.0,0.0,0.0,0.0,0.03125,0.0,36.12393546,27.134105830000003,0.12518667861409796,0.12817353643966548,0.0,0.0
RTS93,external93,7,13,13,0.6,0.16,perfect,independent,0.0,0.0,0,65.0,33828.337486730714,33822.20308359935,3014.5853447377635,0.0,-30813.75214199295,0.0,0.0,0.0,0.0,0.0,0.0,0.003472222222222222,0.0,4.070476097500002,21.229071994999998,0.0840800477897252,0.08109318996415771,0.0,0.0
RTS93,external93,7,13,13,0.8,0.16,perfect,independent,0.0,0.0,0,65.0,15671.395124906092,15671.395124906092,736.8326143614064,0.0,-14934.562510544685,0.0,0.0,0.0,0.0,0.0,0.0,0.0,0.0,0.0,20.639268785,0.061715949820788533,0.05738500597371565,0.0,0.0
RTS93,external93,7,15,13,0.2,0.16,perfect,independent,0.0,0.0,0,65.0,131217.7509469327,212430.4914525054,10501.456771902458,0.0,-120716.29417503024,0.0,0.0,0.0,0.0,18.861490500001125,0.0,0.8784722222222222,0.0,65.0,75.15834091499998,0.19130824372759855,0.21643518518518517,0.0,0.0
RTS93,external93,7,15,13,0.3,0.16,perfect,independent,0.0,0.0,0,65.0,92459.22694582371,99420.9836665402,7193.380423623828,0.0,-85265.84652219989,0.0,0.0,0.0,0.0,3.3411687500001976,0.0,0.16666666666666666,0.0,65.0,29.281456455,0.1520310633213859,0.15042562724014336,0.0,0.0
RTS93,external93,7,15,13,0.4,0.16,perfect,independent,0.0,0.0,0,65.0,63356.56825731916,64034.97183214294,8197.170630474535,0.0,-55159.39762684463,0.0,0.0,0.0,0.0,0.0,0.0,0.024305555555555556,0.0,31.33876764,27.01748923,0.11051373954599761,0.11144713261648745,0.0,0.0
RTS93,external93,7,15,13,0.6,0.16,perfect,independent,0.0,0.0,0,65.0,34365.33765385488,34365.33765385488,1219.2057565924865,0.0,-33146.13189726239,0.0,0.0,0.0,0.0,0.0,0.0,0.0,0.0,0.0,25.72498858,0.07250597371565114,0.07007915173237754,0.0,0.0
RTS93,external93,7,15,13,0.8,0.16,perfect,independent,0.0,0.0,0,65.0,20321.562396045832,20321.562396045832,514.8050963133721,0.0,-19806.75729973246,0.0,0.0,0.0,0.0,0.0,0.0,0.0,0.0,0.0,20.545724727499998,0.053390083632019116,0.04939516129032258,0.0,0.0
RTS93,external93,7,17,13,0.2,0.16,perfect,independent,0.0,0.0,0,65.0,65219.1683811267,288156.95259819616,9782.232654774121,0.0,-55436.935726352574,0.0,0.0,0.0,0.0,97.1047390177761,0.0,0.9965277777777778,0.0,65.0,36.12393546,0.16143966547192354,0.14034498207885304,0.0,0.0
RTS93,external93,7,17,13,0.3,0.16,perfect,independent,0.0,0.0,0,65.0,37585.45682908711,111612.11592538445,4930.157956475453,0.0,-32655.298872611656,0.0,0.0,0.0,0.0,27.812418258888773,0.0,0.9930555555555556,0.0,65.0,31.33876764,0.09016577060931899,0.08770161290322581,0.0,0.0
RTS93,external93,7,17,13,0.4,0.16,perfect,independent,0.0,0.0,0,65.0,19355.316845969617,27648.790573744976,1036.1331087364003,0.0,-18319.183737233216,0.0,0.0,0.0,0.0,8.862859499999766,0.0,0.6076388888888888,0.0,65.0,27.134105830000003,0.08083183990442055,0.06287335722819594,0.0,0.0
RTS93,external93,7,17,13,0.6,0.16,perfect,independent,0.0,0.0,0,65.0,5359.195157951817,5538.308525763699,409.7813898951297,0.0,-4949.413768056687,0.0,0.0,0.0,0.0,0.0,0.0,0.010416666666666666,0.0,8.490924515000003,10.154390444999997,0.04021057347670251,0.03815710872162485,0.0,0.0
RTS93,external93,7,17,13,0.8,0.16,perfect,independent,0.0,0.0,0,65.0,4106.546055857427,4106.546055857427,242.4460729175907,0.0,-3864.099982939836,0.0,0.0,0.0,0.0,0.0,0.0,0.0,0.0,0.0,7.408069515000008,0.028039127837514933,0.025724313022700118,0.0,0.0
RTS93,external93,10,13,13,0.2,0.16,perfect,independent,0.0,0.0,0,65.0,36286.26633283871,60774.390400659584,7862.149254270578,0.0,-28424.117078568135,0.0,0.0,0.0,0.0,0.0,0.0,0.9270833333333334,0.0,42.663211305000004,25.124413089999997,0.11387395459976105,0.1183169056152927,0.0,0.0
RTS93,external93,10,13,13,0.3,0.16,perfect,independent,0.0,0.0,0,65.0,21145.712827956995,21744.770216484136,3616.6673925589607,0.0,-17529.045435398035,0.0,0.0,0.0,0.0,0.0,0.0,0.020833333333333332,0.0,34.424248515,21.6545124825,0.07418608124253286,0.07530615292712067,0.0,0.0
RTS93,external93,10,13,13,0.4,0.16,perfect,independent,0.0,0.0,0,65.0,14977.454826826912,14977.454826826912,1579.3970791222728,0.0,-13398.057747704639,0.0,0.0,0.0,0.0,0.0,0.0,0.0,0.0,0.0,20.545724727499998,0.05066457586618877,0.05268070489844683,0.0,0.0
RTS93,external93,10,13,13,0.6,0.16,perfect,independent,0.0,0.0,0,65.0,4949.389772049311,4949.389772049311,426.9368777874744,0.0,-4522.452894261837,0.0,0.0,0.0,0.0,0.0,0.0,0.0,0.0,0.0,6.501659925000006,0.030055256869773,0.031175328554360813,0.0,0.0
RTS93,external93,10,13,13,0.8,0.16,perfect,independent,0.0,0.0,0,65.0,2397.147971865046,2397.147971865046,279.31937081353203,0.0,-2117.828601051514,0.0,0.0,0.0,0.0,0.0,0.0,0.0,0.0,0.0,3.7521391049999906,0.019526583034647552,0.019862604540023896,0.0,0.0
RTS93,external93,10,15,13,0.2,0.16,perfect,independent,0.0,0.0,0,65.0,57013.48166241856,103719.61138957072,20827.166278294782,0.0,-36186.31538412378,0.0,0.0,0.0,0.0,0.0,0.0,0.96875,0.0,38.095727805,27.255581455,0.10226254480286738,0.1028225806451613,0.0,0.0
RTS93,external93,10,15,13,0.3,0.16,perfect,independent,0.0,0.0,0,65.0,35026.048429048045,36167.54006105325,2909.1901287415076,0.0,-32116.858300306536,0.0,0.0,0.0,0.0,0.0,0.0,0.041666666666666664,0.0,32.398373515,23.6803874825,0.0649268219832736,0.06559886499402628,0.0,0.0
RTS93,external93,10,15,13,0.4,0.16,perfect,independent,0.0,0.0,0,65.0,20338.438298552443,20338.438298552443,2718.078039364961,0.0,-17620.36025918748,0.0,0.0,0.0,0.0,0.0,0.0,0.0,0.0,0.0,22.6861396025,0.044690860215053765,0.04491487455197132,0.0,0.0
RTS93,external93,10,15,13,0.6,0.16,perfect,independent,0.0,0.0,0,65.0,4120.211712480339,4120.211712480339,355.4290334057475,0.0,-3764.7826790745917,0.0,0.0,0.0,0.0,0.0,0.0,0.0,0.0,0.0,4.79241532999999,0.02546296296296296,0.02542562724014337,0.0,0.0
RTS93,external93,10,15,13,0.8,0.16,perfect,independent,0.0,0.0,0,65.0,2249.3595317240383,2249.3595317240383,202.799533379932,0.0,-2046.5599983441064,0.0,0.0,0.0,0.0,0.0,0.0,0.0,0.0,0.0,4.070476097500002,0.015718339307048985,0.01616636798088411,0.0,0.0
RTS93,external93,10,17,13,0.2,0.16,perfect,independent,0.0,0.0,0,65.0,99517.5208396514,102936.9054203291,34590.12775643728,0.0,-64927.39308321413,0.0,0.0,0.0,0.0,0.0,0.0,0.14583333333333334,0.0,41.098605255,25.72498858,0.12776284348864994,0.14262246117084826,0.0,0.0
RTS93,external93,10,17,13,0.3,0.16,perfect,independent,0.0,0.0,0,65.0,63209.12477092544,63209.12477092544,13723.178628036154,0.0,-49485.94614288928,0.0,0.0,0.0,0.0,0.0,0.0,0.0,0.0,0.0,23.68038748250001,0.0871042413381123,0.09595280764635604,0.0,0.0
RTS93,external93,10,17,13,0.4,0.16,perfect,independent,0.0,0.0,0,65.0,36416.63769487964,36416.63769487964,4889.181046193563,0.0,-31527.456648686075,0.0,0.0,0.0,0.0,0.0,0.0,0.0,0.0,0.0,21.6545124825,0.06563620071684588,0.06907108721624851,0.0,0.0
RTS93,external93,10,17,13,0.6,0.16,perfect,independent,0.0,0.0,0,65.0,11463.469827508194,11463.469827508194,1986.8254160218007,0.0,-9476.644411486393,0.0,0.0,0.0,0.0,0.0,0.0,0.0,0.0,0.0,21.509175669999998,0.040247909199522106,0.04032258064516129,0.0,0.0
RTS93,external93,10,17,13,0.8,0.16,perfect,independent,0.0,0.0,0,65.0,3995.2403685061395,3995.2403685061395,570.5237753906437,0.0,-3424.716593115496,0.0,0.0,0.0,0.0,0.0,0.0,0.0,0.0,0.0,19.556377407499998,0.026545698924731184,0.026545698924731184,0.0,0.0
RTS93,external93_forecast_error,1,13,13,0.6,0.16,controlled_ar1,ar1_delivery,0.9,0.0,0,65.0,23203.082931883997,23203.082931883997,3479.782715627979,0.0,-19723.30021625602,0.0,0.0,0.0,0.0,0.0,0.0,0.0,0.0,0.0,24.744437335000004,0.04439217443249701,0.046370967741935484,0.0,0.0
RTS93,external93_forecast_error,1,13,13,0.6,0.16,controlled_ar1,ar1_delivery,0.9,0.01,11,65.0,23203.082931883997,23203.082931883997,9531.564076499744,0.0,-13671.518855384253,0.0,0.0,0.0,0.0,0.0,0.0,0.0,0.0,0.0,22.6861396025,0.04439217443249701,0.046184289127837515,0.0,0.0
RTS93,external93_forecast_error,1,13,13,0.6,0.16,controlled_ar1,ar1_delivery,0.9,0.01,22,65.0,23203.082931883997,23203.082931883997,7873.46462726921,0.0,-15329.618304614787,0.0,0.0,0.0,0.0,0.0,0.0,0.0,0.0,0.0,21.6545124825,0.04439217443249701,0.04603494623655914,0.0,0.0
RTS93,external93_forecast_error,1,13,13,0.6,0.16,controlled_ar1,ar1_delivery,0.9,0.01,33,65.0,23203.082931883997,23203.082931883997,4572.206129527425,0.0,-18630.87680235657,0.0,0.0,0.0,0.0,0.0,0.0,0.0,0.0,0.0,21.6545124825,0.04439217443249701,0.04540023894862605,0.0,0.0
RTS93,external93_forecast_error,1,13,13,0.6,0.16,controlled_ar1,ar1_delivery,0.9,0.03,11,65.0,23203.082931883997,23203.082931883997,31906.891554855363,0.0,8703.808622971366,0.0,0.0,0.0,0.0,0.0,0.0,0.0,0.0,0.0,23.535050669999997,0.04439217443249701,0.05581690561529271,0.0,0.0
RTS93,external93_forecast_error,1,13,13,0.6,0.16,controlled_ar1,ar1_delivery,0.9,0.03,22,65.0,23203.082931883997,23203.082931883997,25925.403162129238,0.0,2722.320230245241,0.0,0.0,0.0,0.0,0.0,0.0,0.0,0.0,0.0,22.628533375,0.04439217443249701,0.051896654719235366,0.0,0.0
RTS93,external93_forecast_error,1,13,13,0.6,0.16,controlled_ar1,ar1_delivery,0.9,0.03,33,65.0,23203.082931883997,23203.082931883997,22649.478146345507,0.0,-553.6047855384895,0.0,0.0,0.0,0.0,0.0,0.0,0.0,0.0,0.0,21.6545124825,0.04439217443249701,0.053315412186379925,0.0,0.0
RTS93,external93_forecast_error,1,13,13,0.6,0.16,controlled_ar1,ar1_delivery,0.9,0.05,11,65.0,23203.082931883997,23203.082931883997,60892.872903550844,0.0,37689.78997166685,0.0,0.0,0.0,0.0,0.0,0.0,0.0,0.0,0.0,23.6803874825,0.04439217443249701,0.06563620071684588,0.0,0.0
RTS93,external93_forecast_error,1,13,13,0.6,0.16,controlled_ar1,ar1_delivery,0.9,0.05,22,65.0,23203.082931883997,23203.082931883997,44859.39738195459,0.0,21656.314450070597,0.0,0.0,0.0,0.0,0.0,0.0,0.0,0.0,0.0,21.7693405225,0.04439217443249701,0.059401135005973715,0.0,0.0
RTS93,external93_forecast_error,1,13,13,0.6,0.16,controlled_ar1,ar1_delivery,0.9,0.05,33,65.0,23203.082931883997,23203.082931883997,46586.00831443686,0.0,23382.925382552865,0.0,0.0,0.0,0.0,0.0,0.0,0.0,0.0,0.0,24.7120146025,0.04439217443249701,0.06283602150537634,0.0,0.0
RTS93,external93_forecast_error,1,15,13,0.6,0.16,controlled_ar1,ar1_delivery,0.9,0.0,0,65.0,24589.02349765736,24589.02349765736,2404.8494377914194,0.0,-22184.174059865938,0.0,0.0,0.0,0.0,0.0,0.0,0.0,0.0,0.0,24.744437335000004,0.03920250896057348,0.041928016726403824,0.0,0.0
RTS93,external93_forecast_error,1,15,13,0.6,0.16,controlled_ar1,ar1_delivery,0.9,0.01,11,65.0,24589.02349765736,24589.02349765736,5483.159499134337,0.0,-19105.863998523022,0.0,0.0,0.0,0.0,0.0,0.0,0.0,0.0,0.0,22.665143784999998,0.03920250896057348,0.04062126642771804,0.0,0.0
RTS93,external93_forecast_error,1,15,13,0.6,0.16,controlled_ar1,ar1_delivery,0.9,0.01,22,65.0,24589.02349765736,24589.02349765736,6142.39953577266,0.0,-18446.6239618847,0.0,0.0,0.0,0.0,0.0,0.0,0.0,0.0,0.0,22.6861396025,0.03920250896057348,0.04237604540023895,0.0,0.0
RTS93,external93_forecast_error,1,15,13,0.6,0.16,controlled_ar1,ar1_delivery,0.9,0.01,33,65.0,24589.02349765736,24589.02349765736,5417.554606164407,0.0,-19171.46889149295,0.0,0.0,0.0,0.0,0.0,0.0,0.0,0.0,0.0,24.744437335000004,0.03920250896057348,0.040546594982078854,0.0,0.0
RTS93,external93_forecast_error,1,15,13,0.6,0.16,controlled_ar1,ar1_delivery,0.9,0.03,11,65.0,24589.02349765736,24589.02349765736,20807.15682600632,0.0,-3781.866671651038,0.0,0.0,0.0,0.0,0.0,0.0,0.0,0.0,0.0,23.254946994999997,0.03920250896057348,0.047677718040621264,0.0,0.0
RTS93,external93_forecast_error,1,15,13,0.6,0.16,controlled_ar1,ar1_delivery,0.9,0.03,22,65.0,24589.02349765736,24589.02349765736,27937.020408387496,0.0,3347.9969107301367,0.0,0.0,0.0,0.0,0.0,0.0,0.0,0.0,0.0,22.665143784999998,0.03920250896057348,0.05492084826762246,0.0,0.0
RTS93,external93_forecast_error,1,15,13,0.6,0.16,controlled_ar1,ar1_delivery,0.9,0.03,33,65.0,24589.02349765736,24589.02349765736,27253.290454024056,0.0,2664.266956366697,0.0,0.0,0.0,0.0,0.0,0.0,0.0,0.0,0.0,24.744437335000004,0.03920250896057348,0.04536290322580645,0.0,0.0
RTS93,external93_forecast_error,1,15,13,0.6,0.16,controlled_ar1,ar1_delivery,0.9,0.05,11,65.0,24589.02349765736,24589.02349765736,55057.14156846538,0.0,30468.118070808017,0.0,0.0,0.0,0.0,0.0,0.0,0.0,0.0,0.0,23.6803874825,0.03920250896057348,0.061267921146953404,0.0,0.0
RTS93,external93_forecast_error,1,15,13,0.6,0.16,controlled_ar1,ar1_delivery,0.9,0.05,22,65.0,24589.02349765736,24589.02349765736,49432.279418349055,0.0,24843.255920691696,0.0,0.0,0.0,0.0,0.0,0.0,0.0,0.0,0.0,24.7120146025,0.03920250896057348,0.07019115890083633,0.0,0.0
RTS93,external93_forecast_error,1,15,13,0.6,0.16,controlled_ar1,ar1_delivery,0.9,0.05,33,65.0,24589.02349765736,24589.02349765736,60336.824596023274,0.0,35747.80109836592,0.0,0.0,0.0,0.0,0.0,0.0,0.0,0.0,0.0,24.744437335000004,0.03920250896057348,0.05600358422939068,0.0,0.0
RTS93,external93_forecast_error,1,17,13,0.6,0.16,controlled_ar1,ar1_delivery,0.9,0.0,0,65.0,12727.10256453274,12727.10256453274,1282.767922424767,0.0,-11444.334642107973,0.0,0.0,0.0,0.0,0.0,0.0,0.0,0.0,0.0,21.229071994999998,0.02001194743130227,0.023334826762246116,0.0,0.0
RTS93,external93_forecast_error,1,17,13,0.6,0.16,controlled_ar1,ar1_delivery,0.9,0.01,11,65.0,12727.10256453274,12727.10256453274,1187.534687459614,0.0,-11539.567877073127,0.0,0.0,0.0,0.0,0.0,0.0,0.0,0.0,0.0,21.6545124825,0.02001194743130227,0.022550776583034646,0.0,0.0
RTS93,external93_forecast_error,1,17,13,0.6,0.16,controlled_ar1,ar1_delivery,0.9,0.01,22,65.0,12727.10256453274,12727.10256453274,2190.45926058274,0.0,-10536.64330395,0.0,0.0,0.0,0.0,0.0,0.0,0.0,0.0,0.0,20.639268785,0.02001194743130227,0.023297491039426525,0.0,0.0
RTS93,external93_forecast_error,1,17,13,0.6,0.16,controlled_ar1,ar1_delivery,0.9,0.01,33,65.0,12727.10256453274,12727.10256453274,1603.4321217980823,0.0,-11123.67044273466,0.0,0.0,0.0,0.0,0.0,0.0,0.0,0.0,0.0,20.545724727499998,0.02001194743130227,0.022102747909199524,0.0,0.0
RTS93,external93_forecast_error,1,17,13,0.6,0.16,controlled_ar1,ar1_delivery,0.9,0.03,11,65.0,12727.10256453274,12727.10256453274,4871.889725880302,0.0,-7855.212838652439,0.0,0.0,0.0,0.0,0.0,0.0,0.0,0.0,0.0,21.6545124825,0.02001194743130227,0.023820191158900838,0.0,0.0
RTS93,external93_forecast_error,1,17,13,0.6,0.16,controlled_ar1,ar1_delivery,0.9,0.03,22,65.0,12727.10256453274,12727.10256453274,4266.921050301208,0.0,-8460.181514231532,0.0,0.0,0.0,0.0,0.0,0.0,0.0,0.0,0.0,20.639268785,0.02001194743130227,0.025313620071684587,0.0,0.0
RTS93,external93_forecast_error,1,17,13,0.6,0.16,controlled_ar1,ar1_delivery,0.9,0.03,33,65.0,12727.10256453274,12727.10256453274,4364.121947594417,0.0,-8362.980616938323,0.0,0.0,0.0,0.0,0.0,0.0,0.0,0.0,0.0,21.6545124825,0.02001194743130227,0.023148148148148147,0.0,0.0
RTS93,external93_forecast_error,1,17,13,0.6,0.16,controlled_ar1,ar1_delivery,0.9,0.05,11,65.0,12727.10256453274,12727.10256453274,16042.271158650516,0.0,3315.168594117775,0.0,0.0,0.0,0.0,0.0,0.0,0.0,0.0,0.0,21.6545124825,0.02001194743130227,0.02968189964157706,0.0,0.0
RTS93,external93_forecast_error,1,17,13,0.6,0.16,controlled_ar1,ar1_delivery,0.9,0.05,22,65.0,12727.10256453274,12727.10256453274,9912.640386600553,0.0,-2814.462177932188,0.0,0.0,0.0,0.0,0.0,0.0,0.0,0.0,0.0,20.639268785,0.02001194743130227,0.030577956989247312,0.0,0.0
RTS93,external93_forecast_error,1,17,13,0.6,0.16,controlled_ar1,ar1_delivery,0.9,0.05,33,65.0,12727.10256453274,12727.10256453274,10447.41099269804,0.0,-2279.691571834701,0.0,0.0,0.0,0.0,0.0,0.0,0.0,0.0,0.0,22.665143784999998,0.02001194743130227,0.02632168458781362,0.0,0.0
RTS93,external93_forecast_error,4,13,13,0.6,0.16,controlled_ar1,ar1_delivery,0.9,0.0,0,65.0,6718.318124406344,6718.318124406344,1035.0290857441587,0.0,-5683.289038662186,0.0,0.0,0.0,0.0,0.0,0.0,0.0,0.0,0.0,20.639268785,0.041554659498207885,0.043234767025089604,0.0,0.0
RTS93,external93_forecast_error,4,13,13,0.6,0.16,controlled_ar1,ar1_delivery,0.9,0.01,11,65.0,6718.318124406344,6718.318124406344,4341.527793202695,0.0,-2376.7903312036497,0.0,0.0,0.0,0.0,0.0,0.0,0.0,0.0,0.0,20.639268785,0.041554659498207885,0.041853345280764634,0.0,0.0
RTS93,external93_forecast_error,4,13,13,0.6,0.16,controlled_ar1,ar1_delivery,0.9,0.01,22,65.0,6718.318124406344,6718.318124406344,5323.557643141385,0.0,-1394.7604812649597,0.0,0.0,0.0,0.0,0.0,0.0,0.0,0.0,0.0,7.7609857874999975,0.041554659498207885,0.04226403823178017,0.0,0.0
RTS93,external93_forecast_error,4,13,13,0.6,0.16,controlled_ar1,ar1_delivery,0.9,0.01,33,65.0,6718.318124406344,6718.318124406344,5230.547231671433,0.0,-1487.7708927349113,0.0,0.0,0.0,0.0,0.0,0.0,0.0,0.0,0.0,20.639268785,0.041554659498207885,0.04233870967741935,0.0,0.0
RTS93,external93_forecast_error,4,13,13,0.6,0.16,controlled_ar1,ar1_delivery,0.9,0.03,11,65.0,6718.318124406344,6718.318124406344,23747.685675959354,0.0,17029.36755155301,0.0,0.0,0.0,0.0,0.0,0.0,0.0,0.0,0.0,20.639268785,0.041554659498207885,0.05092592592592592,0.0,0.0
RTS93,external93_forecast_error,4,13,13,0.6,0.16,controlled_ar1,ar1_delivery,0.9,0.03,22,65.0,6718.318124406344,6718.318124406344,26577.753906206264,0.0,19859.43578179992,0.0,0.0,0.0,0.0,0.0,0.0,0.0,0.0,0.0,22.516994035000007,0.041554659498207885,0.051075268817204304,0.0,0.0
RTS93,external93_forecast_error,4,13,13,0.6,0.16,controlled_ar1,ar1_delivery,0.9,0.03,33,65.0,6718.318124406344,6718.318124406344,31518.70144317747,0.0,24800.383318771124,0.0,0.0,0.0,0.0,0.0,0.0,0.0,0.0,0.0,20.639268785,0.041554659498207885,0.050813918757467144,0.0,0.0
RTS93,external93_forecast_error,4,13,13,0.6,0.16,controlled_ar1,ar1_delivery,0.9,0.05,11,65.0,6718.318124406344,6718.318124406344,61496.28056989286,0.0,54777.96244548651,0.0,0.0,0.0,0.0,0.0,0.0,0.0,0.0,0.0,21.6545124825,0.041554659498207885,0.06347072879330944,0.0,0.0
RTS93,external93_forecast_error,4,13,13,0.6,0.16,controlled_ar1,ar1_delivery,0.9,0.05,22,65.0,6718.318124406344,6718.318124406344,52803.0690728888,0.0,46084.750948482455,0.0,0.0,0.0,0.0,0.0,0.0,0.0,0.0,0.0,23.680387482500006,0.04151732377538829,0.06522550776583035,0.0,0.0
RTS93,external93_forecast_error,4,13,13,0.6,0.16,controlled_ar1,ar1_delivery,0.9,0.05,33,65.0,6718.318124406344,6718.318124406344,78247.7957002596,0.0,71529.47757585325,0.0,0.0,0.0,0.0,0.0,0.0,0.0,0.0,0.0,23.16465194500001,0.041554659498207885,0.07022849462365591,0.0,0.0
RTS93,external93_forecast_error,4,15,13,0.6,0.16,controlled_ar1,ar1_delivery,0.9,0.0,0,65.0,29966.978310898478,29966.978310898478,4227.542882556685,0.0,-25739.435428341792,0.0,0.0,0.0,0.0,0.0,0.0,0.0,0.0,0.0,21.6545124825,0.05312873357228196,0.056899641577060935,0.0,0.0
RTS93,external93_forecast_error,4,15,13,0.6,0.16,controlled_ar1,ar1_delivery,0.9,0.01,11,65.0,29966.978310898478,29966.978310898478,10930.556599693482,0.0,-19036.421711204996,0.0,0.0,0.0,0.0,0.0,0.0,0.0,0.0,0.0,21.6545124825,0.05312873357228196,0.053651433691756276,0.0,0.0
RTS93,external93_forecast_error,4,15,13,0.6,0.16,controlled_ar1,ar1_delivery,0.9,0.01,22,65.0,29966.978310898478,29966.978310898478,6466.140678397054,0.0,-23500.837632501425,0.0,0.0,0.0,0.0,0.0,0.0,0.0,0.0,0.0,21.229071994999998,0.05312873357228196,0.05585424133811231,0.0,0.0
RTS93,external93_forecast_error,4,15,13,0.6,0.16,controlled_ar1,ar1_delivery,0.9,0.01,33,65.0,29966.978310898478,29966.978310898478,6648.536081044556,0.0,-23318.44222985392,0.0,0.0,0.0,0.0,0.0,0.0,0.0,0.0,0.0,21.6545124825,0.05312873357228196,0.054958183990442055,0.0,0.0
RTS93,external93_forecast_error,4,15,13,0.6,0.16,controlled_ar1,ar1_delivery,0.9,0.03,11,65.0,29966.978310898478,29966.978310898478,30100.012560703028,0.0,133.0342498045502,0.0,0.0,0.0,0.0,0.0,0.0,0.0,0.0,0.0,22.6861396025,0.05312873357228196,0.05731033452807646,0.0,0.0
RTS93,external93_forecast_error,4,15,13,0.6,0.16,controlled_ar1,ar1_delivery,0.9,0.03,22,65.0,29928.53553683815,29928.53553683815,28145.828466687777,0.0,-1782.7070701503726,0.0,0.0,0.0,0.0,0.0,0.0,0.0,0.0,0.0,23.254946994999997,0.05335274790919952,0.06137992831541219,0.0,0.0
RTS93,external93_forecast_error,4,15,13,0.6,0.16,controlled_ar1,ar1_delivery,0.9,0.03,33,65.0,29892.718285771454,29892.718285771454,28780.133920201442,0.0,-1112.5843655700119,0.0,0.0,0.0,0.0,0.0,0.0,0.0,0.0,0.0,22.552127517499997,0.053464755077658306,0.05794504181600956,0.0,0.0
RTS93,external93_forecast_error,4,15,13,0.6,0.16,controlled_ar1,ar1_delivery,0.9,0.05,11,65.0,29966.978310898478,29966.978310898478,55521.32524944758,0.0,25554.346938549104,0.0,0.0,0.0,0.0,0.0,0.0,0.0,0.0,0.0,23.6803874825,0.05312873357228196,0.06716696535244922,0.0,0.0
RTS93,external93_forecast_error,4,15,13,0.6,0.16,controlled_ar1,ar1_delivery,0.9,0.05,22,65.0,29846.78064015335,29846.78064015335,45407.066648340784,0.0,15560.286008187435,0.0,0.0,0.0,0.0,0.0,0.0,0.0,0.0,0.0,23.6803874825,0.05335274790919952,0.07004181600955794,0.0,0.0
RTS93,external93_forecast_error,4,15,13,0.6,0.16,controlled_ar1,ar1_delivery,0.9,0.05,33,65.0,29855.908962163096,29855.908962163096,64588.91905272761,0.0,34733.01009056451,0.0,0.0,0.0,0.0,0.0,0.0,0.0,0.0,0.0,24.7120146025,0.053390083632019116,0.07004181600955794,0.0,0.0
RTS93,external93_forecast_error,4,17,13,0.6,0.16,controlled_ar1,ar1_delivery,0.9,0.0,0,65.0,22045.397169390453,22045.397169390453,2592.888680210072,0.0,-19452.50848918038,0.0,0.0,0.0,0.0,0.0,0.0,0.0,0.0,0.0,20.639268785,0.05391278375149343,0.062163978494623656,0.0,0.0
RTS93,external93_forecast_error,4,17,13,0.6,0.16,controlled_ar1,ar1_delivery,0.9,0.01,11,65.0,22045.397169390453,22045.397169390453,9256.184056927585,0.0,-12789.213112462869,0.0,0.0,0.0,0.0,0.0,0.0,0.0,0.0,0.0,20.639268785,0.05391278375149343,0.059513142174432494,0.0,0.0
RTS93,external93_forecast_error,4,17,13,0.6,0.16,controlled_ar1,ar1_delivery,0.9,0.01,22,65.0,22045.397169390453,22045.397169390453,3067.016735330479,0.0,-18978.380434059975,0.0,0.0,0.0,0.0,0.0,0.0,0.0,0.0,0.0,19.556377407499998,0.05391278375149343,0.06037186379928315,0.0,0.0
RTS93,external93_forecast_error,4,17,13,0.6,0.16,controlled_ar1,ar1_delivery,0.9,0.01,33,65.0,22045.397169390453,22045.397169390453,3548.7654927438466,0.0,-18496.631676646608,0.0,0.0,0.0,0.0,0.0,0.0,0.0,0.0,0.0,19.7434655225,0.05391278375149343,0.06111857825567503,0.0,0.0
RTS93,external93_forecast_error,4,17,13,0.6,0.16,controlled_ar1,ar1_delivery,0.9,0.03,11,65.0,22045.397169390453,22045.397169390453,16393.386303320476,0.0,-5652.010866069977,0.0,0.0,0.0,0.0,0.0,0.0,0.0,0.0,0.0,20.639268785,0.05391278375149343,0.05962514934289128,0.0,0.0
RTS93,external93_forecast_error,4,17,13,0.6,0.16,controlled_ar1,ar1_delivery,0.9,0.03,22,65.0,22045.397169390453,22045.397169390453,11657.793163050068,0.0,-10387.604006340385,0.0,0.0,0.0,0.0,0.0,0.0,0.0,0.0,0.0,20.545724727499998,0.05391278375149343,0.061715949820788533,0.0,0.0
RTS93,external93_forecast_error,4,17,13,0.6,0.16,controlled_ar1,ar1_delivery,0.9,0.03,33,65.0,22045.397169390453,22045.397169390453,15038.472074780413,0.0,-7006.92509461004,0.0,0.0,0.0,0.0,0.0,0.0,0.0,0.0,0.0,19.7434655225,0.05391278375149343,0.06332138590203107,0.0,0.0
RTS93,external93_forecast_error,4,17,13,0.6,0.16,controlled_ar1,ar1_delivery,0.9,0.05,11,65.0,22045.397169390453,22045.397169390453,31551.388441684307,0.0,9505.991272293853,0.0,0.0,0.0,0.0,0.0,0.0,0.0,0.0,0.0,20.639268785,0.05398745519713262,0.0625373357228196,0.0,0.0
RTS93,external93_forecast_error,4,17,13,0.6,0.16,controlled_ar1,ar1_delivery,0.9,0.05,22,65.0,22045.397169390453,22045.397169390453,25331.42495324263,0.0,3286.027783852176,0.0,0.0,0.0,0.0,0.0,0.0,0.0,0.0,0.0,21.7693405225,0.05391278375149343,0.06619623655913978,0.0,0.0
RTS93,external93_forecast_error,4,17,13,0.6,0.16,controlled_ar1,ar1_delivery,0.9,0.05,33,65.0,22045.397169390453,22045.397169390453,31693.290959053928,0.0,9647.893789663474,0.0,0.0,0.0,0.0,0.0,0.0,0.0,0.0,0.0,21.7693405225,0.05391278375149343,0.06806302270011948,0.0,0.0
RTS93,external93_forecast_error,7,13,13,0.6,0.16,controlled_ar1,ar1_delivery,0.9,0.0,0,65.0,33828.337486730714,33822.20308359935,3014.5853447377635,0.0,-30813.75214199295,0.0,0.0,0.0,0.0,0.0,0.0,0.003472222222222222,0.0,4.070476097500002,21.229071994999998,0.0840800477897252,0.08109318996415771,0.0,0.0
RTS93,external93_forecast_error,7,13,13,0.6,0.16,controlled_ar1,ar1_delivery,0.9,0.01,11,65.0,33694.55797522463,33687.86329866403,11314.381291610376,0.0,-22380.17668361425,0.0,0.0,0.0,0.0,0.0,0.0,0.003472222222222222,0.0,4.070476097500002,25.124413090000004,0.08400537634408602,0.08150388291517324,0.0,0.0
RTS93,external93_forecast_error,7,13,13,0.6,0.16,controlled_ar1,ar1_delivery,0.9,0.01,22,65.0,33711.984538528384,33705.774014965966,9167.488491080989,0.0,-24544.496047447396,0.0,0.0,0.0,0.0,0.0,0.0,0.003472222222222222,0.0,4.406720627500004,25.12441309,0.0840800477897252,0.07915173237753884,0.0,0.0
RTS93,external93_forecast_error,7,13,13,0.6,0.16,controlled_ar1,ar1_delivery,0.9,0.01,33,65.0,33603.20848434213,33653.47325039887,11195.20222413331,0.0,-22408.006260208822,0.0,0.0,0.0,0.0,0.0,0.0,0.003472222222222222,0.0,8.584468572500004,23.70329575499998,0.08385603345280765,0.07952508960573476,0.0,0.0
RTS93,external93_forecast_error,7,13,13,0.6,0.16,controlled_ar1,ar1_delivery,0.9,0.03,11,65.0,33680.57916492579,33678.01102044746,52697.72865075005,0.0,19017.14948582426,0.0,0.0,0.0,0.0,0.0,0.0,0.003472222222222222,0.0,4.552057440000006,27.15028809,0.0841547192353644,0.09005376344086022,0.0,0.0
RTS93,external93_forecast_error,7,13,13,0.6,0.16,controlled_ar1,ar1_delivery,0.9,0.03,22,65.0,33699.091079135476,33699.01865416699,45788.2702988847,0.0,12089.179219749225,0.0,0.0,0.0,0.0,0.0,0.0,0.003472222222222222,0.0,5.508313560000001,25.72498858,0.08419205495818399,0.08643219832735961,0.0,0.0
RTS93,external93_forecast_error,7,13,13,0.6,0.16,controlled_ar1,ar1_delivery,0.9,0.03,33,65.0,33697.06726227071,34062.26864604422,48438.05920760674,0.0,14740.991945336027,0.0,0.0,0.0,0.0,0.0,0.0,0.006944444444444444,0.0,32.398373515,26.061233110000003,0.08445340501792115,0.08982974910394265,0.0,0.0
RTS93,external93_forecast_error,7,13,13,0.6,0.16,controlled_ar1,ar1_delivery,0.9,0.05,11,65.0,33437.09709093881,33476.06624955218,135723.0613157404,0.0,102285.96422480159,0.0,0.0,0.0,0.0,0.0,0.0,0.020833333333333332,0.0,5.005059980000006,33.083948725,0.08396804062126642,0.1076388888888889,0.0,0.0
RTS93,external93_forecast_error,7,13,13,0.6,0.16,controlled_ar1,ar1_delivery,0.9,0.05,22,65.0,29735.210031779498,29626.16782921751,102791.52555146234,0.0,73056.31551968284,0.0,0.0,0.0,0.0,0.0,0.0,0.020833333333333332,0.0,20.639268785,26.061233110000003,0.08452807646356034,0.10603345280764635,0.0,0.0
RTS93,external93_forecast_error,7,13,13,0.6,0.16,controlled_ar1,ar1_delivery,0.9,0.05,33,65.0,34183.542357816186,36321.02839566367,112765.81790408876,0.0,78582.27554627258,0.0,0.0,0.0,0.0,0.0,0.0,0.04513888888888889,0.0,35.281380525,29.159980830000002,0.0908004778972521,0.1033452807646356,0.0,0.0
RTS93,external93_forecast_error,7,15,13,0.6,0.16,controlled_ar1,ar1_delivery,0.9,0.0,0,65.0,34365.33765385488,34365.33765385488,1219.2057565924865,0.0,-33146.13189726239,0.0,0.0,0.0,0.0,0.0,0.0,0.0,0.0,0.0,25.72498858,0.07250597371565114,0.07007915173237754,0.0,0.0
RTS93,external93_forecast_error,7,15,13,0.6,0.16,controlled_ar1,ar1_delivery,0.9,0.01,11,65.0,34365.33765385488,34365.33765385488,11637.89725804123,0.0,-22727.440395813646,0.0,0.0,0.0,0.0,0.0,0.0,0.0,0.0,0.0,25.72498858,0.07250597371565114,0.07078853046594982,0.0,0.0
RTS93,external93_forecast_error,7,15,13,0.6,0.16,controlled_ar1,ar1_delivery,0.9,0.01,22,65.0,34365.33765385488,34365.33765385488,6482.927365551276,0.0,-27882.4102883036,0.0,0.0,0.0,0.0,0.0,0.0,0.0,0.0,0.0,25.644328765000004,0.07250597371565114,0.06948178016726404,0.0,0.0
RTS93,external93_forecast_error,7,15,13,0.6,0.16,controlled_ar1,ar1_delivery,0.9,0.01,33,65.0,34365.33765385488,34365.33765385488,5722.7277184308105,0.0,-28642.609935424065,0.0,0.0,0.0,0.0,0.0,0.0,0.0,0.0,0.0,20.639268785000002,0.07250597371565114,0.06836170848267623,0.0,0.0
RTS93,external93_forecast_error,7,15,13,0.6,0.16,controlled_ar1,ar1_delivery,0.9,0.03,11,65.0,34365.33765385488,34365.33765385488,38765.88319797021,0.0,4400.545544115332,0.0,0.0,0.0,0.0,0.0,0.0,0.0,0.0,0.0,27.75086358,0.07250597371565114,0.0793010752688172,0.0,0.0
RTS93,external93_forecast_error,7,15,13,0.6,0.16,controlled_ar1,ar1_delivery,0.9,0.03,22,65.0,34365.33765385488,34365.33765385488,53097.6145036394,0.0,18732.276849784525,0.0,0.0,0.0,0.0,0.0,0.0,0.0,0.0,0.0,25.72498858,0.07250597371565114,0.0816905615292712,0.0,0.0
RTS93,external93_forecast_error,7,15,13,0.6,0.16,controlled_ar1,ar1_delivery,0.9,0.03,33,65.0,33910.517982752484,34053.07332842688,30741.113287368786,0.0,-3169.4046953836987,0.0,0.0,0.0,0.0,0.0,0.0,0.010416666666666666,0.0,12.573777927500007,26.061233110000003,0.07347670250896057,0.07903972520908005,0.0,0.0
RTS93,external93_forecast_error,7,15,13,0.6,0.16,controlled_ar1,ar1_delivery,0.9,0.05,11,65.0,35964.59357744828,36032.06373559653,95000.38788311715,0.0,59035.79430566887,0.0,0.0,0.0,0.0,0.0,0.0,0.010416666666666666,0.0,5.098604037500007,27.75086358,0.07295400238948627,0.0990890083632019,0.0,0.0
RTS93,external93_forecast_error,7,15,13,0.6,0.16,controlled_ar1,ar1_delivery,0.9,0.05,22,65.0,34196.15377816646,34247.05233776929,106307.97182750478,0.0,72111.81804933833,0.0,0.0,0.0,0.0,0.0,0.0,0.017361111111111112,0.0,4.130736460000001,27.114669730000003,0.0727299880525687,0.09864097968936679,0.0,0.0
RTS93,external93_forecast_error,7,15,13,0.6,0.16,controlled_ar1,ar1_delivery,0.9,0.05,33,65.0,36197.74405413228,38614.85162753807,88869.93588745847,0.0,52672.19183332619,0.0,0.0,0.0,0.0,1.213360109581733,0.0,0.020833333333333332,0.0,65.0,29.140544730000002,0.07889038231780167,0.09632616487455196,0.0,0.0
RTS93,external93_forecast_error,7,17,13,0.6,0.16,controlled_ar1,ar1_delivery,0.9,0.0,0,65.0,5359.195157951817,5538.308525763699,409.7813898951297,0.0,-4949.413768056687,0.0,0.0,0.0,0.0,0.0,0.0,0.010416666666666666,0.0,8.490924515000003,10.154390444999997,0.04021057347670251,0.03815710872162485,0.0,0.0
RTS93,external93_forecast_error,7,17,13,0.6,0.16,controlled_ar1,ar1_delivery,0.9,0.01,11,65.0,5650.1988427004435,6139.619731851745,7229.223641861009,0.0,1579.0247991605656,0.0,0.0,0.0,0.0,0.0,0.0,0.010416666666666666,0.0,32.398373515,17.140942230000007,0.04170400238948626,0.03938918757467145,0.0,0.0
RTS93,external93_forecast_error,7,17,13,0.6,0.16,controlled_ar1,ar1_delivery,0.9,0.01,22,65.0,5294.9316032866645,5473.494321869464,5138.08809661123,0.0,-156.84350667543458,0.0,0.0,0.0,0.0,0.0,0.0,0.010416666666666666,0.0,8.490924515000003,12.51741735000001,0.040285244922341694,0.03957586618876942,0.0,0.0
RTS93,external93_forecast_error,7,17,13,0.6,0.16,controlled_ar1,ar1_delivery,0.9,0.01,33,65.0,5734.167438420927,5856.4962531963865,7343.637869679614,0.0,1609.4704312586864,0.0,0.0,0.0,0.0,0.0,0.0,0.010416666666666666,0.0,7.512115932500002,12.402204895000011,0.04058393070489845,0.04159199522102748,0.0,0.0
RTS93,external93_forecast_error,7,17,13,0.6,0.16,controlled_ar1,ar1_delivery,0.9,0.03,11,65.0,11339.595020591822,14940.24467865086,43892.60614902344,0.0,32553.011128431623,0.0,0.0,0.0,0.0,0.07147062832960197,0.0,0.04861111111111111,0.0,65.0,29.281456455,0.046109617682198324,0.056451612903225805,0.0,0.0
RTS93,external93_forecast_error,7,17,13,0.6,0.16,controlled_ar1,ar1_delivery,0.9,0.03,22,65.0,5326.367295353863,5987.738058647574,46141.27266816427,0.0,40814.905372810405,0.0,0.0,0.0,0.0,0.0,0.0,0.05555555555555555,0.0,11.834199700000003,22.546574467500008,0.046445639187574675,0.06067054958183991,0.0,0.0
RTS93,external93_forecast_error,7,17,13,0.6,0.16,controlled_ar1,ar1_delivery,0.9,0.03,33,65.0,12366.593155318827,14259.259345145023,60237.1687059515,0.0,47870.575550632675,0.0,0.0,0.0,0.0,0.0,0.0,0.09722222222222222,0.0,33.255505525000004,14.609144565000005,0.05846774193548387,0.06354540023894863,0.0,0.0
RTS93,external93_forecast_error,7,17,13,0.6,0.16,controlled_ar1,ar1_delivery,0.9,0.05,11,65.0,16394.596925778336,25799.75783408525,146499.07431072905,0.0,130104.4773849507,0.0,0.0,0.0,0.0,2.5083850869503266,0.0,0.11805555555555555,0.0,65.0,49.04116752,0.06720430107526881,0.08796296296296297,0.0,0.0
RTS93,external93_forecast_error,7,17,13,0.6,0.16,controlled_ar1,ar1_delivery,0.9,0.05,22,65.0,9172.892905914898,16496.376679599896,134597.15638204507,0.0,125424.26347613017,0.0,0.0,0.0,0.0,0.0,0.0,0.125,0.0,38.095727805,29.06887539999999,0.06813769414575867,0.09266726403823178,0.0,0.0
RTS93,external93_forecast_error,7,17,13,0.6,0.16,controlled_ar1,ar1_delivery,0.9,0.05,33,65.0,20905.038286383486,33180.89683700238,184765.1472497288,0.0,163860.1089633453,0.0,0.0,0.0,0.0,2.950850715377238,0.0,0.1388888888888889,0.0,65.0,42.522357790000015,0.08314665471923537,0.0907631421744325,0.0,0.0
RTS93,external93_forecast_error,10,13,13,0.6,0.16,controlled_ar1,ar1_delivery,0.9,0.0,0,65.0,4949.389772049311,4949.389772049311,426.9368777874744,0.0,-4522.452894261837,0.0,0.0,0.0,0.0,0.0,0.0,0.0,0.0,0.0,6.501659925000006,0.030055256869773,0.031175328554360813,0.0,0.0
RTS93,external93_forecast_error,10,13,13,0.6,0.16,controlled_ar1,ar1_delivery,0.9,0.01,11,65.0,4949.389772049311,4949.389772049311,4278.770764790661,0.0,-670.6190072586505,0.0,0.0,0.0,0.0,0.0,0.0,0.0,0.0,0.0,6.501659925000006,0.030055256869773,0.031100657108721626,0.0,0.0
RTS93,external93_forecast_error,10,13,13,0.6,0.16,controlled_ar1,ar1_delivery,0.9,0.01,22,65.0,4949.389772049311,4949.389772049311,4232.772235567426,0.0,-716.6175364818855,0.0,0.0,0.0,0.0,0.0,0.0,0.0,0.0,0.0,6.5016599249999985,0.030055256869773,0.029980585424133812,0.0,0.0
RTS93,external93_forecast_error,10,13,13,0.6,0.16,controlled_ar1,ar1_delivery,0.9,0.01,33,65.0,4949.389772049311,4949.389772049311,2743.2423886188976,0.0,-2206.147383430414,0.0,0.0,0.0,0.0,0.0,0.0,0.0,0.0,0.0,7.227191665000003,0.030055256869773,0.031212664277180405,0.0,0.0
RTS93,external93_forecast_error,10,13,13,0.6,0.16,controlled_ar1,ar1_delivery,0.9,0.03,11,65.0,4949.389772049311,4949.389772049311,25411.07540863318,0.0,20461.68563658387,0.0,0.0,0.0,0.0,0.0,0.0,0.0,0.0,0.0,11.21701959500001,0.030055256869773,0.04177867383512545,0.0,0.0
RTS93,external93_forecast_error,10,13,13,0.6,0.16,controlled_ar1,ar1_delivery,0.9,0.03,22,65.0,4949.389772049311,4949.389772049311,26200.56265634819,0.0,21251.172884298878,0.0,0.0,0.0,0.0,0.0,0.0,0.0,0.0,0.0,21.241922062500002,0.030055256869773,0.043048088410991635,0.0,0.0
RTS93,external93_forecast_error,10,13,13,0.6,0.16,controlled_ar1,ar1_delivery,0.9,0.03,33,65.0,4949.389772049311,4949.389772049311,31779.155436708537,0.0,26829.765664659226,0.0,0.0,0.0,0.0,0.0,0.0,0.0,0.0,0.0,18.042287390000006,0.030055256869773,0.04521356033452808,0.0,0.0
RTS93,external93_forecast_error,10,13,13,0.6,0.16,controlled_ar1,ar1_delivery,0.9,0.05,11,65.0,4949.354845930003,4949.354845930003,72134.44112636684,0.0,67185.08628043684,0.0,0.0,0.0,0.0,0.0,0.0,0.0,0.0,0.0,21.229071994999998,0.030055256869773,0.059699820788530464,0.0,0.0
RTS93,external93_forecast_error,10,13,13,0.6,0.16,controlled_ar1,ar1_delivery,0.9,0.05,22,65.0,4949.389772049311,4949.389772049311,57442.45116061883,0.0,52493.06138856952,0.0,0.0,0.0,0.0,0.0,0.0,0.0,0.0,0.0,23.680387482500006,0.030055256869773,0.06373207885304659,0.0,0.0
RTS93,external93_forecast_error,10,13,13,0.6,0.16,controlled_ar1,ar1_delivery,0.9,0.05,33,65.0,5115.4500810082045,5257.937467042044,79325.09635332829,0.0,74209.64627232008,0.0,0.0,0.0,0.0,0.0,0.0,0.003472222222222222,0.0,14.834161735000006,25.72498858,0.03154868578255675,0.06656959378733572,0.0,0.0
RTS93,external93_forecast_error,10,15,13,0.6,0.16,controlled_ar1,ar1_delivery,0.9,0.0,0,65.0,4120.211712480339,4120.211712480339,355.4290334057475,0.0,-3764.7826790745917,0.0,0.0,0.0,0.0,0.0,0.0,0.0,0.0,0.0,4.79241532999999,0.02546296296296296,0.02542562724014337,0.0,0.0
RTS93,external93_forecast_error,10,15,13,0.6,0.16,controlled_ar1,ar1_delivery,0.9,0.01,11,65.0,4120.211712480339,4120.211712480339,4628.991162620671,0.0,508.7794501403323,0.0,0.0,0.0,0.0,0.0,0.0,0.0,0.0,0.0,5.000971812500005,0.02546296296296296,0.026657706093189962,0.0,0.0
RTS93,external93_forecast_error,10,15,13,0.6,0.16,controlled_ar1,ar1_delivery,0.9,0.01,22,65.0,4120.211712480339,4120.211712480339,5362.5333991419475,0.0,1242.3216866616085,0.0,0.0,0.0,0.0,0.0,0.0,0.0,0.0,0.0,4.627048080000002,0.02546296296296296,0.02691905615292712,0.0,0.0
RTS93,external93_forecast_error,10,15,13,0.6,0.16,controlled_ar1,ar1_delivery,0.9,0.01,33,65.0,4120.211712480339,4120.211712480339,3880.2282444655425,0.0,-239.98346801479647,0.0,0.0,0.0,0.0,0.0,0.0,0.0,0.0,0.0,6.65689373499999,0.02546296296296296,0.02639635603345281,0.0,0.0
RTS93,external93_forecast_error,10,15,13,0.6,0.16,controlled_ar1,ar1_delivery,0.9,0.03,11,65.0,4120.211712480339,4120.211712480339,29351.168400592025,0.0,25230.956688111684,0.0,0.0,0.0,0.0,0.0,0.0,0.0,0.0,0.0,10.787093710000011,0.02546296296296296,0.04121863799283154,0.0,0.0
RTS93,external93_forecast_error,10,15,13,0.6,0.16,controlled_ar1,ar1_delivery,0.9,0.03,22,65.0,4120.211712480339,4120.211712480339,42252.8321784587,0.0,38132.62046597836,0.0,0.0,0.0,0.0,0.0,0.0,0.0,0.0,0.0,23.6803874825,0.02546296296296296,0.044802867383512544,0.0,0.0
RTS93,external93_forecast_error,10,15,13,0.6,0.16,controlled_ar1,ar1_delivery,0.9,0.03,33,65.0,4120.211712480339,4120.211712480339,35371.69674408859,0.0,31251.485031608252,0.0,0.0,0.0,0.0,0.0,0.0,0.0,0.0,0.0,21.509175669999998,0.02546296296296296,0.044616188769414575,0.0,0.0
RTS93,external93_forecast_error,10,15,13,0.6,0.16,controlled_ar1,ar1_delivery,0.9,0.05,11,65.0,4123.853695400865,4123.853695400865,86165.17575733476,0.0,82041.3220619339,0.0,0.0,0.0,0.0,0.0,0.0,0.0,0.0,0.0,22.101761115,0.025686977299880526,0.06481481481481481,0.0,0.0
RTS93,external93_forecast_error,10,15,13,0.6,0.16,controlled_ar1,ar1_delivery,0.9,0.05,22,65.0,4123.207779113472,4131.702501049807,83847.533795364,0.0,79724.32601625053,0.0,0.0,0.0,0.0,0.0,0.0,0.013888888888888888,0.0,2.098135075000002,24.7120146025,0.025910991636798088,0.06951911589008364,0.0,0.0
RTS93,external93_forecast_error,10,15,13,0.6,0.16,controlled_ar1,ar1_delivery,0.9,0.05,33,65.0,4859.896235524489,5132.724522243774,93379.64910311744,0.0,88519.75286759295,0.0,0.0,0.0,0.0,0.0,0.0,0.013888888888888888,0.0,15.102379915000004,26.061233110000003,0.029420549581839903,0.06895908004778972,0.0,0.0
RTS93,external93_forecast_error,10,17,13,0.6,0.16,controlled_ar1,ar1_delivery,0.9,0.0,0,65.0,11463.469827508194,11463.469827508194,1986.8254160218007,0.0,-9476.644411486393,0.0,0.0,0.0,0.0,0.0,0.0,0.0,0.0,0.0,21.509175669999998,0.040247909199522106,0.04032258064516129,0.0,0.0
RTS93,external93_forecast_error,10,17,13,0.6,0.16,controlled_ar1,ar1_delivery,0.9,0.01,11,65.0,11463.469827508194,11463.469827508194,4295.841588002922,0.0,-7167.628239505271,0.0,0.0,0.0,0.0,0.0,0.0,0.0,0.0,0.0,19.7434655225,0.040247909199522106,0.03942652329749104,0.0,0.0
RTS93,external93_forecast_error,10,17,13,0.6,0.16,controlled_ar1,ar1_delivery,0.9,0.01,22,65.0,11463.469827508194,11463.469827508194,5173.86980673405,0.0,-6289.600020774144,0.0,0.0,0.0,0.0,0.0,0.0,0.0,0.0,0.0,21.229071994999998,0.040247909199522106,0.03991188769414576,0.0,0.0
RTS93,external93_forecast_error,10,17,13,0.6,0.16,controlled_ar1,ar1_delivery,0.9,0.01,33,65.0,11463.469827508194,11463.469827508194,6019.2002926667465,0.0,-5444.269534841447,0.0,0.0,0.0,0.0,0.0,0.0,0.0,0.0,0.0,20.545724727499998,0.040247909199522106,0.04099462365591398,0.0,0.0
RTS93,external93_forecast_error,10,17,13,0.6,0.16,controlled_ar1,ar1_delivery,0.9,0.03,11,65.0,11463.469827508194,11463.469827508194,20968.641715699338,0.0,9505.171888191144,0.0,0.0,0.0,0.0,0.0,0.0,0.0,0.0,0.0,20.5457247275,0.040247909199522106,0.0492831541218638,0.0,0.0
RTS93,external93_forecast_error,10,17,13,0.6,0.16,controlled_ar1,ar1_delivery,0.9,0.03,22,65.0,11463.469827508194,11463.469827508194,27986.28321587702,0.0,16522.813388368828,0.0,0.0,0.0,0.0,0.0,0.0,0.0,0.0,0.0,21.229071994999998,0.04032258064516129,0.050739247311827954,0.0,0.0
RTS93,external93_forecast_error,10,17,13,0.6,0.16,controlled_ar1,ar1_delivery,0.9,0.03,33,65.0,11463.469827508194,11463.469827508194,31371.54077587107,0.0,19908.070948362878,0.0,0.0,0.0,0.0,0.0,0.0,0.0,0.0,0.0,22.6861396025,0.040247909199522106,0.050515232974910396,0.0,0.0
RTS93,external93_forecast_error,10,17,13,0.6,0.16,controlled_ar1,ar1_delivery,0.9,0.05,11,65.0,11463.469827508194,11463.469827508194,48642.93874816313,0.0,37179.46892065494,0.0,0.0,0.0,0.0,0.0,0.0,0.0,0.0,0.0,21.654512482500003,0.040247909199522106,0.06362007168458782,0.0,0.0
RTS93,external93_forecast_error,10,17,13,0.6,0.16,controlled_ar1,ar1_delivery,0.9,0.05,22,65.0,11463.469827508194,11463.469827508194,54231.497920840324,0.0,42768.028093332134,0.0,0.0,0.0,0.0,0.0,0.0,0.0,0.0,0.0,23.6803874825,0.04032258064516129,0.06600955794504182,0.0,0.0
RTS93,external93_forecast_error,10,17,13,0.6,0.16,controlled_ar1,ar1_delivery,0.9,0.05,33,65.0,11463.469827508194,11463.469827508194,61707.555073697586,0.0,50244.085246189396,0.0,0.0,0.0,0.0,0.0,0.0,0.0,0.0,0.0,24.7120146025,0.040247909199522106,0.0654868578255675,0.0,0.0
RTS93,external93_horizon,1,13,1,0.3,0.16,perfect,independent,0.0,0.0,0,65.0,53142.2824717869,53142.2824717869,53142.2824717869,0.0,0.0,0.0,0.0,0.0,0.0,0.0,0.0,0.0,0.0,0.0,26.770312335000003,0.09180854241338113,0.09180854241338113,0.0,0.0
RTS93,external93_horizon,1,13,3,0.3,0.16,perfect,independent,0.0,0.0,0,65.0,53142.2824717869,53142.2824717869,44115.294087244074,0.0,-9026.988384542827,0.0,0.0,0.0,0.0,0.0,0.0,0.0,0.0,0.0,24.712014602500005,0.09180854241338113,0.09490740740740741,0.0,0.0
RTS93,external93_horizon,1,13,7,0.3,0.16,perfect,independent,0.0,0.0,0,65.0,53142.2824717869,53142.2824717869,25379.839827033396,0.0,-27762.442644753504,0.0,0.0,0.0,0.0,0.0,0.0,0.0,0.0,0.0,24.712014602500005,0.09180854241338113,0.09845430107526881,0.0,0.0
RTS93,external93_horizon,1,13,13,0.3,0.16,perfect,independent,0.0,0.0,0,65.0,53142.2824717869,53142.2824717869,10824.452370042643,0.0,-42317.83010174426,0.0,0.0,0.0,0.0,0.0,0.0,0.0,0.0,0.0,29.130193300000002,0.09180854241338113,0.10024641577060932,0.0,0.0
RTS93,external93_horizon,1,15,1,0.3,0.16,perfect,independent,0.0,0.0,0,65.0,85473.10182272407,85473.10182272407,85473.10182272407,0.0,0.0,0.0,0.0,0.0,0.0,0.0,0.0,0.0,0.0,0.0,25.644328765000004,0.09206989247311828,0.09206989247311828,0.0,0.0
RTS93,external93_horizon,1,15,3,0.3,0.16,perfect,independent,0.0,0.0,0,65.0,85473.10182272407,85473.10182272407,71070.73704239799,0.0,-14402.364780326083,0.0,0.0,0.0,0.0,0.0,0.0,0.0,0.0,0.0,25.12441309,0.09206989247311828,0.09035244922341697,0.0,0.0
RTS93,external93_horizon,1,15,7,0.3,0.16,perfect,independent,0.0,0.0,0,65.0,85473.10182272407,85473.10182272407,36118.41436013766,0.0,-49354.68746258641,0.0,0.0,0.0,0.0,0.0,0.0,0.0,0.0,0.0,25.644328765000004,0.09206989247311828,0.09375,0.0,0.0
RTS93,external93_horizon,1,15,13,0.3,0.16,perfect,independent,0.0,0.0,0,65.0,85473.10182272407,85473.10182272407,19979.407645763524,0.0,-65493.69417696055,0.0,0.0,0.0,0.0,0.0,0.0,0.0,0.0,0.0,25.12441309,0.09206989247311828,0.09531810035842293,0.0,0.0
RTS93,external93_horizon,1,17,1,0.3,0.16,perfect,independent,0.0,0.0,0,65.0,30416.462535744802,30416.462535744802,30416.462535744802,0.0,0.0,0.0,0.0,0.0,0.0,0.0,0.0,0.0,0.0,0.0,32.398373515,0.04663231780167264,0.04663231780167264,0.0,0.0
RTS93,external93_horizon,1,17,3,0.3,0.16,perfect,independent,0.0,0.0,0,65.0,30416.462535744802,30416.462535744802,20513.696219056466,0.0,-9902.766316688336,0.0,0.0,0.0,0.0,0.0,0.0,0.0,0.0,0.0,32.398373515,0.04663231780167264,0.04640830346475508,0.0,0.0
RTS93,external93_horizon,1,17,7,0.3,0.16,perfect,independent,0.0,0.0,0,65.0,30416.462535744802,30416.462535744802,10687.613537765981,0.0,-19728.84899797882,0.0,0.0,0.0,0.0,0.0,0.0,0.0,0.0,0.0,32.398373515,0.04663231780167264,0.047939068100358424,0.0,0.0
RTS93,external93_horizon,1,17,13,0.3,0.16,perfect,independent,0.0,0.0,0,65.0,30416.462535744802,30416.462535744802,3608.0939535577063,0.0,-26808.368582187097,0.0,0.0,0.0,0.0,0.0,0.0,0.0,0.0,0.0,24.7120146025,0.04663231780167264,0.05133661887694146,0.0,0.0
RTS93,external93_horizon,4,13,1,0.3,0.16,perfect,independent,0.0,0.0,0,65.0,29521.099785084745,29521.099785084745,29521.099785084745,0.0,0.0,0.0,0.0,0.0,0.0,0.0,0.0,0.0,0.0,0.0,25.72498858,0.09248058542413382,0.09248058542413382,0.0,0.0
RTS93,external93_horizon,4,13,3,0.3,0.16,perfect,independent,0.0,0.0,0,65.0,29521.099785084745,29521.099785084745,12498.134719400743,0.0,-17022.965065684002,0.0,0.0,0.0,0.0,0.0,0.0,0.0,0.0,0.0,25.124413090000004,0.09248058542413382,0.09681152927120669,0.0,0.0
RTS93,external93_horizon,4,13,7,0.3,0.16,perfect,independent,0.0,0.0,0,65.0,29521.099785084745,29521.099785084745,6061.673099094909,0.0,-23459.426685989834,0.0,0.0,0.0,0.0,0.0,0.0,0.0,0.0,0.0,25.124413090000004,0.09248058542413382,0.09752090800477897,0.0,0.0
RTS93,external93_horizon,4,13,13,0.3,0.16,perfect,independent,0.0,0.0,0,65.0,29521.099785084745,29521.099785084745,3008.3927614757313,0.0,-26512.707023609015,0.0,0.0,0.0,0.0,0.0,0.0,0.0,0.0,0.0,25.124413090000004,0.09248058542413382,0.09867831541218638,0.0,0.0
RTS93,external93_horizon,4,15,1,0.3,0.16,perfect,independent,0.0,0.0,0,65.0,91953.23117895958,91953.23117895958,91953.23117895958,0.0,0.0,0.0,0.0,0.0,0.0,0.0,0.0,0.0,0.0,0.0,27.15028809,0.10502538829151732,0.10502538829151732,0.0,0.0
RTS93,external93_horizon,4,15,3,0.3,0.16,perfect,independent,0.0,0.0,0,65.0,91953.23117895958,91953.23117895958,64716.73477382162,0.0,-27236.496405137965,0.0,0.0,0.0,0.0,0.0,0.0,0.0,0.0,0.0,24.744437335,0.10502538829151732,0.11174581839904421,0.0,0.0
RTS93,external93_horizon,4,15,7,0.3,0.16,perfect,independent,0.0,0.0,0,65.0,91953.23117895958,91953.23117895958,52924.55784953219,0.0,-39028.673329427394,0.0,0.0,0.0,0.0,0.0,0.0,0.0,0.0,0.0,27.114669730000003,0.10502538829151732,0.11469534050179211,0.0,0.0
RTS93,external93_horizon,4,15,13,0.3,0.16,perfect,independent,0.0,0.0,0,65.0,91953.23117895958,91953.23117895958,31571.128772567532,0.0,-60382.10240639205,0.0,0.0,0.0,0.0,0.0,0.0,0.0,0.0,0.0,27.255581455,0.10502538829151732,0.11697281959378733,0.0,0.0
RTS93,external93_horizon,4,17,1,0.3,0.16,perfect,independent,0.0,0.0,0,65.0,48125.70068295879,48125.70068295879,48125.70068295879,0.0,0.0,0.0,0.0,0.0,0.0,0.0,0.0,0.0,0.0,0.0,29.31289264,0.10510005973715651,0.10510005973715651,0.0,0.0
RTS93,external93_horizon,4,17,3,0.3,0.16,perfect,independent,0.0,0.0,0,65.0,48125.70068295879,48125.70068295879,12365.631860621419,0.0,-35760.06882233737,0.0,0.0,0.0,0.0,0.0,0.0,0.0,0.0,0.0,27.01748923,0.10510005973715651,0.12305854241338113,0.0,0.0
RTS93,external93_horizon,4,17,7,0.3,0.16,perfect,independent,0.0,0.0,0,65.0,48125.70068295879,48125.70068295879,4956.735750947479,0.0,-43168.96493201131,0.0,0.0,0.0,0.0,0.0,0.0,0.0,0.0,0.0,22.628533375,0.10510005973715651,0.12328255675029869,0.0,0.0
RTS93,external93_horizon,4,17,13,0.3,0.16,perfect,independent,0.0,0.0,0,65.0,48125.70068295879,48125.70068295879,2657.647422379852,0.0,-45468.05326057894,0.0,0.0,0.0,0.0,0.0,0.0,0.0,0.0,0.0,22.6861396025,0.10510005973715651,0.12298387096774194,0.0,0.0
RTS93,external93_horizon,7,13,1,0.3,0.16,perfect,independent,0.0,0.0,0,65.0,102847.64425228484,116412.43806238577,2824688.455357342,0.0,2721840.811105057,0.0,5.985703416666352,0.0,0.0,4.730843249999467,0.0,0.375,0.0,65.0,3475.345591625,0.18428912783751494,0.16550925925925927,0.0,5.985703416666352
RTS93,external93_horizon,7,13,3,0.3,0.16,perfect,independent,0.0,0.0,0,65.0,102847.64425228484,116412.43806238577,52964.344451930556,0.0,-49883.29980035428,0.0,0.0,0.0,0.0,4.730843249999467,0.0,0.375,0.0,65.0,77.27424487499998,0.18428912783751494,0.17506720430107528,0.0,0.0
RTS93,external93_horizon,7,13,7,0.3,0.16,perfect,independent,0.0,0.0,0,65.0,102847.64425228484,116412.43806238577,17271.193539128268,0.0,-85576.45071315658,0.0,0.0,0.0,0.0,4.730843249999467,0.0,0.375,0.0,65.0,31.33876764,0.18428912783751494,0.17566457586618878,0.0,0.0
RTS93,external93_horizon,7,13,13,0.3,0.16,perfect,independent,0.0,0.0,0,65.0,102847.64425228484,116412.43806238577,10459.134412705725,0.0,-92388.50983957911,0.0,0.0,0.0,0.0,4.730843249999467,0.0,0.375,0.0,65.0,31.1560683,0.18428912783751494,0.1724537037037037,0.0,0.0
RTS93,external93_horizon,7,15,1,0.3,0.16,perfect,independent,0.0,0.0,0,65.0,92459.22694582371,99420.9836665402,100155.96640870371,0.0,7696.739462879996,0.0,0.0,0.0,0.0,3.3411687500001976,0.0,0.16666666666666666,0.0,65.0,86.33256864999998,0.1520310633213859,0.13926224611708482,0.0,0.0
RTS93,external93_horizon,7,15,3,0.3,0.16,perfect,independent,0.0,0.0,0,65.0,92459.22694582371,99420.9836665402,20073.483019485717,0.0,-72385.743926338,0.0,0.0,0.0,0.0,3.3411687500001976,0.0,0.16666666666666666,0.0,65.0,29.15998083000001,0.1520310633213859,0.14650537634408603,0.0,0.0
RTS93,external93_horizon,7,15,7,0.3,0.16,perfect,independent,0.0,0.0,0,65.0,92459.22694582371,99420.9836665402,9806.445207488596,0.0,-82652.78173833512,0.0,0.0,0.0,0.0,3.3411687500001976,0.0,0.16666666666666666,0.0,65.0,29.550204850000004,0.1520310633213859,0.14982825567502986,0.0,0.0
RTS93,external93_horizon,7,15,13,0.3,0.16,perfect,independent,0.0,0.0,0,65.0,92459.22694582371,99420.9836665402,7193.380423623828,0.0,-85265.84652219989,0.0,0.0,0.0,0.0,3.3411687500001976,0.0,0.16666666666666666,0.0,65.0,29.281456455,0.1520310633213859,0.15042562724014336,0.0,0.0
RTS93,external93_horizon,7,17,1,0.3,0.16,perfect,independent,0.0,0.0,0,65.0,37585.45682908711,111612.11592538445,2663847.2206788883,0.0,2626261.7638498014,0.0,10.292107666666514,0.0,0.0,27.812418258888773,0.0,0.9930555555555556,0.0,65.0,3476.3196125175,0.09016577060931899,0.09375,0.0,10.292107666666514
RTS93,external93_horizon,7,17,3,0.3,0.16,perfect,independent,0.0,0.0,0,65.0,37585.45682908711,111612.11592538445,20659.89891727573,0.0,-16925.557911811382,0.0,0.0,0.0,0.0,27.812418258888773,0.0,0.9930555555555556,0.0,65.0,74.77836515999998,0.09016577060931899,0.09065113500597372,0.0,0.0
RTS93,external93_horizon,7,17,7,0.3,0.16,perfect,independent,0.0,0.0,0,65.0,37585.45682908711,111612.11592538445,8644.352584866145,0.0,-28941.104244220965,0.0,0.0,0.0,0.0,27.812418258888773,0.0,0.9930555555555556,0.0,65.0,31.33876764,0.09016577060931899,0.0888963560334528,0.0,0.0
RTS93,external93_horizon,7,17,13,0.3,0.16,perfect,independent,0.0,0.0,0,65.0,37585.45682908711,111612.11592538445,4930.157956475453,0.0,-32655.298872611656,0.0,0.0,0.0,0.0,27.812418258888773,0.0,0.9930555555555556,0.0,65.0,31.33876764,0.09016577060931899,0.08770161290322581,0.0,0.0
RTS93,external93_horizon,10,13,1,0.3,0.16,perfect,independent,0.0,0.0,0,65.0,21145.712827956995,21744.770216484136,21177.35023333154,0.0,31.63740537454578,0.0,0.0,0.0,0.0,0.0,0.0,0.020833333333333332,0.0,34.424248515,21.509175669999998,0.07418608124253286,0.07172192353643966,0.0,0.0
RTS93,external93_horizon,10,13,3,0.3,0.16,perfect,independent,0.0,0.0,0,65.0,21145.712827956995,21744.770216484136,10581.29454170846,0.0,-10564.418286248536,0.0,0.0,0.0,0.0,0.0,0.0,0.020833333333333332,0.0,34.424248515,22.665143784999998,0.07418608124253286,0.07373805256869773,0.0,0.0
RTS93,external93_horizon,10,13,7,0.3,0.16,perfect,independent,0.0,0.0,0,65.0,21145.712827956995,21744.770216484136,5738.395676385692,0.0,-15407.317151571304,0.0,0.0,0.0,0.0,0.0,0.0,0.020833333333333332,0.0,34.424248515,21.509175669999998,0.07418608124253286,0.07444743130227001,0.0,0.0
RTS93,external93_horizon,10,13,13,0.3,0.16,perfect,independent,0.0,0.0,0,65.0,21145.712827956995,21744.770216484136,3616.6673925589607,0.0,-17529.045435398035,0.0,0.0,0.0,0.0,0.0,0.0,0.020833333333333332,0.0,34.424248515,21.6545124825,0.07418608124253286,0.07530615292712067,0.0,0.0
RTS93,external93_horizon,10,15,1,0.3,0.16,perfect,independent,0.0,0.0,0,65.0,35026.048429048045,36167.54006105325,34965.0617991675,0.0,-60.98662988054275,0.0,0.0,0.0,0.0,0.0,0.0,0.041666666666666664,0.0,32.398373515,24.654408375,0.0649268219832736,0.06324671445639188,0.0,0.0
RTS93,external93_horizon,10,15,3,0.3,0.16,perfect,independent,0.0,0.0,0,65.0,35026.048429048045,36167.54006105325,27238.495666641502,0.0,-7787.5527624065435,0.0,0.0,0.0,0.0,0.0,0.0,0.041666666666666664,0.0,32.398373515,23.680387482500002,0.0649268219832736,0.06451612903225806,0.0,0.0
RTS93,external93_horizon,10,15,7,0.3,0.16,perfect,independent,0.0,0.0,0,65.0,35026.048429048045,36167.54006105325,12935.94093108195,0.0,-22090.107497966095,0.0,0.0,0.0,0.0,0.0,0.0,0.041666666666666664,0.0,32.398373515,24.744437335000004,0.0649268219832736,0.06444145758661887,0.0,0.0
RTS93,external93_horizon,10,15,13,0.3,0.16,perfect,independent,0.0,0.0,0,65.0,35026.048429048045,36167.54006105325,2909.1901287415076,0.0,-32116.858300306536,0.0,0.0,0.0,0.0,0.0,0.0,0.041666666666666664,0.0,32.398373515,23.6803874825,0.0649268219832736,0.06559886499402628,0.0,0.0
RTS93,external93_horizon,10,17,1,0.3,0.16,perfect,independent,0.0,0.0,0,65.0,63209.12477092544,63209.12477092544,63209.12477092544,0.0,0.0,0.0,0.0,0.0,0.0,0.0,0.0,0.0,0.0,0.0,23.6803874825,0.0871042413381123,0.0871042413381123,0.0,0.0
RTS93,external93_horizon,10,17,3,0.3,0.16,perfect,independent,0.0,0.0,0,65.0,63209.12477092544,63209.12477092544,35741.40959075169,0.0,-27467.71518017375,0.0,0.0,0.0,0.0,0.0,0.0,0.0,0.0,0.0,23.680387482500002,0.0871042413381123,0.09236857825567503,0.0,0.0
RTS93,external93_horizon,10,17,7,0.3,0.16,perfect,independent,0.0,0.0,0,65.0,63209.12477092544,63209.12477092544,24613.856141138418,0.0,-38595.268629787024,0.0,0.0,0.0,0.0,0.0,0.0,0.0,0.0,0.0,23.68038748250001,0.0871042413381123,0.09457138590203107,0.0,0.0
RTS93,external93_horizon,10,17,13,0.3,0.16,perfect,independent,0.0,0.0,0,65.0,63209.12477092544,63209.12477092544,13723.178628036154,0.0,-49485.94614288928,0.0,0.0,0.0,0.0,0.0,0.0,0.0,0.0,0.0,23.68038748250001,0.0871042413381123,0.09595280764635604,0.0,0.0
