system,study,month,day,horizon,ramp_multiplier,upward_adder_fraction,forecast_type,forecast_model,forecast_rho,sigma_rel,seed,shortage_penalty,generator,cost,capacity,flexibility,rp_bind,la_bind,rp_scarcity_flex,la_scarcity_flex,rp_utilization,la_utilization,rp_headroom,la_headroom,rp_margin_share,la_margin_share,loc_rp,loc_rp_energy,loc_la,loc_tlmp,delta_la_rp,emergency_rp_mwh,emergency_la_mwh,log_flex,log_capacity,loc_per_mw,relief_per_mw,y_loc,y_relief,z_rp_bind,z_log_flex,z_log_capacity,z_cost,z_rp_utilization,is_rts
10gen,ramp_requirement,1,13,13,0.4,0.16,perfect,independent,0.0,0.0,0,65.0,1,185.0,22.0,1.3636363636363635,0.0,0.0,0.0,0.0,0.0,0.0,1.0,1.0,0.0,0.0,0.0,0.0,0.0,0.0,0.0,0.0,0.0,0.31015492830383945,3.091042453358316,0.0,0.0,0.0,0.0,-0.2581013273443778,1.7136231060436602,-1.742675757369237,2.8130982101309776,-0.6306741049911595,0.0
10gen,ramp_requirement,1,13,13,0.4,0.16,perfect,independent,0.0,0.0,0,65.0,2,30.0,170.0,0.4117647058823529,0.0069444444444444,0.0069444444444444,0.0168650793650793,0.0168650793650793,0.1026459441780902,0.1029339304091996,0.8973540558219099,0.8970660695908003,0.0659722222222222,0.0659722222222222,85.7973902129379,85.7973902129379,42.02261605547665,0.0,-43.77477415746125,0.0,0.0,-0.8873031950009028,5.135798437050262,0.5046905306643406,0.257498671514478,0.4085872495910587,0.22912456654147986,1.3129502304040048,0.48379743329812636,0.09247184346193812,-0.5141068457278666,-0.3591480704170224,0.0
10gen,ramp_requirement,1,13,13,0.4,0.16,perfect,independent,0.0,0.0,0,65.0,3,55.0,85.0,0.3529411764705882,0.0,0.0,0.0,0.0,0.0,0.0,1.0,1.0,0.0,0.0,0.0,0.0,0.0,0.0,0.0,0.0,0.0,-1.0414538748281612,4.442651256490317,0.0,0.0,0.0,0.0,-0.2581013273443778,0.3254800275924961,-0.5296206681006128,0.02253913102355985,-0.6306741049911595,0.0
10gen,ramp_requirement,1,13,13,0.4,0.16,perfect,independent,0.0,0.0,0,65.0,4,15.0,230.0,0.1304347826086956,0.0,0.0,0.0,0.0,0.9994008621314754,1.0,0.0005991378685247,0.0,0.9895833333333334,0.9965277777777778,0.0,0.0,0.0,0.0,0.0,0.0,0.0,-2.0368819272610406,5.438079308923196,0.0,0.0,0.0,0.0,-0.2581013273443778,-0.6968546582122065,0.36376583708222676,-0.8360944317787224,2.0130090450582894,0.0
10gen,ramp_requirement,1,13,13,0.4,0.16,perfect,independent,0.0,0.0,0,65.0,5,20.0,613.0,0.2446982055464926,0.0,0.0,0.0,0.0,0.346350375762077,0.3464552660634595,0.6536496242379228,0.6535447339365406,0.1388888888888889,0.1354166666666666,0.0,0.0,0.0,0.0,0.0,0.0,0.0,-1.4077296418399559,6.418364935936212,0.0,0.0,0.0,0.0,-0.2581013273443778,-0.0506962518188466,1.2435621701850452,-0.7287652364284372,0.2855154712942387,0.0
10gen,ramp_requirement,1,13,13,0.4,0.16,perfect,independent,0.0,0.0,0,65.0,6,19.5,686.0,0.0583090379008746,0.0104166666666666,0.0069444444444444,0.1786458333333333,0.1190972222222222,0.9303229099155826,0.9299926208570513,0.0696770900844174,0.0700073791429486,0.6493055555555556,0.6527777777777778,462.7499999999927,462.7499999999927,41.62802417384955,0.0,-421.1219758261432,0.0,0.0,-2.8419981736119495,6.530877627725885,0.6745626822157328,0.6138804312334448,0.5155520459440052,0.4786414848442031,2.098476009278196,-1.523733369072044,1.344541161344698,-0.7394981559634657,1.8302793464630804,0.0
10gen,ramp_requirement,1,13,13,0.4,0.16,perfect,independent,0.0,0.0,0,65.0,7,48.0,45.0,0.8888888888888888,0.0,0.0,0.0,0.0,0.0343568241644879,0.0338128501723923,0.965643175835512,0.9661871498276078,0.0173611111111111,0.0173611111111111,0.0,0.0,0.0,0.0,0.0,0.0,0.0,-0.11778303565638351,3.8066624897703196,0.0,0.0,0.0,0.0,-0.2581013273443778,1.2741178872989047,-1.1004140873204662,-0.12772174246683957,-0.5397910964062423,0.0
10gen,ramp_requirement,1,13,13,0.4,0.16,perfect,independent,0.0,0.0,0,65.0,8,60.0,50.0,0.4,0.0,0.0,0.0,0.0,0.0,0.0,1.0,1.0,0.0,0.0,0.0,0.0,0.0,0.0,0.0,0.0,0.0,-0.916290731874155,3.912023005428146,0.0,0.0,0.0,0.0,-0.2581013273443778,0.4540263570971502,-1.005854101153958,0.12986832637384513,-0.6306741049911595,0.0
10gen,ramp_requirement,1,13,13,0.4,0.16,perfect,independent,0.0,0.0,0,65.0,9,57.0,260.0,0.0769230769230769,0.0,0.0,0.0,0.0,0.0,0.0,1.0,1.0,0.0,0.0,0.0,0.0,0.0,0.0,0.0,0.0,0.0,-2.564949357461537,5.560681631015528,0.0,0.0,0.0,0.0,-0.2581013273443778,-1.2391958641067669,0.47380016833667465,0.06547080916367397,-0.6306741049911595,0.0
10gen,ramp_requirement,1,13,13,0.4,0.16,perfect,independent,0.0,0.0,0,65.0,10,50.0,400.0,0.125,0.0,0.0,0.0,0.0,0.0015690939196013,0.0015690939196013,0.9984309060803984,0.9984309060803984,0.0,0.0,0.0,0.0,0.0,0.0,0.0,0.0,0.0,-2.0794415416798357,5.991464547107982,0.0,0.0,0.0,0.0,-0.2581013273443778,-0.7405646681204737,0.8604234335336947,-0.08479006432672544,-0.6265234310091019,0.0
10gen,ramp_requirement,1,16,13,0.4,0.16,perfect,independent,0.0,0.0,0,65.0,1,185.0,22.0,1.3636363636363635,0.0,0.0,0.0,0.0,0.0,0.0,1.0,1.0,0.0,0.0,0.0,0.0,0.0,0.0,0.0,0.0,0.0,0.31015492830383945,3.091042453358316,0.0,0.0,0.0,0.0,-0.2581013273443778,1.7136231060436602,-1.742675757369237,2.8130982101309776,-0.6306741049911595,0.0
10gen,ramp_requirement,1,16,13,0.4,0.16,perfect,independent,0.0,0.0,0,65.0,2,30.0,170.0,0.4117647058823529,0.0034722222222222,0.0069444444444444,0.0084325396825396,0.0168650793650793,0.1377924358683933,0.1388056690130206,0.8622075641316066,0.8611943309869794,0.0659722222222222,0.0659722222222222,66.3399123007921,66.3399123007921,0.0,0.0,-66.3399123007921,0.0,0.0,-0.8873031950009028,5.135798437050262,0.3902347782399535,0.3902347782399535,0.32947263808832133,0.32947263808832133,0.5274244515298135,0.48379743329812636,0.09247184346193812,-0.5141068457278666,-0.26617617957150125,0.0
10gen,ramp_requirement,1,16,13,0.4,0.16,perfect,independent,0.0,0.0,0,65.0,3,55.0,85.0,0.3529411764705882,0.0,0.0,0.0,0.0,0.0,0.0,1.0,1.0,0.0,0.0,0.0,0.0,0.0,0.0,0.0,0.0,0.0,-1.0414538748281612,4.442651256490317,0.0,0.0,0.0,0.0,-0.2581013273443778,0.3254800275924961,-0.5296206681006128,0.02253913102355985,-0.6306741049911595,0.0
10gen,ramp_requirement,1,16,13,0.4,0.16,perfect,independent,0.0,0.0,0,65.0,4,15.0,230.0,0.1304347826086956,0.0,0.0,0.0,0.0,0.998678142096867,1.0,0.001321857903133,0.0,0.9756944444444444,0.9930555555555556,0.0,0.0,0.0,0.0,0.0,0.0,0.0,-2.0368819272610406,5.438079308923196,0.0,0.0,0.0,0.0,-0.2581013273443778,-0.6968546582122065,0.36376583708222676,-0.8360944317787224,2.0110972568558836,0.0
10gen,ramp_requirement,1,16,13,0.4,0.16,perfect,independent,0.0,0.0,0,65.0,5,20.0,613.0,0.2446982055464926,0.0,0.0,0.0,0.0,0.4772134501967416,0.4776363006290192,0.5227865498032584,0.5223636993709808,0.2638888888888889,0.2604166666666667,0.0,0.0,0.0,0.0,0.0,0.0,0.0,-1.4077296418399559,6.418364935936212,0.0,0.0,0.0,0.0,-0.2581013273443778,-0.0506962518188466,1.2435621701850452,-0.7287652364284372,0.631683378442869,0.0
10gen,ramp_requirement,1,16,13,0.4,0.16,perfect,independent,0.0,0.0,0,65.0,6,19.5,686.0,0.0583090379008746,0.0381944444444444,0.0347222222222222,0.6550347222222223,0.5954861111111112,0.792833956261257,0.7918873681417233,0.2071660437387431,0.2081126318582767,0.6354166666666666,0.6527777777777778,947.2146634368546,947.2146634368546,36.61008153612784,0.0,-910.6045819007268,0.0,0.0,-2.8419981736119495,6.530877627725885,1.3807793927650942,1.3274119269689895,0.8674279100265575,0.8447568892679455,8.382682240271771,-1.523733369072044,1.344541161344698,-0.7394981559634657,1.4665842128420594,0.0
10gen,ramp_requirement,1,16,13,0.4,0.16,perfect,independent,0.0,0.0,0,65.0,7,48.0,45.0,0.8888888888888888,0.0034722222222222,0.0,0.00390625,0.0,0.060988916229874,0.0614535230899574,0.939011083770126,0.9385464769100424,0.0590277777777777,0.0520833333333333,0.0,2.088719541338037,0.0,0.0,0.0,0.0,0.0,-0.11778303565638351,3.8066624897703196,0.0,0.0,0.0,0.0,0.5274244515298135,1.2741178872989047,-1.1004140873204662,-0.12772174246683957,-0.4693420746857022,0.0
10gen,ramp_requirement,1,16,13,0.4,0.16,perfect,independent,0.0,0.0,0,65.0,8,60.0,50.0,0.4,0.0,0.0,0.0,0.0,0.0,0.0,1.0,1.0,0.0,0.0,0.0,0.0,0.0,0.0,0.0,0.0,0.0,-0.916290731874155,3.912023005428146,0.0,0.0,0.0,0.0,-0.2581013273443778,0.4540263570971502,-1.005854101153958,0.12986832637384513,-0.6306741049911595,0.0
10gen,ramp_requirement,1,16,13,0.4,0.16,perfect,independent,0.0,0.0,0,65.0,9,57.0,260.0,0.0769230769230769,0.0,0.0,0.0,0.0,0.0,0.0,1.0,1.0,0.0,0.0,0.0,0.0,0.0,0.0,0.0,0.0,0.0,-2.564949357461537,5.560681631015528,0.0,0.0,0.0,0.0,-0.2581013273443778,-1.2391958641067669,0.47380016833667465,0.06547080916367397,-0.6306741049911595,0.0
10gen,ramp_requirement,1,16,13,0.4,0.16,perfect,independent,0.0,0.0,0,65.0,10,50.0,400.0,0.125,0.0,0.0034722222222222,0.0,0.0277777777777777,0.0192971825598113,0.0190296022448187,0.9807028174401884,0.9809703977551814,0.0,0.0,0.0,0.0,3.234980459173774,0.0,3.234980459173774,0.0,0.0,-2.0794415416798357,5.991464547107982,0.0,-0.008087451147934435,0.0,-0.008054922977202885,-0.2581013273443778,-0.7405646681204737,0.8604234335336947,-0.08479006432672544,-0.579627884890851,0.0
10gen,ramp_requirement,4,13,13,0.4,0.16,perfect,independent,0.0,0.0,0,65.0,1,185.0,22.0,1.3636363636363635,0.0,0.0,0.0,0.0,0.0,0.0,1.0,1.0,0.0,0.0,0.0,0.0,0.0,0.0,0.0,0.0,0.0,0.31015492830383945,3.091042453358316,0.0,0.0,0.0,0.0,-0.2581013273443778,1.7136231060436602,-1.742675757369237,2.8130982101309776,-0.6306741049911595,0.0
10gen,ramp_requirement,4,13,13,0.4,0.16,perfect,independent,0.0,0.0,0,65.0,2,30.0,170.0,0.4117647058823529,0.0,0.0,0.0,0.0,0.1220740806379366,0.1220740806379366,0.8779259193620634,0.8779259193620634,0.0972222222222222,0.0972222222222222,0.0,0.0,0.0,0.0,0.0,0.0,0.0,-0.8873031950009028,5.135798437050262,0.0,0.0,0.0,0.0,-0.2581013273443778,0.48379743329812636,0.09247184346193812,-0.5141068457278666,-0.30775544215150824,0.0
10gen,ramp_requirement,4,13,13,0.4,0.16,perfect,independent,0.0,0.0,0,65.0,3,55.0,85.0,0.3529411764705882,0.0,0.0,0.0,0.0,0.0,0.0,1.0,1.0,0.0,0.0,0.0,0.0,0.0,0.0,0.0,0.0,0.0,-1.0414538748281612,4.442651256490317,0.0,0.0,0.0,0.0,-0.2581013273443778,0.3254800275924961,-0.5296206681006128,0.02253913102355985,-0.6306741049911595,0.0
10gen,ramp_requirement,4,13,13,0.4,0.16,perfect,independent,0.0,0.0,0,65.0,4,15.0,230.0,0.1304347826086956,0.0,0.0,0.0,0.0,0.9999770757440252,1.0,2.2924255974757076e-05,0.0,0.9965277777777778,0.9965277777777778,0.0,0.0,0.0,0.0,0.0,0.0,0.0,-2.0368819272610406,5.438079308923196,0.0,0.0,0.0,0.0,-0.2581013273443778,-0.6968546582122065,0.36376583708222676,-0.8360944317787224,2.0145332845061903,0.0
10gen,ramp_requirement,4,13,13,0.4,0.16,perfect,independent,0.0,0.0,0,65.0,5,20.0,613.0,0.2446982055464926,0.0,0.0,0.0,0.0,0.3447532670068851,0.3447701536642741,0.655246732993115,0.6552298463357258,0.1458333333333333,0.1458333333333333,0.0,0.0,0.0,0.0,0.0,0.0,0.0,-1.4077296418399559,6.418364935936212,0.0,0.0,0.0,0.0,-0.2581013273443778,-0.0506962518188466,1.2435621701850452,-0.7287652364284372,0.2812906905632192,0.0
10gen,ramp_requirement,4,13,13,0.4,0.16,perfect,independent,0.0,0.0,0,65.0,6,19.5,686.0,0.0583090379008746,0.0104166666666666,0.0138888888888888,0.1786458333333333,0.2381944444444444,0.908023683992796,0.9080009083370324,0.091976316007204,0.0919990916629675,0.6319444444444444,0.6388888888888888,136.40696945746458,136.40696945746458,98.400959312974,0.0,-38.006010144490574,0.0,0.0,-2.8419981736119495,6.530877627725885,0.19884397880096877,0.05540234714940319,0.18135774147396155,0.053922065929920514,2.098476009278196,-1.523733369072044,1.344541161344698,-0.7394981559634657,1.7712919170291226,0.0
10gen,ramp_requirement,4,13,13,0.4,0.16,perfect,independent,0.0,0.0,0,65.0,7,48.0,45.0,0.8888888888888888,0.0034722222222222,0.0034722222222222,0.00390625,0.00390625,0.0897912050917265,0.0897912050917265,0.9102087949082736,0.9102087949082736,0.0833333333333333,0.0833333333333333,0.4855583321230483,0.4855583321230483,0.0,0.0,-0.4855583321230483,0.0,0.0,-0.11778303565638351,3.8066624897703196,0.010790185158289962,0.010790185158289962,0.01073238651076907,0.01073238651076907,0.5274244515298135,1.2741178872989047,-1.1004140873204662,-0.12772174246683957,-0.3931523007600127,0.0
10gen,ramp_requirement,4,13,13,0.4,0.16,perfect,independent,0.0,0.0,0,65.0,8,60.0,50.0,0.4,0.0,0.0,0.0,0.0,0.0,0.0,1.0,1.0,0.0,0.0,0.0,0.0,0.0,0.0,0.0,0.0,0.0,-0.916290731874155,3.912023005428146,0.0,0.0,0.0,0.0,-0.2581013273443778,0.4540263570971502,-1.005854101153958,0.12986832637384513,-0.6306741049911595,0.0
10gen,ramp_requirement,4,13,13,0.4,0.16,perfect,independent,0.0,0.0,0,65.0,9,57.0,260.0,0.0769230769230769,0.0,0.0,0.0,0.0,0.0,0.0,1.0,1.0,0.0,0.0,0.0,0.0,0.0,0.0,0.0,0.0,0.0,-2.564949357461537,5.560681631015528,0.0,0.0,0.0,0.0,-0.2581013273443778,-1.2391958641067669,0.47380016833667465,0.06547080916367397,-0.6306741049911595,0.0
10gen,ramp_requirement,4,13,13,0.4,0.16,perfect,independent,0.0,0.0,0,65.0,10,50.0,400.0,0.125,0.0,0.0,0.0,0.0,0.0274351868675474,0.0274351868675474,0.9725648131324528,0.9725648131324528,0.0,0.0,0.0,0.0,0.0,0.0,0.0,0.0,0.0,-2.0794415416798357,5.991464547107982,0.0,0.0,0.0,0.0,-0.2581013273443778,-0.7405646681204737,0.8604234335336947,-0.08479006432672544,-0.5581006822651629,0.0
10gen,ramp_requirement,4,14,13,0.4,0.16,perfect,independent,0.0,0.0,0,65.0,1,185.0,22.0,1.3636363636363635,0.0,0.0,0.0,0.0,0.0,0.0,1.0,1.0,0.0,0.0,0.0,0.0,0.0,0.0,0.0,0.0,0.0,0.31015492830383945,3.091042453358316,0.0,0.0,0.0,0.0,-0.2581013273443778,1.7136231060436602,-1.742675757369237,2.8130982101309776,-0.6306741049911595,0.0
10gen,ramp_requirement,4,14,13,0.4,0.16,perfect,independent,0.0,0.0,0,65.0,2,30.0,170.0,0.4117647058823529,0.0,0.0,0.0,0.0,0.0828286192799925,0.0828286192799925,0.9171713807200076,0.9171713807200076,0.0625,0.0625,0.0,0.0,0.0,0.0,0.0,0.0,0.0,-0.8873031950009028,5.135798437050262,0.0,0.0,0.0,0.0,-0.2581013273443778,0.48379743329812636,0.09247184346193812,-0.5141068457278666,-0.4115702064160046,0.0
10gen,ramp_requirement,4,14,13,0.4,0.16,perfect,independent,0.0,0.0,0,65.0,3,55.0,85.0,0.3529411764705882,0.0,0.0,0.0,0.0,0.0,0.0,1.0,1.0,0.0,0.0,0.0,0.0,0.0,0.0,0.0,0.0,0.0,-1.0414538748281612,4.442651256490317,0.0,0.0,0.0,0.0,-0.2581013273443778,0.3254800275924961,-0.5296206681006128,0.02253913102355985,-0.6306741049911595,0.0
10gen,ramp_requirement,4,14,13,0.4,0.16,perfect,independent,0.0,0.0,0,65.0,4,15.0,230.0,0.1304347826086956,0.0,0.0,0.0,0.0,0.9995829741570632,1.0,0.0004170258429365,0.0,0.9895833333333334,0.9895833333333334,0.0,0.0,0.0,0.0,0.0,0.0,0.0,-2.0368819272610406,5.438079308923196,0.0,0.0,0.0,0.0,-0.2581013273443778,-0.6968546582122065,0.36376583708222676,-0.8360944317787224,2.0134907801775097,0.0
10gen,ramp_requirement,4,14,13,0.4,0.16,perfect,independent,0.0,0.0,0,65.0,5,20.0,613.0,0.2446982055464926,0.0,0.0,0.0,0.0,0.3322825932362047,0.3324390629652021,0.6677174067637952,0.6675609370347977,0.1076388888888889,0.1076388888888889,0.0,0.0,0.0,0.0,0.0,0.0,0.0,-1.4077296418399559,6.418364935936212,0.0,0.0,0.0,0.0,-0.2581013273443778,-0.0506962518188466,1.2435621701850452,-0.7287652364284372,0.24830241592135258,0.0
10gen,ramp_requirement,4,14,13,0.4,0.16,perfect,independent,0.0,0.0,0,65.0,6,19.5,686.0,0.0583090379008746,0.0208333333333333,0.0208333333333333,0.3572916666666667,0.3572916666666667,0.9446240166302317,0.944344378309895,0.0553759833697685,0.0556556216901049,0.7465277777777778,0.7569444444444444,517.1409362572595,517.1409362572595,424.3865126739547,0.0,-92.75442358330474,0.0,0.0,-2.8419981736119495,6.530877627725885,0.7538497613079584,0.13521053000481742,0.5618132353828597,0.1268181227234387,4.455053345900793,-1.523733369072044,1.344541161344698,-0.7394981559634657,1.868109606853233,0.0
10gen,ramp_requirement,4,14,13,0.4,0.16,perfect,independent,0.0,0.0,0,65.0,7,48.0,45.0,0.8888888888888888,0.0,0.0,0.0,0.0,0.056358696367263,0.056358696367263,0.943641303632737,0.943641303632737,0.0520833333333333,0.0520833333333333,0.0,0.0,0.0,0.0,0.0,0.0,0.0,-0.11778303565638351,3.8066624897703196,0.0,0.0,0.0,0.0,-0.2581013273443778,1.2741178872989047,-1.1004140873204662,-0.12772174246683957,-0.48159024726152166,0.0
10gen,ramp_requirement,4,14,13,0.4,0.16,perfect,independent,0.0,0.0,0,65.0,8,60.0,50.0,0.4,0.0,0.0,0.0,0.0,0.0,0.0,1.0,1.0,0.0,0.0,0.0,0.0,0.0,0.0,0.0,0.0,0.0,-0.916290731874155,3.912023005428146,0.0,0.0,0.0,0.0,-0.2581013273443778,0.4540263570971502,-1.005854101153958,0.12986832637384513,-0.6306741049911595,0.0
10gen,ramp_requirement,4,14,13,0.4,0.16,perfect,independent,0.0,0.0,0,65.0,9,57.0,260.0,0.0769230769230769,0.0,0.0,0.0,0.0,0.0,0.0,1.0,1.0,0.0,0.0,0.0,0.0,0.0,0.0,0.0,0.0,0.0,-2.564949357461537,5.560681631015528,0.0,0.0,0.0,0.0,-0.2581013273443778,-1.2391958641067669,0.47380016833667465,0.06547080916367397,-0.6306741049911595,0.0
10gen,ramp_requirement,4,14,13,0.4,0.16,perfect,independent,0.0,0.0,0,65.0,10,50.0,400.0,0.125,0.0,0.0,0.0,0.0,0.0044440106690438,0.0044440106690438,0.9955559893309562,0.9955559893309562,0.0,0.0,0.0,0.0,0.0,0.0,0.0,0.0,0.0,-2.0794415416798357,5.991464547107982,0.0,0.0,0.0,0.0,-0.2581013273443778,-0.7405646681204737,0.8604234335336947,-0.08479006432672544,-0.6189185056420311,0.0
10gen,ramp_requirement,7,12,13,0.4,0.16,perfect,independent,0.0,0.0,0,65.0,1,185.0,22.0,1.3636363636363635,0.0,0.0,0.0,0.0,0.0,0.0,1.0,1.0,0.0,0.0,0.0,0.0,0.0,0.0,0.0,0.0,0.0,0.31015492830383945,3.091042453358316,0.0,0.0,0.0,0.0,-0.2581013273443778,1.7136231060436602,-1.742675757369237,2.8130982101309776,-0.6306741049911595,0.0
10gen,ramp_requirement,7,12,13,0.4,0.16,perfect,independent,0.0,0.0,0,65.0,2,30.0,170.0,0.4117647058823529,0.0,0.0,0.0,0.0,0.0,0.0,1.0,1.0,0.0,0.0,0.0,0.0,0.0,0.0,0.0,0.0,0.0,-0.8873031950009028,5.135798437050262,0.0,0.0,0.0,0.0,-0.2581013273443778,0.48379743329812636,0.09247184346193812,-0.5141068457278666,-0.6306741049911595,0.0
10gen,ramp_requirement,7,12,13,0.4,0.16,perfect,independent,0.0,0.0,0,65.0,3,55.0,85.0,0.3529411764705882,0.0,0.0,0.0,0.0,0.0,0.0,1.0,1.0,0.0,0.0,0.0,0.0,0.0,0.0,0.0,0.0,0.0,-1.0414538748281612,4.442651256490317,0.0,0.0,0.0,0.0,-0.2581013273443778,0.3254800275924961,-0.5296206681006128,0.02253913102355985,-0.6306741049911595,0.0
10gen,ramp_requirement,7,12,13,0.4,0.16,perfect,independent,0.0,0.0,0,65.0,4,15.0,230.0,0.1304347826086956,0.0,0.0,0.0,0.0,0.999980916891825,1.0,1.9083108174967627e-05,0.0,0.9965277777777778,0.9965277777777778,0.0,0.0,0.0,0.0,0.0,0.0,0.0,-2.0368819272610406,5.438079308923196,0.0,0.0,0.0,0.0,-0.2581013273443778,-0.6968546582122065,0.36376583708222676,-0.8360944317787224,2.0145434453716646,0.0
10gen,ramp_requirement,7,12,13,0.4,0.16,perfect,independent,0.0,0.0,0,65.0,5,20.0,613.0,0.2446982055464926,0.0,0.0,0.0,0.0,0.3549626093275762,0.354969769384477,0.6450373906724238,0.6450302306155229,0.0,0.0,0.0,0.0,0.0,0.0,0.0,0.0,0.0,-1.4077296418399559,6.418364935936212,0.0,0.0,0.0,0.0,-0.2581013273443778,-0.0506962518188466,1.2435621701850452,-0.7287652364284372,0.30829713741451986,0.0
10gen,ramp_requirement,7,12,13,0.4,0.16,perfect,independent,0.0,0.0,0,65.0,6,19.5,686.0,0.0583090379008746,0.0173611111111111,0.0173611111111111,0.2977430555555556,0.2977430555555556,0.9510383521823268,0.9510255559290316,0.0489616478176733,0.0489744440709685,0.7534722222222222,0.7569444444444444,127.96415273600542,127.96415273600542,92.66399899329826,0.0,-35.30015374270715,0.0,0.0,-2.8419981736119495,6.530877627725885,0.18653666579592626,0.05145795006225532,0.17103869889908016,0.05017772493040853,3.6695275670266017,-1.523733369072044,1.344541161344698,-0.7394981559634657,1.8850772436247993,0.0
10gen,ramp_requirement,7,12,13,0.4,0.16,perfect,independent,0.0,0.0,0,65.0,7,48.0,45.0,0.8888888888888888,0.0,0.0,0.0,0.0,0.0,0.0,1.0,1.0,0.0,0.0,0.0,0.0,0.0,0.0,0.0,0.0,0.0,-0.11778303565638351,3.8066624897703196,0.0,0.0,0.0,0.0,-0.2581013273443778,1.2741178872989047,-1.1004140873204662,-0.12772174246683957,-0.6306741049911595,0.0
10gen,ramp_requirement,7,12,13,0.4,0.16,perfect,independent,0.0,0.0,0,65.0,8,60.0,50.0,0.4,0.0,0.0,0.0,0.0,0.0,0.0,1.0,1.0,0.0,0.0,0.0,0.0,0.0,0.0,0.0,0.0,0.0,-0.916290731874155,3.912023005428146,0.0,0.0,0.0,0.0,-0.2581013273443778,0.4540263570971502,-1.005854101153958,0.12986832637384513,-0.6306741049911595,0.0
10gen,ramp_requirement,7,12,13,0.4,0.16,perfect,independent,0.0,0.0,0,65.0,9,57.0,260.0,0.0769230769230769,0.0,0.0,0.0,0.0,0.0,0.0,1.0,1.0,0.0,0.0,0.0,0.0,0.0,0.0,0.0,0.0,0.0,-2.564949357461537,5.560681631015528,0.0,0.0,0.0,0.0,-0.2581013273443778,-1.2391958641067669,0.47380016833667465,0.06547080916367397,-0.6306741049911595,0.0
10gen,ramp_requirement,7,12,13,0.4,0.16,perfect,independent,0.0,0.0,0,65.0,10,50.0,400.0,0.125,0.0,0.0,0.0,0.0,0.0,0.0,1.0,1.0,0.0,0.0,0.0,0.0,0.0,0.0,0.0,0.0,0.0,-2.0794415416798357,5.991464547107982,0.0,0.0,0.0,0.0,-0.2581013273443778,-0.7405646681204737,0.8604234335336947,-0.08479006432672544,-0.6306741049911595,0.0
10gen,ramp_requirement,7,14,13,0.4,0.16,perfect,independent,0.0,0.0,0,65.0,1,185.0,22.0,1.3636363636363635,0.0,0.0,0.0,0.0,0.0,0.0,1.0,1.0,0.0,0.0,0.0,0.0,0.0,0.0,0.0,0.0,0.0,0.31015492830383945,3.091042453358316,0.0,0.0,0.0,0.0,-0.2581013273443778,1.7136231060436602,-1.742675757369237,2.8130982101309776,-0.6306741049911595,0.0
10gen,ramp_requirement,7,14,13,0.4,0.16,perfect,independent,0.0,0.0,0,65.0,2,30.0,170.0,0.4117647058823529,0.0034722222222222,0.0034722222222222,0.0084325396825396,0.0084325396825396,0.0474318063875174,0.047513672881802,0.9525681936124824,0.9524863271181978,0.0034722222222222,0.0,117.38075374784673,117.38075374784673,5.902991067934522,0.0,-111.4777626799122,0.0,0.0,-0.8873031950009028,5.135798437050262,0.6904750220461572,0.6557515451759541,0.5250095675737448,0.5042550116006677,0.5274244515298135,0.48379743329812636,0.09247184346193812,-0.5141068457278666,-0.5052042639349373,0.0
10gen,ramp_requirement,7,14,13,0.4,0.16,perfect,independent,0.0,0.0,0,65.0,3,55.0,85.0,0.3529411764705882,0.0,0.0,0.0,0.0,0.0,0.0,1.0,1.0,0.0,0.0,0.0,0.0,0.0,0.0,0.0,0.0,0.0,-1.0414538748281612,4.442651256490317,0.0,0.0,0.0,0.0,-0.2581013273443778,0.3254800275924961,-0.5296206681006128,0.02253913102355985,-0.6306741049911595,0.0
10gen,ramp_requirement,7,14,13,0.4,0.16,perfect,independent,0.0,0.0,0,65.0,4,15.0,230.0,0.1304347826086956,0.0,0.0,0.0,0.0,0.9994972371785728,1.0,0.0005027628214273,0.0,0.9895833333333334,0.9895833333333334,0.0,0.0,0.0,0.0,0.0,0.0,0.0,-2.0368819272610406,5.438079308923196,0.0,0.0,0.0,0.0,-0.2581013273443778,-0.6968546582122065,0.36376583708222676,-0.8360944317787224,2.013263982889295,0.0
10gen,ramp_requirement,7,14,13,0.4,0.16,perfect,independent,0.0,0.0,0,65.0,5,20.0,613.0,0.2446982055464926,0.0,0.0,0.0,0.0,0.3479858340789452,0.3481631208602079,0.6520141659210548,0.6518368791397919,0.1215277777777777,0.1180555555555555,0.0,0.0,0.0,0.0,0.0,0.0,0.0,-1.4077296418399559,6.418364935936212,0.0,0.0,0.0,0.0,-0.2581013273443778,-0.0506962518188466,1.2435621701850452,-0.7287652364284372,0.2898416968947364,0.0
10gen,ramp_requirement,7,14,13,0.4,0.16,perfect,independent,0.0,0.0,0,65.0,6,19.5,686.0,0.0583090379008746,0.0104166666666666,0.0104166666666666,0.1786458333333333,0.1786458333333333,0.9456704860359224,0.94533335644721,0.0543295139640776,0.0546666435527899,0.5555555555555556,0.5659722222222222,533.2665201715026,533.2665201715026,453.7470148331049,0.0,-79.51950533839772,0.0,0.0,-2.8419981736119495,6.530877627725885,0.7773564433986919,0.1159176462658859,0.5751271162262485,0.10967706756767145,2.098476009278196,-1.523733369072044,1.344541161344698,-0.7394981559634657,1.8708777989167924,0.0
10gen,ramp_requirement,7,14,13,0.4,0.16,perfect,independent,0.0,0.0,0,65.0,7,48.0,45.0,0.8888888888888888,0.0,0.0,0.0,0.0,0.0001546367114263,0.0,0.9998453632885737,1.0,0.0,0.0,0.0,0.0,0.0,0.0,0.0,0.0,0.0,-0.11778303565638351,3.8066624897703196,0.0,0.0,0.0,0.0,-0.2581013273443778,1.2741178872989047,-1.1004140873204662,-0.12772174246683957,-0.6302650494421129,0.0
10gen,ramp_requirement,7,14,13,0.4,0.16,perfect,independent,0.0,0.0,0,65.0,8,60.0,50.0,0.4,0.0,0.0,0.0,0.0,0.0,0.0,1.0,1.0,0.0,0.0,0.0,0.0,0.0,0.0,0.0,0.0,0.0,-0.916290731874155,3.912023005428146,0.0,0.0,0.0,0.0,-0.2581013273443778,0.4540263570971502,-1.005854101153958,0.12986832637384513,-0.6306741049911595,0.0
10gen,ramp_requirement,7,14,13,0.4,0.16,perfect,independent,0.0,0.0,0,65.0,9,57.0,260.0,0.0769230769230769,0.0,0.0,0.0,0.0,0.0,0.0,1.0,1.0,0.0,0.0,0.0,0.0,0.0,0.0,0.0,0.0,0.0,-2.564949357461537,5.560681631015528,0.0,0.0,0.0,0.0,-0.2581013273443778,-1.2391958641067669,0.47380016833667465,0.06547080916367397,-0.6306741049911595,0.0
10gen,ramp_requirement,7,14,13,0.4,0.16,perfect,independent,0.0,0.0,0,65.0,10,50.0,400.0,0.125,0.0,0.0,0.0,0.0,0.0,0.0,1.0,1.0,0.0,0.0,0.0,0.0,0.0,0.0,0.0,0.0,0.0,-2.0794415416798357,5.991464547107982,0.0,0.0,0.0,0.0,-0.2581013273443778,-0.7405646681204737,0.8604234335336947,-0.08479006432672544,-0.6306741049911595,0.0
10gen,ramp_requirement,7,16,13,0.4,0.16,perfect,independent,0.0,0.0,0,65.0,1,185.0,22.0,1.3636363636363635,0.0,0.0,0.0,0.0,0.0,0.0,1.0,1.0,0.0,0.0,0.0,0.0,0.0,0.0,0.0,0.0,0.0,0.31015492830383945,3.091042453358316,0.0,0.0,0.0,0.0,-0.2581013273443778,1.7136231060436602,-1.742675757369237,2.8130982101309776,-0.6306741049911595,0.0
10gen,ramp_requirement,7,16,13,0.4,0.16,perfect,independent,0.0,0.0,0,65.0,2,30.0,170.0,0.4117647058823529,0.0,0.0,0.0,0.0,0.1814219444454303,0.1814219444454303,0.8185780555545696,0.8185780555545696,0.0972222222222222,0.0972222222222222,0.0,0.0,0.0,0.0,0.0,0.0,0.0,-0.8873031950009028,5.135798437050262,0.0,0.0,0.0,0.0,-0.2581013273443778,0.48379743329812636,0.09247184346193812,-0.5141068457278666,-0.150764435355018,0.0
10gen,ramp_requirement,7,16,13,0.4,0.16,perfect,independent,0.0,0.0,0,65.0,3,55.0,85.0,0.3529411764705882,0.0,0.0,0.0,0.0,0.0,0.0,1.0,1.0,0.0,0.0,0.0,0.0,0.0,0.0,0.0,0.0,0.0,-1.0414538748281612,4.442651256490317,0.0,0.0,0.0,0.0,-0.2581013273443778,0.3254800275924961,-0.5296206681006128,0.02253913102355985,-0.6306741049911595,0.0
10gen,ramp_requirement,7,16,13,0.4,0.16,perfect,independent,0.0,0.0,0,65.0,4,15.0,230.0,0.1304347826086956,0.0,0.0,0.0,0.0,1.0,1.0,0.0,0.0,1.0,1.0,0.0,0.0,0.0,0.0,0.0,0.0,0.0,-2.0368819272610406,5.438079308923196,0.0,0.0,0.0,0.0,-0.2581013273443778,-0.6968546582122065,0.36376583708222676,-0.8360944317787224,2.014593925307639,0.0
10gen,ramp_requirement,7,16,13,0.4,0.16,perfect,independent,0.0,0.0,0,65.0,5,20.0,613.0,0.2446982055464926,0.0,0.0,0.0,0.0,0.4385466765230024,0.4385466765230024,0.5614533234769976,0.5614533234769976,0.2430555555555555,0.2430555555555555,0.0,0.0,0.0,0.0,0.0,0.0,0.0,-1.4077296418399559,6.418364935936212,0.0,0.0,0.0,0.0,-0.2581013273443778,-0.0506962518188466,1.2435621701850452,-0.7287652364284372,0.5293993982089275,0.0
10gen,ramp_requirement,7,16,13,0.4,0.16,perfect,independent,0.0,0.0,0,65.0,6,19.5,686.0,0.0583090379008746,0.0034722222222222,0.0034722222222222,0.0595486111111111,0.0595486111111111,0.8246340625592224,0.8246340625592224,0.1753659374407775,0.1753659374407775,0.5729166666666666,0.5729166666666666,15.073732185235713,15.073732185235713,0.0,0.0,-15.073732185235713,0.0,0.0,-2.8419981736119495,6.530877627725885,0.021973370532413574,0.021973370532413574,0.021735435211528126,0.021735435211528126,0.5274244515298135,-1.523733369072044,1.344541161344698,-0.7394981559634657,1.5507040173921713,0.0
10gen,ramp_requirement,7,16,13,0.4,0.16,perfect,independent,0.0,0.0,0,65.0,7,48.0,45.0,0.8888888888888888,0.0,0.0,0.0,0.0,0.0771744325496766,0.0771744325496766,0.9228255674503232,0.9228255674503232,0.0555555555555555,0.0555555555555555,0.0,0.0,0.0,0.0,0.0,0.0,0.0,-0.11778303565638351,3.8066624897703196,0.0,0.0,0.0,0.0,-0.2581013273443778,1.2741178872989047,-1.1004140873204662,-0.12772174246683957,-0.42652704581104894,0.0
10gen,ramp_requirement,7,16,13,0.4,0.16,perfect,independent,0.0,0.0,0,65.0,8,60.0,50.0,0.4,0.0,0.0,0.0,0.0,0.0,0.0,1.0,1.0,0.0,0.0,0.0,0.0,0.0,0.0,0.0,0.0,0.0,-0.916290731874155,3.912023005428146,0.0,0.0,0.0,0.0,-0.2581013273443778,0.4540263570971502,-1.005854101153958,0.12986832637384513,-0.6306741049911595,0.0
10gen,ramp_requirement,7,16,13,0.4,0.16,perfect,independent,0.0,0.0,0,65.0,9,57.0,260.0,0.0769230769230769,0.0,0.0,0.0,0.0,0.0,0.0,1.0,1.0,0.0,0.0,0.0,0.0,0.0,0.0,0.0,0.0,0.0,-2.564949357461537,5.560681631015528,0.0,0.0,0.0,0.0,-0.2581013273443778,-1.2391958641067669,0.47380016833667465,0.06547080916367397,-0.6306741049911595,0.0
10gen,ramp_requirement,7,16,13,0.4,0.16,perfect,independent,0.0,0.0,0,65.0,10,50.0,400.0,0.125,0.0,0.0,0.0,0.0,0.0028933508882859,0.0028933508882859,0.997106649111714,0.997106649111714,0.0,0.0,0.0,0.0,0.0,0.0,0.0,0.0,0.0,-2.0794415416798357,5.991464547107982,0.0,0.0,0.0,0.0,-0.2581013273443778,-0.7405646681204737,0.8604234335336947,-0.08479006432672544,-0.6230204163859401,0.0
10gen,ramp_requirement,7,17,13,0.4,0.16,perfect,independent,0.0,0.0,0,65.0,1,185.0,22.0,1.3636363636363635,0.0,0.0,0.0,0.0,0.0,0.0,1.0,1.0,0.0,0.0,0.0,0.0,0.0,0.0,0.0,0.0,0.0,0.31015492830383945,3.091042453358316,0.0,0.0,0.0,0.0,-0.2581013273443778,1.7136231060436602,-1.742675757369237,2.8130982101309776,-0.6306741049911595,0.0
10gen,ramp_requirement,7,17,13,0.4,0.16,perfect,independent,0.0,0.0,0,65.0,2,30.0,170.0,0.4117647058823529,0.0,0.0,0.0,0.0,4.362053314068155e-05,4.362053314068155e-05,0.9999563794668592,0.9999563794668592,0.0,0.0,0.0,0.0,0.0,0.0,0.0,0.0,0.0,-0.8873031950009028,5.135798437050262,0.0,0.0,0.0,0.0,-0.2581013273443778,0.48379743329812636,0.09247184346193812,-0.5141068457278666,-0.6305587169893778,0.0
10gen,ramp_requirement,7,17,13,0.4,0.16,perfect,independent,0.0,0.0,0,65.0,3,55.0,85.0,0.3529411764705882,0.0,0.0,0.0,0.0,0.0,0.0,1.0,1.0,0.0,0.0,0.0,0.0,0.0,0.0,0.0,0.0,0.0,-1.0414538748281612,4.442651256490317,0.0,0.0,0.0,0.0,-0.2581013273443778,0.3254800275924961,-0.5296206681006128,0.02253913102355985,-0.6306741049911595,0.0
10gen,ramp_requirement,7,17,13,0.4,0.16,perfect,independent,0.0,0.0,0,65.0,4,15.0,230.0,0.1304347826086956,0.0,0.0,0.0,0.0,1.0,1.0,0.0,0.0,1.0,1.0,0.0,0.0,0.0,0.0,0.0,0.0,0.0,-2.0368819272610406,5.438079308923196,0.0,0.0,0.0,0.0,-0.2581013273443778,-0.6968546582122065,0.36376583708222676,-0.8360944317787224,2.014593925307639,0.0
10gen,ramp_requirement,7,17,13,0.4,0.16,perfect,independent,0.0,0.0,0,65.0,5,20.0,613.0,0.2446982055464926,0.0,0.0,0.0,0.0,0.3342456742253596,0.3342456742253596,0.6657543257746403,0.6657543257746403,0.0034722222222222,0.0034722222222222,0.0,0.0,0.0,0.0,0.0,0.0,0.0,-1.4077296418399559,6.418364935936212,0.0,0.0,0.0,0.0,-0.2581013273443778,-0.0506962518188466,1.2435621701850452,-0.7287652364284372,0.2534952913028514,0.0
10gen,ramp_requirement,7,17,13,0.4,0.16,perfect,independent,0.0,0.0,0,65.0,6,19.5,686.0,0.0583090379008746,0.0069444444444444,0.0069444444444444,0.1190972222222222,0.1190972222222222,0.969533507593616,0.969533507593616,0.030466492406384,0.030466492406384,0.7013888888888888,0.7013888888888888,4.96542291986043,4.96542291986043,0.0,0.0,-4.96542291986043,0.0,0.0,-2.8419981736119495,6.530877627725885,0.007238225830700335,0.007238225830700335,0.007212155600000348,0.007212155600000348,1.3129502304040048,-1.523733369072044,1.344541161344698,-0.7394981559634657,1.9340018869496902,0.0
10gen,ramp_requirement,7,17,13,0.4,0.16,perfect,independent,0.0,0.0,0,65.0,7,48.0,45.0,0.8888888888888888,0.0,0.0,0.0,0.0,0.0,0.0,1.0,1.0,0.0,0.0,0.0,0.0,0.0,0.0,0.0,0.0,0.0,-0.11778303565638351,3.8066624897703196,0.0,0.0,0.0,0.0,-0.2581013273443778,1.2741178872989047,-1.1004140873204662,-0.12772174246683957,-0.6306741049911595,0.0
10gen,ramp_requirement,7,17,13,0.4,0.16,perfect,independent,0.0,0.0,0,65.0,8,60.0,50.0,0.4,0.0,0.0,0.0,0.0,0.0,0.0,1.0,1.0,0.0,0.0,0.0,0.0,0.0,0.0,0.0,0.0,0.0,-0.916290731874155,3.912023005428146,0.0,0.0,0.0,0.0,-0.2581013273443778,0.4540263570971502,-1.005854101153958,0.12986832637384513,-0.6306741049911595,0.0
10gen,ramp_requirement,7,17,13,0.4,0.16,perfect,independent,0.0,0.0,0,65.0,9,57.0,260.0,0.0769230769230769,0.0,0.0,0.0,0.0,0.0,0.0,1.0,1.0,0.0,0.0,0.0,0.0,0.0,0.0,0.0,0.0,0.0,-2.564949357461537,5.560681631015528,0.0,0.0,0.0,0.0,-0.2581013273443778,-1.2391958641067669,0.47380016833667465,0.06547080916367397,-0.6306741049911595,0.0
10gen,ramp_requirement,7,17,13,0.4,0.16,perfect,independent,0.0,0.0,0,65.0,10,50.0,400.0,0.125,0.0,0.0,0.0,0.0,0.0,0.0,1.0,1.0,0.0,0.0,0.0,0.0,0.0,0.0,0.0,0.0,0.0,-2.0794415416798357,5.991464547107982,0.0,0.0,0.0,0.0,-0.2581013273443778,-0.7405646681204737,0.8604234335336947,-0.08479006432672544,-0.6306741049911595,0.0
10gen,ramp_requirement,7,18,13,0.4,0.16,perfect,independent,0.0,0.0,0,65.0,1,185.0,22.0,1.3636363636363635,0.0,0.0,0.0,0.0,0.0,0.0,1.0,1.0,0.0,0.0,0.0,0.0,0.0,0.0,0.0,0.0,0.0,0.31015492830383945,3.091042453358316,0.0,0.0,0.0,0.0,-0.2581013273443778,1.7136231060436602,-1.742675757369237,2.8130982101309776,-0.6306741049911595,0.0
10gen,ramp_requirement,7,18,13,0.4,0.16,perfect,independent,0.0,0.0,0,65.0,2,30.0,170.0,0.4117647058823529,0.0,0.0,0.0,0.0,0.0,0.0,1.0,1.0,0.0,0.0,0.0,0.0,0.0,0.0,0.0,0.0,0.0,-0.8873031950009028,5.135798437050262,0.0,0.0,0.0,0.0,-0.2581013273443778,0.48379743329812636,0.09247184346193812,-0.5141068457278666,-0.6306741049911595,0.0
10gen,ramp_requirement,7,18,13,0.4,0.16,perfect,independent,0.0,0.0,0,65.0,3,55.0,85.0,0.3529411764705882,0.0,0.0,0.0,0.0,0.0,0.0,1.0,1.0,0.0,0.0,0.0,0.0,0.0,0.0,0.0,0.0,0.0,-1.0414538748281612,4.442651256490317,0.0,0.0,0.0,0.0,-0.2581013273443778,0.3254800275924961,-0.5296206681006128,0.02253913102355985,-0.6306741049911595,0.0
10gen,ramp_requirement,7,18,13,0.4,0.16,perfect,independent,0.0,0.0,0,65.0,4,15.0,230.0,0.1304347826086956,0.0,0.0,0.0,0.0,1.0,1.0,0.0,0.0,1.0,1.0,0.0,0.0,0.0,0.0,0.0,0.0,0.0,-2.0368819272610406,5.438079308923196,0.0,0.0,0.0,0.0,-0.2581013273443778,-0.6968546582122065,0.36376583708222676,-0.8360944317787224,2.014593925307639,0.0
10gen,ramp_requirement,7,18,13,0.4,0.16,perfect,independent,0.0,0.0,0,65.0,5,20.0,613.0,0.2446982055464926,0.0,0.0,0.0,0.0,0.3222725545792281,0.3222725545792281,0.6777274454207719,0.6777274454207719,0.0,0.0,0.0,0.0,0.0,0.0,0.0,0.0,0.0,-1.4077296418399559,6.418364935936212,0.0,0.0,0.0,0.0,-0.2581013273443778,-0.0506962518188466,1.2435621701850452,-0.7287652364284372,0.2218231806799973,0.0
10gen,ramp_requirement,7,18,13,0.4,0.16,perfect,independent,0.0,0.0,0,65.0,6,19.5,686.0,0.0583090379008746,0.0,0.0,0.0,0.0,0.980243329508649,0.980243329508649,0.0197566704913509,0.0197566704913509,0.6909722222222222,0.6909722222222222,0.0,0.0,0.0,0.0,0.0,0.0,0.0,-2.8419981736119495,6.530877627725885,0.0,0.0,0.0,0.0,-0.2581013273443778,-1.523733369072044,1.344541161344698,-0.7394981559634657,1.9623322364717204,0.0
10gen,ramp_requirement,7,18,13,0.4,0.16,perfect,independent,0.0,0.0,0,65.0,7,48.0,45.0,0.8888888888888888,0.0,0.0,0.0,0.0,0.0,0.0,1.0,1.0,0.0,0.0,0.0,0.0,0.0,0.0,0.0,0.0,0.0,-0.11778303565638351,3.8066624897703196,0.0,0.0,0.0,0.0,-0.2581013273443778,1.2741178872989047,-1.1004140873204662,-0.12772174246683957,-0.6306741049911595,0.0
10gen,ramp_requirement,7,18,13,0.4,0.16,perfect,independent,0.0,0.0,0,65.0,8,60.0,50.0,0.4,0.0,0.0,0.0,0.0,0.0,0.0,1.0,1.0,0.0,0.0,0.0,0.0,0.0,0.0,0.0,0.0,0.0,-0.916290731874155,3.912023005428146,0.0,0.0,0.0,0.0,-0.2581013273443778,0.4540263570971502,-1.005854101153958,0.12986832637384513,-0.6306741049911595,0.0
10gen,ramp_requirement,7,18,13,0.4,0.16,perfect,independent,0.0,0.0,0,65.0,9,57.0,260.0,0.0769230769230769,0.0,0.0,0.0,0.0,0.0,0.0,1.0,1.0,0.0,0.0,0.0,0.0,0.0,0.0,0.0,0.0,0.0,-2.564949357461537,5.560681631015528,0.0,0.0,0.0,0.0,-0.2581013273443778,-1.2391958641067669,0.47380016833667465,0.06547080916367397,-0.6306741049911595,0.0
10gen,ramp_requirement,7,18,13,0.4,0.16,perfect,independent,0.0,0.0,0,65.0,10,50.0,400.0,0.125,0.0,0.0,0.0,0.0,0.0,0.0,1.0,1.0,0.0,0.0,0.0,0.0,0.0,0.0,0.0,0.0,0.0,-2.0794415416798357,5.991464547107982,0.0,0.0,0.0,0.0,-0.2581013273443778,-0.7405646681204737,0.8604234335336947,-0.08479006432672544,-0.6306741049911595,0.0
10gen,ramp_requirement,10,13,13,0.4,0.16,perfect,independent,0.0,0.0,0,65.0,1,185.0,22.0,1.3636363636363635,0.0,0.0,0.0,0.0,0.0,0.0,1.0,1.0,0.0,0.0,0.0,0.0,0.0,0.0,0.0,0.0,0.0,0.31015492830383945,3.091042453358316,0.0,0.0,0.0,0.0,-0.2581013273443778,1.7136231060436602,-1.742675757369237,2.8130982101309776,-0.6306741049911595,0.0
10gen,ramp_requirement,10,13,13,0.4,0.16,perfect,independent,0.0,0.0,0,65.0,2,30.0,170.0,0.4117647058823529,0.0,0.0,0.0,0.0,0.1523366938321925,0.1523366938321925,0.8476633061678074,0.8476633061678074,0.0798611111111111,0.0798611111111111,0.0,0.0,0.0,0.0,0.0,0.0,0.0,-0.8873031950009028,5.135798437050262,0.0,0.0,0.0,0.0,-0.2581013273443778,0.48379743329812636,0.09247184346193812,-0.5141068457278666,-0.22770271895544447,0.0
10gen,ramp_requirement,10,13,13,0.4,0.16,perfect,independent,0.0,0.0,0,65.0,3,55.0,85.0,0.3529411764705882,0.0,0.0,0.0,0.0,0.0,0.0,1.0,1.0,0.0,0.0,0.0,0.0,0.0,0.0,0.0,0.0,0.0,-1.0414538748281612,4.442651256490317,0.0,0.0,0.0,0.0,-0.2581013273443778,0.3254800275924961,-0.5296206681006128,0.02253913102355985,-0.6306741049911595,0.0
10gen,ramp_requirement,10,13,13,0.4,0.16,perfect,independent,0.0,0.0,0,65.0,4,15.0,230.0,0.1304347826086956,0.0,0.0,0.0,0.0,1.0,1.0,0.0,0.0,1.0,1.0,0.0,0.0,0.0,0.0,0.0,0.0,0.0,-2.0368819272610406,5.438079308923196,0.0,0.0,0.0,0.0,-0.2581013273443778,-0.6968546582122065,0.36376583708222676,-0.8360944317787224,2.014593925307639,0.0
10gen,ramp_requirement,10,13,13,0.4,0.16,perfect,independent,0.0,0.0,0,65.0,5,20.0,613.0,0.2446982055464926,0.0,0.0,0.0,0.0,0.3514230442968299,0.3514230442968299,0.64857695570317,0.64857695570317,0.1840277777777778,0.1840277777777778,0.0,0.0,0.0,0.0,0.0,0.0,0.0,-1.4077296418399559,6.418364935936212,0.0,0.0,0.0,0.0,-0.2581013273443778,-0.0506962518188466,1.2435621701850452,-0.7287652364284372,0.2989340391975232,0.0
10gen,ramp_requirement,10,13,13,0.4,0.16,perfect,independent,0.0,0.0,0,65.0,6,19.5,686.0,0.0583090379008746,0.0,0.0,0.0,0.0,0.9129228978588536,0.9129228978588536,0.0870771021411463,0.0870771021411463,0.5763888888888888,0.5763888888888888,0.0,0.0,0.0,0.0,0.0,0.0,0.0,-2.8419981736119495,6.530877627725885,0.0,0.0,0.0,0.0,-0.2581013273443778,-1.523733369072044,1.344541161344698,-0.7394981559634657,1.7842516508426016,0.0
10gen,ramp_requirement,10,13,13,0.4,0.16,perfect,independent,0.0,0.0,0,65.0,7,48.0,45.0,0.8888888888888888,0.0,0.0,0.0,0.0,0.0519524524520235,0.0519524524520235,0.9480475475479764,0.9480475475479764,0.0138888888888888,0.0138888888888888,0.0,0.0,0.0,0.0,0.0,0.0,0.0,-0.11778303565638351,3.8066624897703196,0.0,0.0,0.0,0.0,-0.2581013273443778,1.2741178872989047,-1.1004140873204662,-0.12772174246683957,-0.49324594342420325,0.0
10gen,ramp_requirement,10,13,13,0.4,0.16,perfect,independent,0.0,0.0,0,65.0,8,60.0,50.0,0.4,0.0,0.0,0.0,0.0,0.0,0.0,1.0,1.0,0.0,0.0,0.0,0.0,0.0,0.0,0.0,0.0,0.0,-0.916290731874155,3.912023005428146,0.0,0.0,0.0,0.0,-0.2581013273443778,0.4540263570971502,-1.005854101153958,0.12986832637384513,-0.6306741049911595,0.0
10gen,ramp_requirement,10,13,13,0.4,0.16,perfect,independent,0.0,0.0,0,65.0,9,57.0,260.0,0.0769230769230769,0.0,0.0,0.0,0.0,0.0,0.0,1.0,1.0,0.0,0.0,0.0,0.0,0.0,0.0,0.0,0.0,0.0,-2.564949357461537,5.560681631015528,0.0,0.0,0.0,0.0,-0.2581013273443778,-1.2391958641067669,0.47380016833667465,0.06547080916367397,-0.6306741049911595,0.0
10gen,ramp_requirement,10,13,13,0.4,0.16,perfect,independent,0.0,0.0,0,65.0,10,50.0,400.0,0.125,0.0,0.0,0.0,0.0,0.0001936690076398,0.0001936690076398,0.9998063309923602,0.9998063309923602,0.0,0.0,0.0,0.0,0.0,0.0,0.0,0.0,0.0,-2.0794415416798357,5.991464547107982,0.0,0.0,0.0,0.0,-0.2581013273443778,-0.7405646681204737,0.8604234335336947,-0.08479006432672544,-0.6301617985567902,0.0
10gen,ramp_requirement,10,14,13,0.4,0.16,perfect,independent,0.0,0.0,0,65.0,1,185.0,22.0,1.3636363636363635,0.0,0.0,0.0,0.0,0.0,0.0,1.0,1.0,0.0,0.0,0.0,0.0,0.0,0.0,0.0,0.0,0.0,0.31015492830383945,3.091042453358316,0.0,0.0,0.0,0.0,-0.2581013273443778,1.7136231060436602,-1.742675757369237,2.8130982101309776,-0.6306741049911595,0.0
10gen,ramp_requirement,10,14,13,0.4,0.16,perfect,independent,0.0,0.0,0,65.0,2,30.0,170.0,0.4117647058823529,0.0,0.0,0.0,0.0,0.0170627871625076,0.0170627871625076,0.9829372128374924,0.9829372128374924,0.0,0.0,0.0,0.0,0.0,0.0,0.0,0.0,0.0,-0.8873031950009028,5.135798437050262,0.0,0.0,0.0,0.0,-0.2581013273443778,0.48379743329812636,0.09247184346193812,-0.5141068457278666,-0.5855384596023854,0.0
10gen,ramp_requirement,10,14,13,0.4,0.16,perfect,independent,0.0,0.0,0,65.0,3,55.0,85.0,0.3529411764705882,0.0,0.0,0.0,0.0,0.0,0.0,1.0,1.0,0.0,0.0,0.0,0.0,0.0,0.0,0.0,0.0,0.0,-1.0414538748281612,4.442651256490317,0.0,0.0,0.0,0.0,-0.2581013273443778,0.3254800275924961,-0.5296206681006128,0.02253913102355985,-0.6306741049911595,0.0
10gen,ramp_requirement,10,14,13,0.4,0.16,perfect,independent,0.0,0.0,0,65.0,4,15.0,230.0,0.1304347826086956,0.0,0.0,0.0,0.0,1.0,1.0,0.0,0.0,1.0,1.0,0.0,0.0,0.0,0.0,0.0,0.0,0.0,-2.0368819272610406,5.438079308923196,0.0,0.0,0.0,0.0,-0.2581013273443778,-0.6968546582122065,0.36376583708222676,-0.8360944317787224,2.014593925307639,0.0
10gen,ramp_requirement,10,14,13,0.4,0.16,perfect,independent,0.0,0.0,0,65.0,5,20.0,613.0,0.2446982055464926,0.0,0.0,0.0,0.0,0.3864102350327926,0.3864102350327926,0.6135897649672075,0.6135897649672075,0.1180555555555555,0.1180555555555555,0.0,0.0,0.0,0.0,0.0,0.0,0.0,-1.4077296418399559,6.418364935936212,0.0,0.0,0.0,0.0,-0.2581013273443778,-0.0506962518188466,1.2435621701850452,-0.7287652364284372,0.39148453632133157,0.0
10gen,ramp_requirement,10,14,13,0.4,0.16,perfect,independent,0.0,0.0,0,65.0,6,19.5,686.0,0.0583090379008746,0.0,0.0,0.0,0.0,0.9187024083196385,0.9187024083196385,0.0812975916803617,0.0812975916803617,0.6944444444444444,0.6944444444444444,0.0,0.0,0.0,0.0,0.0,0.0,0.0,-2.8419981736119495,6.530877627725885,0.0,0.0,0.0,0.0,-0.2581013273443778,-1.523733369072044,1.344541161344698,-0.7394981559634657,1.799540005095293,0.0
10gen,ramp_requirement,10,14,13,0.4,0.16,perfect,independent,0.0,0.0,0,65.0,7,48.0,45.0,0.8888888888888888,0.0,0.0,0.0,0.0,0.0,0.0,1.0,1.0,0.0,0.0,0.0,0.0,0.0,0.0,0.0,0.0,0.0,-0.11778303565638351,3.8066624897703196,0.0,0.0,0.0,0.0,-0.2581013273443778,1.2741178872989047,-1.1004140873204662,-0.12772174246683957,-0.6306741049911595,0.0
10gen,ramp_requirement,10,14,13,0.4,0.16,perfect,independent,0.0,0.0,0,65.0,8,60.0,50.0,0.4,0.0,0.0,0.0,0.0,0.0,0.0,1.0,1.0,0.0,0.0,0.0,0.0,0.0,0.0,0.0,0.0,0.0,-0.916290731874155,3.912023005428146,0.0,0.0,0.0,0.0,-0.2581013273443778,0.4540263570971502,-1.005854101153958,0.12986832637384513,-0.6306741049911595,0.0
10gen,ramp_requirement,10,14,13,0.4,0.16,perfect,independent,0.0,0.0,0,65.0,9,57.0,260.0,0.0769230769230769,0.0,0.0,0.0,0.0,0.0,0.0,1.0,1.0,0.0,0.0,0.0,0.0,0.0,0.0,0.0,0.0,0.0,-2.564949357461537,5.560681631015528,0.0,0.0,0.0,0.0,-0.2581013273443778,-1.2391958641067669,0.47380016833667465,0.06547080916367397,-0.6306741049911595,0.0
10gen,ramp_requirement,10,14,13,0.4,0.16,perfect,independent,0.0,0.0,0,65.0,10,50.0,400.0,0.125,0.0,0.0,0.0,0.0,0.0,0.0,1.0,1.0,0.0,0.0,0.0,0.0,0.0,0.0,0.0,0.0,0.0,-2.0794415416798357,5.991464547107982,0.0,0.0,0.0,0.0,-0.2581013273443778,-0.7405646681204737,0.8604234335336947,-0.08479006432672544,-0.6306741049911595,0.0
10gen,ramp_requirement,10,15,13,0.4,0.16,perfect,independent,0.0,0.0,0,65.0,1,185.0,22.0,1.3636363636363635,0.0,0.0,0.0,0.0,0.0,0.0,1.0,1.0,0.0,0.0,0.0,0.0,0.0,0.0,0.0,0.0,0.0,0.31015492830383945,3.091042453358316,0.0,0.0,0.0,0.0,-0.2581013273443778,1.7136231060436602,-1.742675757369237,2.8130982101309776,-0.6306741049911595,0.0
10gen,ramp_requirement,10,15,13,0.4,0.16,perfect,independent,0.0,0.0,0,65.0,2,30.0,170.0,0.4117647058823529,0.0,0.0,0.0,0.0,0.0694562147843005,0.0694562147843005,0.9305437852156994,0.9305437852156994,0.0,0.0,0.0,0.0,0.0,0.0,0.0,0.0,0.0,-0.8873031950009028,5.135798437050262,0.0,0.0,0.0,0.0,-0.2581013273443778,0.48379743329812636,0.09247184346193812,-0.5141068457278666,-0.4469438005166826,0.0
10gen,ramp_requirement,10,15,13,0.4,0.16,perfect,independent,0.0,0.0,0,65.0,3,55.0,85.0,0.3529411764705882,0.0,0.0,0.0,0.0,0.0,0.0,1.0,1.0,0.0,0.0,0.0,0.0,0.0,0.0,0.0,0.0,0.0,-1.0414538748281612,4.442651256490317,0.0,0.0,0.0,0.0,-0.2581013273443778,0.3254800275924961,-0.5296206681006128,0.02253913102355985,-0.6306741049911595,0.0
10gen,ramp_requirement,10,15,13,0.4,0.16,perfect,independent,0.0,0.0,0,65.0,4,15.0,230.0,0.1304347826086956,0.0,0.0,0.0,0.0,1.0,1.0,0.0,0.0,1.0,1.0,0.0,0.0,0.0,0.0,0.0,0.0,0.0,-2.0368819272610406,5.438079308923196,0.0,0.0,0.0,0.0,-0.2581013273443778,-0.6968546582122065,0.36376583708222676,-0.8360944317787224,2.014593925307639,0.0
10gen,ramp_requirement,10,15,13,0.4,0.16,perfect,independent,0.0,0.0,0,65.0,5,20.0,613.0,0.2446982055464926,0.0,0.0,0.0,0.0,0.3802523924499663,0.3802523924499663,0.6197476075500337,0.6197476075500337,0.1527777777777778,0.1527777777777778,0.0,0.0,0.0,0.0,0.0,0.0,0.0,-1.4077296418399559,6.418364935936212,0.0,0.0,0.0,0.0,-0.2581013273443778,-0.0506962518188466,1.2435621701850452,-0.7287652364284372,0.37519539220136855,0.0
10gen,ramp_requirement,10,15,13,0.4,0.16,perfect,independent,0.0,0.0,0,65.0,6,19.5,686.0,0.0583090379008746,0.0,0.0,0.0,0.0,0.9112211762606988,0.9112211762606988,0.0887788237393009,0.0887788237393009,0.6944444444444444,0.6944444444444444,0.0,0.0,0.0,0.0,0.0,0.0,0.0,-2.8419981736119495,6.530877627725885,0.0,0.0,0.0,0.0,-0.2581013273443778,-1.523733369072044,1.344541161344698,-0.7394981559634657,1.7797501411025334,0.0
10gen,ramp_requirement,10,15,13,0.4,0.16,perfect,independent,0.0,0.0,0,65.0,7,48.0,45.0,0.8888888888888888,0.0,0.0,0.0,0.0,0.0,0.0,1.0,1.0,0.0,0.0,0.0,0.0,0.0,0.0,0.0,0.0,0.0,-0.11778303565638351,3.8066624897703196,0.0,0.0,0.0,0.0,-0.2581013273443778,1.2741178872989047,-1.1004140873204662,-0.12772174246683957,-0.6306741049911595,0.0
10gen,ramp_requirement,10,15,13,0.4,0.16,perfect,independent,0.0,0.0,0,65.0,8,60.0,50.0,0.4,0.0,0.0,0.0,0.0,0.0,0.0,1.0,1.0,0.0,0.0,0.0,0.0,0.0,0.0,0.0,0.0,0.0,-0.916290731874155,3.912023005428146,0.0,0.0,0.0,0.0,-0.2581013273443778,0.4540263570971502,-1.005854101153958,0.12986832637384513,-0.6306741049911595,0.0
10gen,ramp_requirement,10,15,13,0.4,0.16,perfect,independent,0.0,0.0,0,65.0,9,57.0,260.0,0.0769230769230769,0.0,0.0,0.0,0.0,0.0,0.0,1.0,1.0,0.0,0.0,0.0,0.0,0.0,0.0,0.0,0.0,0.0,-2.564949357461537,5.560681631015528,0.0,0.0,0.0,0.0,-0.2581013273443778,-1.2391958641067669,0.47380016833667465,0.06547080916367397,-0.6306741049911595,0.0
10gen,ramp_requirement,10,15,13,0.4,0.16,perfect,independent,0.0,0.0,0,65.0,10,50.0,400.0,0.125,0.0,0.0,0.0,0.0,0.0,0.0,1.0,1.0,0.0,0.0,0.0,0.0,0.0,0.0,0.0,0.0,0.0,-2.0794415416798357,5.991464547107982,0.0,0.0,0.0,0.0,-0.2581013273443778,-0.7405646681204737,0.8604234335336947,-0.08479006432672544,-0.6306741049911595,0.0
10gen,ramp_requirement,10,16,13,0.4,0.16,perfect,independent,0.0,0.0,0,65.0,1,185.0,22.0,1.3636363636363635,0.0,0.0,0.0,0.0,0.0,0.0,1.0,1.0,0.0,0.0,0.0,0.0,0.0,0.0,0.0,0.0,0.0,0.31015492830383945,3.091042453358316,0.0,0.0,0.0,0.0,-0.2581013273443778,1.7136231060436602,-1.742675757369237,2.8130982101309776,-0.6306741049911595,0.0
10gen,ramp_requirement,10,16,13,0.4,0.16,perfect,independent,0.0,0.0,0,65.0,2,30.0,170.0,0.4117647058823529,0.0,0.0,0.0,0.0,0.0,0.0,1.0,1.0,0.0,0.0,0.0,0.0,0.0,0.0,0.0,0.0,0.0,-0.8873031950009028,5.135798437050262,0.0,0.0,0.0,0.0,-0.2581013273443778,0.48379743329812636,0.09247184346193812,-0.5141068457278666,-0.6306741049911595,0.0
10gen,ramp_requirement,10,16,13,0.4,0.16,perfect,independent,0.0,0.0,0,65.0,3,55.0,85.0,0.3529411764705882,0.0,0.0,0.0,0.0,0.0,0.0,1.0,1.0,0.0,0.0,0.0,0.0,0.0,0.0,0.0,0.0,0.0,-1.0414538748281612,4.442651256490317,0.0,0.0,0.0,0.0,-0.2581013273443778,0.3254800275924961,-0.5296206681006128,0.02253913102355985,-0.6306741049911595,0.0
10gen,ramp_requirement,10,16,13,0.4,0.16,perfect,independent,0.0,0.0,0,65.0,4,15.0,230.0,0.1304347826086956,0.0,0.0,0.0,0.0,1.0,1.0,0.0,0.0,1.0,1.0,0.0,0.0,0.0,0.0,0.0,0.0,0.0,-2.0368819272610406,5.438079308923196,0.0,0.0,0.0,0.0,-0.2581013273443778,-0.6968546582122065,0.36376583708222676,-0.8360944317787224,2.014593925307639,0.0
10gen,ramp_requirement,10,16,13,0.4,0.16,perfect,independent,0.0,0.0,0,65.0,5,20.0,613.0,0.2446982055464926,0.0,0.0,0.0,0.0,0.3381913895477746,0.3381913895477746,0.6618086104522253,0.6618086104522253,0.0,0.0,0.0,0.0,0.0,0.0,0.0,0.0,0.0,-1.4077296418399559,6.418364935936212,0.0,0.0,0.0,0.0,-0.2581013273443778,-0.0506962518188466,1.2435621701850452,-0.7287652364284372,0.26393276590189596,0.0
10gen,ramp_requirement,10,16,13,0.4,0.16,perfect,independent,0.0,0.0,0,65.0,6,19.5,686.0,0.0583090379008746,0.0138888888888888,0.0138888888888888,0.2381944444444444,0.2381944444444444,0.966018481351624,0.966018481351624,0.033981518648376,0.033981518648376,0.8055555555555556,0.8055555555555556,23.302738599682925,23.302738599682925,0.0,0.0,-23.302738599682925,0.0,0.0,-2.8419981736119495,6.530877627725885,0.03396900670507715,0.03396900670507715,0.03340480146396338,0.03340480146396338,2.8840017881523874,-1.523733369072044,1.344541161344698,-0.7394981559634657,1.9247037004060878,0.0
10gen,ramp_requirement,10,16,13,0.4,0.16,perfect,independent,0.0,0.0,0,65.0,7,48.0,45.0,0.8888888888888888,0.0,0.0,0.0,0.0,0.0,0.0,1.0,1.0,0.0,0.0,0.0,0.0,0.0,0.0,0.0,0.0,0.0,-0.11778303565638351,3.8066624897703196,0.0,0.0,0.0,0.0,-0.2581013273443778,1.2741178872989047,-1.1004140873204662,-0.12772174246683957,-0.6306741049911595,0.0
10gen,ramp_requirement,10,16,13,0.4,0.16,perfect,independent,0.0,0.0,0,65.0,8,60.0,50.0,0.4,0.0,0.0,0.0,0.0,0.0,0.0,1.0,1.0,0.0,0.0,0.0,0.0,0.0,0.0,0.0,0.0,0.0,-0.916290731874155,3.912023005428146,0.0,0.0,0.0,0.0,-0.2581013273443778,0.4540263570971502,-1.005854101153958,0.12986832637384513,-0.6306741049911595,0.0
10gen,ramp_requirement,10,16,13,0.4,0.16,perfect,independent,0.0,0.0,0,65.0,9,57.0,260.0,0.0769230769230769,0.0,0.0,0.0,0.0,0.0,0.0,1.0,1.0,0.0,0.0,0.0,0.0,0.0,0.0,0.0,0.0,0.0,-2.564949357461537,5.560681631015528,0.0,0.0,0.0,0.0,-0.2581013273443778,-1.2391958641067669,0.47380016833667465,0.06547080916367397,-0.6306741049911595,0.0
10gen,ramp_requirement,10,16,13,0.4,0.16,perfect,independent,0.0,0.0,0,65.0,10,50.0,400.0,0.125,0.0,0.0,0.0,0.0,0.0,0.0,1.0,1.0,0.0,0.0,0.0,0.0,0.0,0.0,0.0,0.0,0.0,-2.0794415416798357,5.991464547107982,0.0,0.0,0.0,0.0,-0.2581013273443778,-0.7405646681204737,0.8604234335336947,-0.08479006432672544,-0.6306741049911595,0.0
10gen,ramp_requirement,10,17,13,0.4,0.16,perfect,independent,0.0,0.0,0,65.0,1,185.0,22.0,1.3636363636363635,0.0,0.0,0.0,0.0,0.0,0.0,1.0,1.0,0.0,0.0,0.0,0.0,0.0,0.0,0.0,0.0,0.0,0.31015492830383945,3.091042453358316,0.0,0.0,0.0,0.0,-0.2581013273443778,1.7136231060436602,-1.742675757369237,2.8130982101309776,-0.6306741049911595,0.0
10gen,ramp_requirement,10,17,13,0.4,0.16,perfect,independent,0.0,0.0,0,65.0,2,30.0,170.0,0.4117647058823529,0.0,0.0,0.0,0.0,0.0356940312015249,0.0356940312015249,0.9643059687984752,0.9643059687984752,0.0,0.0,0.0,0.0,0.0,0.0,0.0,0.0,0.0,-0.8873031950009028,5.135798437050262,0.0,0.0,0.0,0.0,-0.2581013273443778,0.48379743329812636,0.09247184346193812,-0.5141068457278666,-0.5362538253812779,0.0
10gen,ramp_requirement,10,17,13,0.4,0.16,perfect,independent,0.0,0.0,0,65.0,3,55.0,85.0,0.3529411764705882,0.0,0.0,0.0,0.0,0.0,0.0,1.0,1.0,0.0,0.0,0.0,0.0,0.0,0.0,0.0,0.0,0.0,-1.0414538748281612,4.442651256490317,0.0,0.0,0.0,0.0,-0.2581013273443778,0.3254800275924961,-0.5296206681006128,0.02253913102355985,-0.6306741049911595,0.0
10gen,ramp_requirement,10,17,13,0.4,0.16,perfect,independent,0.0,0.0,0,65.0,4,15.0,230.0,0.1304347826086956,0.0,0.0,0.0,0.0,0.99999936821631,1.0,6.317836900997692e-07,0.0,0.9965277777777778,0.9965277777777778,0.0,0.0,0.0,0.0,0.0,0.0,0.0,-2.0368819272610406,5.438079308923196,0.0,0.0,0.0,0.0,-0.2581013273443778,-0.6968546582122065,0.36376583708222676,-0.8360944317787224,2.0145922540704415,0.0
10gen,ramp_requirement,10,17,13,0.4,0.16,perfect,independent,0.0,0.0,0,65.0,5,20.0,613.0,0.2446982055464926,0.0,0.0,0.0,0.0,0.3351407535750993,0.3351409906228133,0.6648592464249007,0.6648590093771867,0.0972222222222222,0.0972222222222222,0.0,0.0,0.0,0.0,0.0,0.0,0.0,-1.4077296418399559,6.418364935936212,0.0,0.0,0.0,0.0,-0.2581013273443778,-0.0506962518188466,1.2435621701850452,-0.7287652364284372,0.2558630160912985,0.0
10gen,ramp_requirement,10,17,13,0.4,0.16,perfect,independent,0.0,0.0,0,65.0,6,19.5,686.0,0.0583090379008746,0.0069444444444444,0.0069444444444444,0.1190972222222222,0.1190972222222222,0.9598992391610106,0.9598988155159708,0.0401007608389892,0.0401011844840293,0.7291666666666666,0.7326388888888888,172.3308033820722,172.3308033820722,150.14269293026882,0.0,-22.188110451803368,0.0,0.0,-2.8419981736119495,6.530877627725885,0.2512110836473356,0.03234418433207488,0.22411194918346528,0.0318321234063081,1.3129502304040048,-1.523733369072044,1.344541161344698,-0.7394981559634657,1.9085166646696023,0.0
10gen,ramp_requirement,10,17,13,0.4,0.16,perfect,independent,0.0,0.0,0,65.0,7,48.0,45.0,0.8888888888888888,0.0,0.0,0.0,0.0,0.0,0.0,1.0,1.0,0.0,0.0,0.0,0.0,0.0,0.0,0.0,0.0,0.0,-0.11778303565638351,3.8066624897703196,0.0,0.0,0.0,0.0,-0.2581013273443778,1.2741178872989047,-1.1004140873204662,-0.12772174246683957,-0.6306741049911595,0.0
10gen,ramp_requirement,10,17,13,0.4,0.16,perfect,independent,0.0,0.0,0,65.0,8,60.0,50.0,0.4,0.0,0.0,0.0,0.0,0.0,0.0,1.0,1.0,0.0,0.0,0.0,0.0,0.0,0.0,0.0,0.0,0.0,-0.916290731874155,3.912023005428146,0.0,0.0,0.0,0.0,-0.2581013273443778,0.4540263570971502,-1.005854101153958,0.12986832637384513,-0.6306741049911595,0.0
10gen,ramp_requirement,10,17,13,0.4,0.16,perfect,independent,0.0,0.0,0,65.0,9,57.0,260.0,0.0769230769230769,0.0,0.0,0.0,0.0,0.0,0.0,1.0,1.0,0.0,0.0,0.0,0.0,0.0,0.0,0.0,0.0,0.0,-2.564949357461537,5.560681631015528,0.0,0.0,0.0,0.0,-0.2581013273443778,-1.2391958641067669,0.47380016833667465,0.06547080916367397,-0.6306741049911595,0.0
10gen,ramp_requirement,10,17,13,0.4,0.16,perfect,independent,0.0,0.0,0,65.0,10,50.0,400.0,0.125,0.0,0.0,0.0,0.0,0.0,0.0,1.0,1.0,0.0,0.0,0.0,0.0,0.0,0.0,0.0,0.0,0.0,-2.0794415416798357,5.991464547107982,0.0,0.0,0.0,0.0,-0.2581013273443778,-0.7405646681204737,0.8604234335336947,-0.08479006432672544,-0.6306741049911595,0.0
RTS93,external93,1,13,13,0.3,0.16,perfect,independent,0.0,0.0,0,65.0,101_CT_1,109.6984653,20.0,0.225,0.0,0.0,0.0,0.0,0.0,0.0,1.0,1.0,0.0,0.0,0.0,0.0,0.0,0.0,0.0,0.0,0.0,-1.491654876777717,2.995732273553991,0.0,0.0,0.0,0.0,-0.5122644716099094,0.33897374315264334,-1.1850056360038916,1.763036704718879,-0.7372826231352724,1.0
RTS93,external93,1,13,13,0.3,0.16,perfect,independent,0.0,0.0,0,65.0,101_CT_2,109.6984653,20.0,0.225,0.0,0.0,0.0,0.0,0.0,0.0,1.0,1.0,0.0,0.0,0.0,0.0,0.0,0.0,0.0,0.0,0.0,-1.491654876777717,2.995732273553991,0.0,0.0,0.0,0.0,-0.5122644716099094,0.33897374315264334,-1.1850056360038916,1.763036704718879,-0.7372826231352724,1.0
RTS93,external93,1,13,13,0.3,0.16,perfect,independent,0.0,0.0,0,65.0,101_STEAM_3,19.3218686,76.0,0.0394736842105263,0.5659722222222222,0.5590277777777778,14.337962962962964,14.162037037037038,0.6189198207876465,0.6220800862847216,0.3810801792123535,0.3779199137152785,0.5138888888888888,0.5694444444444444,3229.9393701457047,3229.9393701457047,650.5487072121355,0.0,-2579.3906629335693,0.0,0.0,-3.232121051618222,4.330733340286331,42.499202238759274,33.93935082807328,3.7727425985876035,3.553613724913195,2.421679846944777,-0.8504180096263427,0.24025874095513047,-0.5440013926024746,0.7226448030991925,1.0
RTS93,external93,1,13,13,0.3,0.16,perfect,independent,0.0,0.0,0,65.0,101_STEAM_4,19.3218686,76.0,0.0394736842105263,0.5381944444444444,0.5763888888888888,13.63425925925926,14.601851851851851,0.6539380055829693,0.616334322199378,0.3460619944170308,0.383665677800622,0.5138888888888888,0.5694444444444444,3775.667741771166,3775.667741771166,649.1007576411225,0.0,-3126.566984130044,0.0,0.0,-3.232121051618222,4.330733340286331,49.679838707515344,41.139039264869,3.925528172881089,3.7409746094656753,2.277682579776449,-0.8504180096263427,0.24025874095513047,-0.5440013926024746,0.8052467923755697,1.0
RTS93,external93,1,13,13,0.3,0.16,perfect,independent,0.0,0.0,0,65.0,102_CT_1,108.68163675,20.0,0.225,0.0,0.0,0.0,0.0,0.0,0.0,1.0,1.0,0.0,0.0,0.0,0.0,0.0,0.0,0.0,0.0,0.0,-1.491654876777717,2.995732273553991,0.0,0.0,0.0,0.0,-0.5122644716099094,0.33897374315264334,-1.1850056360038916,1.7370801818030965,-0.7372826231352724,1.0
RTS93,external93,1,13,13,0.3,0.16,perfect,independent,0.0,0.0,0,65.0,102_CT_2,108.68163675,20.0,0.225,0.0,0.0,0.0,0.0,0.0,0.0,1.0,1.0,0.0,0.0,0.0,0.0,0.0,0.0,0.0,0.0,0.0,-1.491654876777717,2.995732273553991,0.0,0.0,0.0,0.0,-0.5122644716099094,0.33897374315264334,-1.1850056360038916,1.7370801818030965,-0.7372826231352724,1.0
RTS93,external93,1,13,13,0.3,0.16,perfect,independent,0.0,0.0,0,65.0,102_STEAM_3,21.582252407499997,76.0,0.0394736842105263,0.5486111111111112,0.5868055555555556,13.89814814814815,14.865740740740742,0.4269708809393274,0.4055355026955411,0.5730291190606727,0.5944644973044588,0.3819444444444444,0.4444444444444444,2113.874125647916,2113.874125647916,282.4236696817069,0.0,-1831.4504559662091,0.0,0.0,-3.232121051618222,4.330733340286331,27.81413323220942,24.098032315344856,3.360866003999259,3.222789449253821,2.331681554964572,-0.8504180096263427,0.24025874095513047,-0.48630070737108666,0.26986964174700984,1.0
RTS93,external93,1,13,13,0.3,0.16,perfect,independent,0.0,0.0,0,65.0,102_STEAM_4,21.582252407499997,76.0,0.0394736842105263,0.5347222222222222,0.5555555555555556,13.546296296296298,14.074074074074076,0.4402618518137775,0.4092418672788731,0.5597381481862225,0.590758132721127,0.3819444444444444,0.4444444444444444,2329.6102720422414,2329.6102720422414,280.2874602498571,0.0,-2049.3228117923845,0.0,0.0,-3.232121051618222,4.330733340286331,30.65276673739791,26.964773839373482,3.4548255614330126,3.3309456409665232,2.2596829213804077,-0.8504180096263427,0.24025874095513047,-0.48630070737108666,0.30122079944010094,1.0
RTS93,external93,1,13,13,0.3,0.16,perfect,independent,0.0,0.0,0,65.0,107_CC_1,27.15028809,355.0,0.0174929577464788,0.1354166666666666,0.1736111111111111,7.741210413311863,9.92462873501521,0.0115118369092332,0.0122969334213614,0.9884881630907668,0.9877030665786384,0.0659722222222222,0.1284722222222222,123.7657712441709,123.7657712441709,36.36927111071249,0.0,-87.39650013345842,0.0,0.0,-4.0459568935300325,5.872117789475416,0.3486359753356927,0.24618732431960116,0.29909369302341726,0.22008874961068045,0.18972220583569013,-1.4065733963143685,1.8858606819371508,-0.344165786209885,-0.7101281422709504,1.0
RTS93,external93,1,13,13,0.3,0.16,perfect,independent,0.0,0.0,0,65.0,113_CT_1,34.424248515,55.0,0.1009090909090909,0.0,0.0,0.0,0.0,0.0,0.0,1.0,1.0,0.0,0.0,0.0,0.0,0.0,0.0,0.0,0.0,0.0,-2.2935352574741277,4.007333185232471,0.0,0.0,0.0,0.0,-0.5122644716099094,-0.20901157555255098,-0.10500744046411228,-0.15848382393609617,-0.7372826231352724,1.0
RTS93,external93,1,13,13,0.3,0.16,perfect,independent,0.0,0.0,0,65.0,113_CT_2,34.424248515,55.0,0.1009090909090909,0.0,0.0,0.0,0.0,0.0,0.0,1.0,1.0,0.0,0.0,0.0,0.0,0.0,0.0,0.0,0.0,0.0,-2.2935352574741277,4.007333185232471,0.0,0.0,0.0,0.0,-0.5122644716099094,-0.20901157555255098,-0.10500744046411228,-0.15848382393609617,-0.7372826231352724,1.0
RTS93,external93,1,13,13,0.3,0.16,perfect,independent,0.0,0.0,0,65.0,113_CT_3,34.424248515,55.0,0.1009090909090909,0.0,0.0,0.0,0.0,0.0,0.0,1.0,1.0,0.0,0.0,0.0,0.0,0.0,0.0,0.0,0.0,0.0,-2.2935352574741277,4.007333185232471,0.0,0.0,0.0,0.0,-0.5122644716099094,-0.20901157555255098,-0.10500744046411228,-0.15848382393609617,-0.7372826231352724,1.0
RTS93,external93,1,13,13,0.3,0.16,perfect,independent,0.0,0.0,0,65.0,113_CT_4,34.424248515,55.0,0.1009090909090909,0.0,0.0,0.0,0.0,0.0,0.0,1.0,1.0,0.0,0.0,0.0,0.0,0.0,0.0,0.0,0.0,0.0,-2.2935352574741277,4.007333185232471,0.0,0.0,0.0,0.0,-0.5122644716099094,-0.20901157555255098,-0.10500744046411228,-0.15848382393609617,-0.7372826231352724,1.0
RTS93,external93,1,13,13,0.3,0.16,perfect,independent,0.0,0.0,0,65.0,115_STEAM_1,140.6638701,12.0,0.125,0.0,0.0,0.0,0.0,0.0,0.0,1.0,1.0,0.0,0.0,0.0,0.0,0.0,0.0,0.0,0.0,0.0,-2.0794415416798357,2.4849066497880004,0.0,0.0,0.0,0.0,-0.5122644716099094,-0.06270519880789859,-1.7303696679395384,2.553488781706389,-0.7372826231352724,1.0
RTS93,external93,1,13,13,0.3,0.16,perfect,independent,0.0,0.0,0,65.0,115_STEAM_2,140.6638701,12.0,0.125,0.0,0.0,0.0,0.0,0.0,0.0,1.0,1.0,0.0,0.0,0.0,0.0,0.0,0.0,0.0,0.0,0.0,-2.0794415416798357,2.4849066497880004,0.0,0.0,0.0,0.0,-0.5122644716099094,-0.06270519880789859,-1.7303696679395384,2.553488781706389,-0.7372826231352724,1.0
RTS93,external93,1,13,13,0.3,0.16,perfect,independent,0.0,0.0,0,65.0,115_STEAM_3,23.535050669999997,155.0,0.0290322580645161,0.4305555555555556,0.4409722222222222,14.830246913580249,15.189043209876544,0.1669059901209675,0.1576282326635308,0.8330940098790324,0.8423717673364691,0.2152777777777778,0.3055555555555556,2033.5226763529772,2033.5226763529772,488.0443175332253,0.0,-1545.478358819752,0.0,0.0,-3.5393477201429735,5.043425116919247,13.119501137761143,9.970828121417755,2.6475569012540823,2.3952397610840426,1.7196931694991775,-1.0603691543594995,1.0011376842752469,-0.43645174035449125,-0.3435795546662092,1.0
RTS93,external93,1,13,13,0.3,0.16,perfect,independent,0.0,0.0,0,65.0,116_STEAM_1,23.254946994999997,155.0,0.0290322580645161,0.46875,0.4826388888888889,16.145833333333332,16.624228395061728,0.1864216137992839,0.1657578022267034,0.813578386200716,0.8342421977732967,0.2361111111111111,0.3333333333333333,2207.293592404948,2207.293592404948,451.03751766302696,0.0,-1756.256074741921,0.0,0.0,-3.5393477201429735,5.043425116919247,14.240603821967406,11.330684353173684,2.7239631703376177,2.5120908187320135,1.9176894118556287,-1.0603691543594995,1.0011376842752469,-0.4436019304813642,-0.29754549130112534,1.0
RTS93,external93,1,13,13,0.3,0.16,perfect,independent,0.0,0.0,0,65.0,118_CC_1,27.75086358,355.0,0.0174929577464788,0.0659722222222222,0.1284722222222222,3.77135891930578,7.344225263911254,0.0053387814456181,0.0082208010700312,0.9946612185543818,0.9917791989299688,0.0381944444444444,0.0972222222222222,50.62733298466245,50.62733298466245,20.11219089664722,0.0,-30.51514208801523,0.0,0.0,-4.0459568935300325,5.872117789475416,0.14261220559059845,0.08595814672680346,0.13331704954645987,0.08246268184350489,-0.1702709620851301,-1.4065733963143685,1.8858606819371508,-0.32883493080772047,-0.7246893385233649,1.0
RTS93,external93,1,13,13,0.3,0.16,perfect,independent,0.0,0.0,0,65.0,123_STEAM_2,24.654408375,155.0,0.0290322580645161,0.21875,0.2777777777777778,7.534722222222222,9.567901234567902,0.048087231642025,0.057135458315412,0.9519127683579752,0.942864541684588,0.1111111111111111,0.1944444444444444,421.6556248250682,421.6556248250682,23.2947151550149,0.0,-398.3609096700533,0.0,0.0,-3.5393477201429735,5.043425116919247,2.7203588698391497,2.5700703849680857,1.3138201340189548,1.2725853112745313,0.621714007340675,-1.0603691543594995,1.0011376842752469,-0.40787796169653473,-0.6238529575017827,1.0
RTS93,external93,1,13,13,0.3,0.16,perfect,independent,0.0,0.0,0,65.0,123_STEAM_3,22.665143785,350.0,0.0171428571428571,0.5104166666666666,0.53125,29.774305555555554,30.989583333333332,0.1434776049107135,0.1411416994156741,0.8565223950892865,0.8588583005843259,0.2604166666666667,0.3576388888888889,3554.7107430467904,3554.7107430467904,762.2529609561461,0.0,-2792.4577820906443,0.0,0.0,-4.066173685255407,5.857933154483459,10.156316408705116,7.978450805973269,2.412005831563215,2.194827351392893,2.1336853126081206,-1.4203890542647535,1.8707169824615488,-0.45865780252210037,-0.39884316228069394,1.0
RTS93,external93,1,13,13,0.3,0.16,perfect,independent,0.0,0.0,0,65.0,123_CT_1,34.156030335000004,55.0,0.1009090909090909,0.0,0.0,0.0,0.0,0.0,0.0,1.0,1.0,0.0,0.0,0.0,0.0,0.0,0.0,0.0,0.0,0.0,-2.2935352574741277,4.007333185232471,0.0,0.0,0.0,0.0,-0.5122644716099094,-0.20901157555255098,-0.10500744046411228,-0.16533061372735405,-0.7372826231352724,1.0
RTS93,external93,1,13,13,0.3,0.16,perfect,independent,0.0,0.0,0,65.0,123_CT_4,34.156030335000004,55.0,0.1009090909090909,0.0,0.0,0.0,0.0,0.0,0.0,1.0,1.0,0.0,0.0,0.0,0.0,0.0,0.0,0.0,0.0,0.0,-2.2935352574741277,4.007333185232471,0.0,0.0,0.0,0.0,-0.5122644716099094,-0.20901157555255098,-0.10500744046411228,-0.16533061372735405,-0.7372826231352724,1.0
RTS93,external93,1,13,13,0.3,0.16,perfect,independent,0.0,0.0,0,65.0,123_CT_5,34.156030335000004,55.0,0.1009090909090909,0.0,0.0,0.0,0.0,0.0,0.0,1.0,1.0,0.0,0.0,0.0,0.0,0.0,0.0,0.0,0.0,0.0,-2.2935352574741277,4.007333185232471,0.0,0.0,0.0,0.0,-0.5122644716099094,-0.20901157555255098,-0.10500744046411228,-0.16533061372735405,-0.7372826231352724,1.0
RTS93,external93,1,13,13,0.3,0.16,perfect,independent,0.0,0.0,0,65.0,201_CT_1,105.65443725,20.0,0.225,0.0,0.0,0.0,0.0,0.0,0.0,1.0,1.0,0.0,0.0,0.0,0.0,0.0,0.0,0.0,0.0,0.0,-1.491654876777717,2.995732273553991,0.0,0.0,0.0,0.0,-0.5122644716099094,0.33897374315264334,-1.1850056360038916,1.6598050372446584,-0.7372826231352724,1.0
RTS93,external93,1,13,13,0.3,0.16,perfect,independent,0.0,0.0,0,65.0,201_CT_2,105.65443725,20.0,0.225,0.0,0.0,0.0,0.0,0.0,0.0,1.0,1.0,0.0,0.0,0.0,0.0,0.0,0.0,0.0,0.0,0.0,-1.491654876777717,2.995732273553991,0.0,0.0,0.0,0.0,-0.5122644716099094,0.33897374315264334,-1.1850056360038916,1.6598050372446584,-0.7372826231352724,1.0
RTS93,external93,1,13,13,0.3,0.16,perfect,independent,0.0,0.0,0,65.0,201_STEAM_3,24.7120146025,76.0,0.0394736842105263,0.2152777777777778,0.2673611111111111,5.453703703703704,6.773148148148149,0.0567676796874991,0.0751508049205043,0.9432323203125008,0.9248491950794956,0.1076388888888889,0.1805555555555555,220.03772130200795,220.03772130200795,9.417096058124912,0.0,-210.62062524388304,0.0,0.0,-3.232121051618222,4.330733340286331,2.8952331750264206,2.771324016366882,1.359753542749454,1.327426137779646,0.603714348944634,-0.8504180096263427,0.24025874095513047,-0.4064074508968571,-0.6033772452237959,1.0
RTS93,external93,1,13,13,0.3,0.16,perfect,independent,0.0,0.0,0,65.0,202_CT_1,101.92865324999998,20.0,0.225,0.0,0.0,0.0,0.0,0.0,0.0,1.0,1.0,0.0,0.0,0.0,0.0,0.0,0.0,0.0,0.0,0.0,-1.491654876777717,2.995732273553991,0.0,0.0,0.0,0.0,-0.5122644716099094,0.33897374315264334,-1.1850056360038916,1.564697167018888,-0.7372826231352724,1.0
RTS93,external93,1,13,13,0.3,0.16,perfect,independent,0.0,0.0,0,65.0,202_CT_2,101.92865324999998,20.0,0.225,0.0,0.0,0.0,0.0,0.0,0.0,1.0,1.0,0.0,0.0,0.0,0.0,0.0,0.0,0.0,0.0,0.0,-1.491654876777717,2.995732273553991,0.0,0.0,0.0,0.0,-0.5122644716099094,0.33897374315264334,-1.1850056360038916,1.564697167018888,-0.7372826231352724,1.0
RTS93,external93,1,13,13,0.3,0.16,perfect,independent,0.0,0.0,0,65.0,202_STEAM_3,23.6803874825,76.0,0.0394736842105263,0.2673611111111111,0.3784722222222222,6.773148148148149,9.587962962962964,0.0955144872989764,0.119007418932747,0.9044855127010236,0.880992581067253,0.1284722222222222,0.2083333333333333,508.6936310692828,508.6936310692828,73.26214580863564,0.0,-435.4314852606471,0.0,0.0,-3.232121051618222,4.330733340286331,6.693337250911616,5.72936164816641,2.0403546621889403,1.9064802874738909,0.8737092248852494,-0.8504180096263427,0.24025874095513047,-0.43274173604337784,-0.5119800638586276,1.0
RTS93,external93,1,13,13,0.3,0.16,perfect,independent,0.0,0.0,0,65.0,202_STEAM_4,23.6803874825,76.0,0.0394736842105263,0.3194444444444444,0.4027777777777778,8.092592592592592,10.203703703703704,0.1167317165570178,0.1534183998857815,0.8832682834429821,0.8465816001142183,0.1284722222222222,0.2083333333333333,576.4636978415892,576.4636978415892,153.57193305928956,0.0,-422.8917647822997,0.0,0.0,-3.232121051618222,4.330733340286331,7.585048655810385,5.56436532608289,2.150022161870989,1.8816558276941715,1.1437041008258646,-0.8504180096263427,0.24025874095513047,-0.43274173604337784,-0.4619322000447026,1.0
RTS93,external93,1,13,13,0.3,0.16,perfect,independent,0.0,0.0,0,65.0,207_CT_1,41.098605255,55.0,0.1009090909090909,0.0,0.0,0.0,0.0,0.0,0.0,1.0,1.0,0.0,0.0,0.0,0.0,0.0,0.0,0.0,0.0,0.0,-2.2935352574741277,4.007333185232471,0.0,0.0,0.0,0.0,-0.5122644716099094,-0.20901157555255098,-0.10500744046411228,0.01189209014491675,-0.7372826231352724,1.0
RTS93,external93,1,13,13,0.3,0.16,perfect,independent,0.0,0.0,0,65.0,207_CT_2,41.098605255,55.0,0.1009090909090909,0.0,0.0,0.0,0.0,0.0,0.0,1.0,1.0,0.0,0.0,0.0,0.0,0.0,0.0,0.0,0.0,0.0,-2.2935352574741277,4.007333185232471,0.0,0.0,0.0,0.0,-0.5122644716099094,-0.20901157555255098,-0.10500744046411228,0.01189209014491675,-0.7372826231352724,1.0
RTS93,external93,1,13,13,0.3,0.16,perfect,independent,0.0,0.0,0,65.0,213_CC_3,29.04336423,355.0,0.0174929577464788,0.0243055555555555,0.0729166666666666,1.389448022902129,4.168344068706388,0.000651953804773,0.0024948231514085,0.9993480461952272,0.9975051768485916,0.0138888888888888,0.0486111111111111,1.12532924371508,1.12532924371508,20.310209212702897,0.0,19.18487996898782,0.0,0.0,-4.0459568935300325,5.872117789475416,0.0031699415315917744,-0.05404191540559949,0.003164927859505665,-0.052632217265448554,-0.3862668628376225,-1.4065733963143685,1.8858606819371508,-0.2958413423208615,-0.7357447741146759,1.0
RTS93,external93,1,13,13,0.3,0.16,perfect,independent,0.0,0.0,0,65.0,213_CT_1,34.424248515,55.0,0.1009090909090909,0.0,0.0,0.0,0.0,0.0,0.0,1.0,1.0,0.0,0.0,0.0,0.0,0.0,0.0,0.0,0.0,0.0,-2.2935352574741277,4.007333185232471,0.0,0.0,0.0,0.0,-0.5122644716099094,-0.20901157555255098,-0.10500744046411228,-0.15848382393609617,-0.7372826231352724,1.0
RTS93,external93,1,13,13,0.3,0.16,perfect,independent,0.0,0.0,0,65.0,213_CT_2,34.424248515,55.0,0.1009090909090909,0.0,0.0,0.0,0.0,0.0,0.0,1.0,1.0,0.0,0.0,0.0,0.0,0.0,0.0,0.0,0.0,0.0,-2.2935352574741277,4.007333185232471,0.0,0.0,0.0,0.0,-0.5122644716099094,-0.20901157555255098,-0.10500744046411228,-0.15848382393609617,-0.7372826231352724,1.0
RTS93,external93,1,13,13,0.3,0.16,perfect,independent,0.0,0.0,0,65.0,215_CT_4,35.281380525,55.0,0.1009090909090909,0.0,0.0,0.0,0.0,0.0,0.0,1.0,1.0,0.0,0.0,0.0,0.0,0.0,0.0,0.0,0.0,0.0,-2.2935352574741277,4.007333185232471,0.0,0.0,0.0,0.0,-0.5122644716099094,-0.20901157555255098,-0.10500744046411228,-0.13660386525533708,-0.7372826231352724,1.0
RTS93,external93,1,13,13,0.3,0.16,perfect,independent,0.0,0.0,0,65.0,215_CT_5,35.281380525,55.0,0.1009090909090909,0.0,0.0,0.0,0.0,0.0,0.0,1.0,1.0,0.0,0.0,0.0,0.0,0.0,0.0,0.0,0.0,0.0,-2.2935352574741277,4.007333185232471,0.0,0.0,0.0,0.0,-0.5122644716099094,-0.20901157555255098,-0.10500744046411228,-0.13660386525533708,-0.7372826231352724,1.0
RTS93,external93,1,13,13,0.3,0.16,perfect,independent,0.0,0.0,0,65.0,216_STEAM_1,21.7693405225,155.0,0.0290322580645161,0.6770833333333334,0.6736111111111112,23.32175925925926,23.20216049382716,0.4477197074283147,0.4054022407840493,0.5522802925716852,0.5945977592159507,0.3576388888888889,0.4236111111111111,5316.8133351078395,5316.8133351078395,1026.6137732011052,0.0,-4290.199561906735,0.0,0.0,-3.5393477201429735,5.043425116919247,34.30202151682477,27.678706851011192,3.563940229065147,3.3561549258380095,2.9976689156180902,-1.0603691543594995,1.0011376842752469,-0.4815249200033262,0.31881262246283654,1.0
RTS93,external93,1,13,13,0.3,0.16,perfect,independent,0.0,0.0,0,65.0,218_CC_1,29.15998083,355.0,0.0174929577464788,0.0173611111111111,0.0520833333333333,0.992462873501521,2.9773886205045628,0.0003900294209702,0.0011475584017996,0.9996099705790296,0.9988524415982004,0.0104166666666666,0.03125,0.3945761222222437,0.3945761222222437,12.918027783941636,0.0,12.523451661719392,0.0,0.0,-4.0459568935300325,5.872117789475416,0.0011114820344288554,-0.03527732862456167,0.0011108647955966704,-0.034669341186940934,-0.42226617962970425,-1.4065733963143685,1.8858606819371508,-0.2928644771942277,-0.7363626095412852,1.0
RTS93,external93,1,13,13,0.3,0.16,perfect,independent,0.0,0.0,0,65.0,221_CC_1,28.087108110000003,355.0,0.0174929577464788,0.0347222222222222,0.1076388888888889,1.984925747003042,6.1532698157094305,0.0021088353482002,0.006696431562989,0.9978911646517996,0.9933035684370108,0.0208333333333333,0.0833333333333333,6.429358819485728,6.429358819485728,20.834922505676893,0.0,14.405563686191163,0.0,0.0,-4.0459568935300325,5.872117789475416,0.018110869914044304,-0.04057905263715821,0.017948821740400574,-0.03977733958992167,-0.33226788764949927,-1.4065733963143685,1.8858606819371508,-0.3202516363592594,-0.7323082363749127,1.0
RTS93,external93,1,13,13,0.3,0.16,perfect,independent,0.0,0.0,0,65.0,223_STEAM_1,20.523671915,155.0,0.0290322580645161,0.6805555555555556,0.7152777777777778,23.44135802469136,24.637345679012345,0.5103027015748195,0.5587856392831547,0.4896972984251804,0.4412143607168453,0.4201388888888889,0.5243055555555556,5546.233986585515,5546.233986585515,2182.107038038635,0.0,-3364.1269485468792,0.0,0.0,-3.5393477201429735,5.043425116919247,35.78215475216461,21.70404482933471,3.6050128023477117,3.1225430949283655,3.015668574014131,-1.0603691543594995,1.0011376842752469,-0.5133230296807593,0.4664353459588765,1.0
RTS93,external93,1,13,13,0.3,0.16,perfect,independent,0.0,0.0,0,65.0,223_STEAM_2,20.523671915,155.0,0.0290322580645161,0.6909722222222222,0.6979166666666666,23.80015432098765,24.03935185185185,0.5889879070788538,0.5179987724507173,0.4110120929211461,0.4820012275492827,0.4201388888888889,0.5243055555555556,7571.101207623871,7571.101207623871,1885.322768960504,0.0,-5685.778438663367,0.0,0.0,-3.5393477201429735,5.043425116919247,48.845814242734654,36.68244153976366,3.908934525835971,3.6291942443118037,3.069667549202254,-1.0603691543594995,1.0011376842752469,-0.5133230296807593,0.6520404691039773,1.0
RTS93,external93,1,13,13,0.3,0.16,perfect,independent,0.0,0.0,0,65.0,223_STEAM_3,22.571599727499997,350.0,0.0171428571428571,0.7743055555555556,0.7395833333333334,45.16782407407408,43.142361111111114,0.3606713650634934,0.3190343781924615,0.6393286349365067,0.6809656218075384,0.2951388888888889,0.3888888888888889,8730.266728753006,8730.266728753006,1558.557610260389,0.0,-7171.709118492617,0.0,0.0,-4.066173685255407,5.857933154483459,24.94361922500859,20.490597481407477,3.2559256920937574,3.0676155130323535,3.5016593507072384,-1.4203890542647535,1.8707169824615488,-0.4610456962059807,0.1134802705841703,1.0
RTS93,external93,1,13,13,0.3,0.16,perfect,independent,0.0,0.0,0,65.0,223_CT_4,48.87207345,55.0,0.1009090909090909,0.0,0.0,0.0,0.0,0.0,0.0,1.0,1.0,0.0,0.0,0.0,0.0,0.0,0.0,0.0,0.0,0.0,-2.2935352574741277,4.007333185232471,0.0,0.0,0.0,0.0,-0.5122644716099094,-0.20901157555255098,-0.10500744046411228,0.21032495804445406,-0.7372826231352724,1.0
RTS93,external93,1,13,13,0.3,0.16,perfect,independent,0.0,0.0,0,65.0,223_CT_5,48.87207345,55.0,0.1009090909090909,0.0,0.0,0.0,0.0,0.0,0.0,1.0,1.0,0.0,0.0,0.0,0.0,0.0,0.0,0.0,0.0,0.0,-2.2935352574741277,4.007333185232471,0.0,0.0,0.0,0.0,-0.5122644716099094,-0.20901157555255098,-0.10500744046411228,0.21032495804445406,-0.7372826231352724,1.0
RTS93,external93,1,13,13,0.3,0.16,perfect,independent,0.0,0.0,0,65.0,223_CT_6,48.87207345,55.0,0.1009090909090909,0.0,0.0,0.0,0.0,0.0,0.0,1.0,1.0,0.0,0.0,0.0,0.0,0.0,0.0,0.0,0.0,0.0,-2.2935352574741277,4.007333185232471,0.0,0.0,0.0,0.0,-0.5122644716099094,-0.20901157555255098,-0.10500744046411228,0.21032495804445406,-0.7372826231352724,1.0
RTS93,external93,1,13,13,0.3,0.16,perfect,independent,0.0,0.0,0,65.0,301_CT_1,110.83689929999998,20.0,0.225,0.0,0.0,0.0,0.0,0.0,0.0,1.0,1.0,0.0,0.0,0.0,0.0,0.0,0.0,0.0,0.0,0.0,-1.491654876777717,2.995732273553991,0.0,0.0,0.0,0.0,-0.5122644716099094,0.33897374315264334,-1.1850056360038916,1.7920974428434195,-0.7372826231352724,1.0
RTS93,external93,1,13,13,0.3,0.16,perfect,independent,0.0,0.0,0,65.0,301_CT_2,110.83689929999998,20.0,0.225,0.0,0.0,0.0,0.0,0.0,0.0,1.0,1.0,0.0,0.0,0.0,0.0,0.0,0.0,0.0,0.0,0.0,-1.491654876777717,2.995732273553991,0.0,0.0,0.0,0.0,-0.5122644716099094,0.33897374315264334,-1.1850056360038916,1.7920974428434195,-0.7372826231352724,1.0
RTS93,external93,1,13,13,0.3,0.16,perfect,independent,0.0,0.0,0,65.0,301_CT_3,38.095727805,55.0,0.1009090909090909,0.0,0.0,0.0,0.0,0.0,0.0,1.0,1.0,0.0,0.0,0.0,0.0,0.0,0.0,0.0,0.0,0.0,-2.2935352574741277,4.007333185232471,0.0,0.0,0.0,0.0,-0.5122644716099094,-0.20901157555255098,-0.10500744046411228,-0.06476218686590589,-0.7372826231352724,1.0
RTS93,external93,1,13,13,0.3,0.16,perfect,independent,0.0,0.0,0,65.0,301_CT_4,38.095727805,55.0,0.1009090909090909,0.0,0.0,0.0,0.0,0.0,0.0,1.0,1.0,0.0,0.0,0.0,0.0,0.0,0.0,0.0,0.0,0.0,-2.2935352574741277,4.007333185232471,0.0,0.0,0.0,0.0,-0.5122644716099094,-0.20901157555255098,-0.10500744046411228,-0.06476218686590589,-0.7372826231352724,1.0
RTS93,external93,1,13,13,0.3,0.16,perfect,independent,0.0,0.0,0,65.0,302_CT_1,110.83689929999998,20.0,0.225,0.0,0.0,0.0,0.0,0.0,0.0,1.0,1.0,0.0,0.0,0.0,0.0,0.0,0.0,0.0,0.0,0.0,-1.491654876777717,2.995732273553991,0.0,0.0,0.0,0.0,-0.5122644716099094,0.33897374315264334,-1.1850056360038916,1.7920974428434195,-0.7372826231352724,1.0
RTS93,external93,1,13,13,0.3,0.16,perfect,independent,0.0,0.0,0,65.0,302_CT_2,110.83689929999998,20.0,0.225,0.0,0.0,0.0,0.0,0.0,0.0,1.0,1.0,0.0,0.0,0.0,0.0,0.0,0.0,0.0,0.0,0.0,-1.491654876777717,2.995732273553991,0.0,0.0,0.0,0.0,-0.5122644716099094,0.33897374315264334,-1.1850056360038916,1.7920974428434195,-0.7372826231352724,1.0
RTS93,external93,1,13,13,0.3,0.16,perfect,independent,0.0,0.0,0,65.0,302_CT_3,42.663211305,55.0,0.1009090909090909,0.0,0.0,0.0,0.0,0.0,0.0,1.0,1.0,0.0,0.0,0.0,0.0,0.0,0.0,0.0,0.0,0.0,-2.2935352574741277,4.007333185232471,0.0,0.0,0.0,0.0,-0.5122644716099094,-0.20901157555255098,-0.10500744046411228,0.05183169726058796,-0.7372826231352724,1.0
RTS93,external93,1,13,13,0.3,0.16,perfect,independent,0.0,0.0,0,65.0,302_CT_4,42.663211305,55.0,0.1009090909090909,0.0,0.0,0.0,0.0,0.0,0.0,1.0,1.0,0.0,0.0,0.0,0.0,0.0,0.0,0.0,0.0,0.0,-2.2935352574741277,4.007333185232471,0.0,0.0,0.0,0.0,-0.5122644716099094,-0.20901157555255098,-0.10500744046411228,0.05183169726058796,-0.7372826231352724,1.0
RTS93,external93,1,13,13,0.3,0.16,perfect,independent,0.0,0.0,0,65.0,307_CT_1,36.12393546,55.0,0.1009090909090909,0.0,0.0,0.0,0.0,0.0,0.0,1.0,1.0,0.0,0.0,0.0,0.0,0.0,0.0,0.0,0.0,0.0,-2.2935352574741277,4.007333185232471,0.0,0.0,0.0,0.0,-0.5122644716099094,-0.20901157555255098,-0.10500744046411228,-0.11509601471540733,-0.7372826231352724,1.0
RTS93,external93,1,13,13,0.3,0.16,perfect,independent,0.0,0.0,0,65.0,307_CT_2,36.12393546,55.0,0.1009090909090909,0.0,0.0,0.0,0.0,0.0,0.0,1.0,1.0,0.0,0.0,0.0,0.0,0.0,0.0,0.0,0.0,0.0,-2.2935352574741277,4.007333185232471,0.0,0.0,0.0,0.0,-0.5122644716099094,-0.20901157555255098,-0.10500744046411228,-0.11509601471540733,-0.7372826231352724,1.0
RTS93,external93,1,13,13,0.3,0.16,perfect,independent,0.0,0.0,0,65.0,313_CC_1,26.770312335000003,355.0,0.0174929577464788,0.1770833333333333,0.1736111111111111,10.123121309715517,9.92462873501521,0.0154345650019561,0.0150298531690141,0.984565434998044,0.9849701468309858,0.0902777777777777,0.1354166666666666,190.21996256409216,190.21996256409216,27.5212196154842,0.0,-162.69874294860796,0.0,0.0,-4.0459568935300325,5.872117789475416,0.5358308804622314,0.4583063181650928,0.42907152479787003,0.37727570628309043,0.40571810658818247,-1.4065733963143685,1.8858606819371508,-0.3538654050808337,-0.7008750885863253,1.0
RTS93,external93,1,13,13,0.3,0.16,perfect,independent,0.0,0.0,0,65.0,315_STEAM_1,112.26770385,12.0,0.125,0.0,0.0,0.0,0.0,0.0,0.0,1.0,1.0,0.0,0.0,0.0,0.0,0.0,0.0,0.0,0.0,0.0,-2.0794415416798357,2.4849066497880004,0.0,0.0,0.0,0.0,-0.5122644716099094,-0.06270519880789859,-1.7303696679395384,1.8286215068954002,-0.7372826231352724,1.0
RTS93,external93,1,13,13,0.3,0.16,perfect,independent,0.0,0.0,0,65.0,315_STEAM_2,112.26770385,12.0,0.125,0.0,0.0,0.0,0.0,0.0,0.0,1.0,1.0,0.0,0.0,0.0,0.0,0.0,0.0,0.0,0.0,0.0,-2.0794415416798357,2.4849066497880004,0.0,0.0,0.0,0.0,-0.5122644716099094,-0.06270519880789859,-1.7303696679395384,1.8286215068954002,-0.7372826231352724,1.0
RTS93,external93,1,13,13,0.3,0.16,perfect,independent,0.0,0.0,0,65.0,315_STEAM_3,112.26770385,12.0,0.125,0.0,0.0,0.0,0.0,0.0,0.0,1.0,1.0,0.0,0.0,0.0,0.0,0.0,0.0,0.0,0.0,0.0,-2.0794415416798357,2.4849066497880004,0.0,0.0,0.0,0.0,-0.5122644716099094,-0.06270519880789859,-1.7303696679395384,1.8286215068954002,-0.7372826231352724,1.0
RTS93,external93,1,13,13,0.3,0.16,perfect,independent,0.0,0.0,0,65.0,315_STEAM_4,112.26770385,12.0,0.125,0.0,0.0,0.0,0.0,0.0,0.0,1.0,1.0,0.0,0.0,0.0,0.0,0.0,0.0,0.0,0.0,0.0,-2.0794415416798357,2.4849066497880004,0.0,0.0,0.0,0.0,-0.5122644716099094,-0.06270519880789859,-1.7303696679395384,1.8286215068954002,-0.7372826231352724,1.0
RTS93,external93,1,13,13,0.3,0.16,perfect,independent,0.0,0.0,0,65.0,315_STEAM_5,112.26770385,12.0,0.125,0.0,0.0,0.0,0.0,0.0,0.0,1.0,1.0,0.0,0.0,0.0,0.0,0.0,0.0,0.0,0.0,0.0,-2.0794415416798357,2.4849066497880004,0.0,0.0,0.0,0.0,-0.5122644716099094,-0.06270519880789859,-1.7303696679395384,1.8286215068954002,-0.7372826231352724,1.0
RTS93,external93,1,13,13,0.3,0.16,perfect,independent,0.0,0.0,0,65.0,315_CT_6,31.33876764,55.0,0.1009090909090909,0.0,0.0,0.0,0.0,0.0,0.0002406103535354,1.0,0.9997593896464644,0.0,0.0,0.0,0.0,0.0,0.0,0.0,0.0,0.0,-2.2935352574741277,4.007333185232471,0.0,0.0,0.0,0.0,-0.5122644716099094,-0.20901157555255098,-0.10500744046411228,-0.23724671374495118,-0.7372826231352724,1.0
RTS93,external93,1,13,13,0.3,0.16,perfect,independent,0.0,0.0,0,65.0,315_CT_7,31.33876764,55.0,0.1009090909090909,0.0,0.0,0.0,0.0,0.0,0.0,1.0,1.0,0.0,0.0,0.0,0.0,0.0,0.0,0.0,0.0,0.0,-2.2935352574741277,4.007333185232471,0.0,0.0,0.0,0.0,-0.5122644716099094,-0.20901157555255098,-0.10500744046411228,-0.23724671374495118,-0.7372826231352724,1.0
RTS93,external93,1,13,13,0.3,0.16,perfect,independent,0.0,0.0,0,65.0,315_CT_8,31.33876764,55.0,0.1009090909090909,0.0,0.0138888888888888,0.0,0.1376376376376376,0.0,0.0007007575757575,1.0,0.9992992424242424,0.0,0.0,0.0,0.0,0.0,0.0,0.0,0.0,0.0,-2.2935352574741277,4.007333185232471,0.0,0.0,0.0,0.0,-0.5122644716099094,-0.20901157555255098,-0.10500744046411228,-0.23724671374495118,-0.7372826231352724,1.0
RTS93,external93,1,13,13,0.3,0.16,perfect,independent,0.0,0.0,0,65.0,316_STEAM_1,23.6803874825,155.0,0.0290322580645161,0.34375,0.3506944444444444,11.840277777777777,12.079475308641976,0.1168013126568107,0.0946509103741036,0.8831986873431892,0.9053490896258964,0.1284722222222222,0.2083333333333333,1347.6654446179728,1347.6654446179728,102.97909702709217,0.0,-1244.6863475908806,0.0,0.0,-3.5393477201429735,5.043425116919247,8.694615771728856,8.030234500586326,2.271570656318634,2.200578336148883,1.2697017095981518,-1.0603691543594995,1.0011376842752469,-0.43274173604337784,-0.46176803458831556,1.0
RTS93,external93,1,13,13,0.3,0.16,perfect,independent,0.0,0.0,0,65.0,318_CC_1,29.14054473,355.0,0.0174929577464788,0.0277777777777777,0.0625,1.5879405976024334,3.572866344605475,0.0006073943661971,0.0015485394659624,0.9993926056338028,0.9984514605340374,0.0138888888888888,0.0347222222222222,1.1204814469500008,1.1204814469500008,12.889868628113168,0.0,11.769387181163166,0.0,0.0,-4.0459568935300325,5.872117789475416,0.0031562857660563403,-0.033153203327220195,0.0031513151525093177,-0.032615488266850526,-0.3682672044415816,-1.4065733963143685,1.8858606819371508,-0.29336062138200003,-0.7358498823117147,1.0
RTS93,external93,1,13,13,0.3,0.16,perfect,independent,0.0,0.0,0,65.0,321_CC_1,27.670203765000004,355.0,0.0174929577464788,0.1076388888888889,0.1319444444444444,6.1532698157094305,7.542717838611559,0.0096571755966353,0.0095821391784036,0.9903428244033646,0.9904178608215964,0.0520833333333333,0.1041666666666666,126.8126279094398,126.8126279094398,37.64944896502573,0.0,-89.16317894441408,0.0,0.0,-4.0459568935300325,5.872117789475416,0.357218670167436,0.25116388435046216,0.3054375102195827,0.22407422558289972,0.04572493866736234,-1.4065733963143685,1.8858606819371508,-0.3308939291869755,-0.714502975368381,1.0
RTS93,external93,1,13,13,0.3,0.16,perfect,independent,0.0,0.0,0,65.0,322_CT_5,31.1560683,55.0,0.1009090909090909,0.0,0.0138888888888888,0.0,0.1376376376376376,0.0001071654671717,0.0010582728535353,0.9998928345328284,0.9989417271464648,0.0,0.0069444444444444,0.0,0.0,3.1886798373784986,0.0,3.1886798373784986,0.0,0.0,-2.2935352574741277,4.007333185232471,0.0,-0.05797599704324543,0.0,-0.05635764607406843,-0.5122644716099094,-0.20901157555255098,-0.10500744046411228,-0.24191046911001093,-0.7370298378803583,1.0
RTS93,external93,1,13,13,0.3,0.16,perfect,independent,0.0,0.0,0,65.0,322_CT_6,31.1560683,55.0,0.1009090909090909,0.0069444444444444,0.0243055555555555,0.0688188188188188,0.2408658658658658,0.0005025008838384,0.0023358494949495,0.9994974991161616,0.9976641505050504,0.0,0.0069444444444444,0.0,0.0,13.3882159565,0.0,13.3882159565,0.0,0.0,-2.2935352574741277,4.007333185232471,0.0,-0.2434221083,0.0,-0.21786734321618018,-0.4762651548178275,-0.20901157555255098,-0.10500744046411228,-0.24191046911001093,-0.7360973083378094,1.0
RTS93,external93,1,13,13,0.3,0.16,perfect,independent,0.0,0.0,0,65.0,323_CC_1,29.281456455,355.0,0.0174929577464788,0.0138888888888888,0.0381944444444444,0.7939702988012167,2.1834183217033463,0.0001214788732394,0.0007833989045383,0.9998785211267608,0.9992166010954616,0.0069444444444444,0.0208333333333333,0.9072479938500008,0.9072479938500008,13.040104864724997,0.0,12.132856870874996,0.0,0.0,-4.0459568935300325,5.872117789475416,0.002555628151690143,-0.03417706160809858,0.0025523680872256756,-0.03360600089267973,-0.44026583802574576,-1.4065733963143685,1.8858606819371508,-0.2897635760206507,-0.736996074970561,1.0
RTS93,external93,1,13,13,0.3,0.16,perfect,independent,0.0,0.0,0,65.0,323_CC_2,29.281456455,355.0,0.0174929577464788,0.0138888888888888,0.0416666666666666,0.7939702988012167,2.38191089640365,0.0001241339495304,0.0007288732394366,0.9998758660504694,0.9992711267605634,0.0069444444444444,0.0208333333333333,0.8940286162778988,0.8940286162778988,13.040104864724997,0.0,12.146076248447098,0.0,0.0,-4.0459568935300325,5.872117789475416,0.002518390468388447,-0.034214299291400276,0.002515224637198225,-0.03364200731197702,-0.44026583802574576,-1.4065733963143685,1.8858606819371508,-0.2897635760206507,-0.7369898120935843,1.0
RTS93,external93,1,13,13,0.3,0.16,perfect,independent,0.0,0.0,0,65.0,121_NUCLEAR_1,2.025875,400.0,0.075,0.1284722222222222,0.0520833333333333,1.7129629629629628,0.6944444444444445,0.8949278753749996,0.9471128284973958,0.1050721246250004,0.0528871715026042,0.6145833333333334,0.6944444444444444,3156.4358557041414,3156.4358557041414,14.368537294998532,0.0,-3142.067318409143,0.0,0.0,-2.5902671654458267,5.991464547107982,7.891089639260354,7.855168296022857,2.1850496111104882,2.181001276816229,0.15372288904360837,-0.41179085918916297,2.0132768214430246,-0.9855152094889464,1.3737012327363851,1.0
RTS93,external93,1,13,13,0.3,0.16,perfect,independent,0.0,0.0,0,65.0,122_HYDRO_1,0.0,50.0,1.5,0.0,0.0,0.0,0.0,0.9504672065347224,0.9753767458125,0.0495327934652778,0.0246232541875002,0.9166666666666666,0.9479166666666666,0.0,0.0,0.0,0.0,0.0,0.0,0.0,0.4054651081081644,3.912023005428146,0.0,0.0,0.0,0.0,-0.5122644716099094,1.6354188546252855,-0.2067618191097883,-1.0372296021090317,1.5047091437313984,1.0
RTS93,external93,1,13,13,0.3,0.16,perfect,independent,0.0,0.0,0,65.0,122_HYDRO_2,0.0,50.0,1.5,0.0,0.0,0.0,0.0,0.9683784634166664,0.9937704503472216,0.0316215365833335,0.0062295496527782,0.9166666666666666,0.9479166666666666,0.0,0.0,0.0,0.0,0.0,0.0,0.0,0.4054651081081644,3.912023005428146,0.0,0.0,0.0,0.0,-0.5122644716099094,1.6354188546252855,-0.2067618191097883,-1.0372296021090317,1.5469587765303658,1.0
RTS93,external93,1,13,13,0.3,0.16,perfect,independent,0.0,0.0,0,65.0,122_HYDRO_3,0.0,50.0,1.5,0.0,0.0,0.0,0.0,0.978804326875,1.0,0.0211956731249999,0.0,0.9166666666666666,0.9479166666666666,0.0,0.0,0.0,0.0,0.0,0.0,0.0,0.4054651081081644,3.912023005428146,0.0,0.0,0.0,0.0,-0.5122644716099094,1.6354188546252855,-0.2067618191097883,-1.0372296021090317,1.5715516292614782,1.0
RTS93,external93,1,13,13,0.3,0.16,perfect,independent,0.0,0.0,0,65.0,122_HYDRO_4,0.0,50.0,1.5,0.0,0.0,0.0,0.0,0.9824705122916666,1.0,0.0175294877083333,0.0,0.9166666666666666,0.9479166666666666,0.0,0.0,0.0,0.0,0.0,0.0,0.0,0.4054651081081644,3.912023005428146,0.0,0.0,0.0,0.0,-0.5122644716099094,1.6354188546252855,-0.2067618191097883,-1.0372296021090317,1.5801995420600066,1.0
RTS93,external93,1,13,13,0.3,0.16,perfect,independent,0.0,0.0,0,65.0,122_HYDRO_5,0.0,50.0,1.5,0.0,0.0,0.0,0.0,0.98578346,1.0,0.01421654,0.0,0.9166666666666666,0.9479166666666666,0.0,0.0,0.0,0.0,0.0,0.0,0.0,0.4054651081081644,3.912023005428146,0.0,0.0,0.0,0.0,-0.5122644716099094,1.6354188546252855,-0.2067618191097883,-1.0372296021090317,1.5880142267067534,1.0
RTS93,external93,1,13,13,0.3,0.16,perfect,independent,0.0,0.0,0,65.0,122_HYDRO_6,0.0,50.0,1.5,0.0,0.0,0.0,0.0,0.9912647503472224,1.0,0.0087352496527777,0.0,0.9166666666666666,0.9479166666666666,0.0,0.0,0.0,0.0,0.0,0.0,0.0,0.4054651081081644,3.912023005428146,0.0,0.0,0.0,0.0,-0.5122644716099094,1.6354188546252855,-0.2067618191097883,-1.0372296021090317,1.6009436657718656,1.0
RTS93,external93,1,13,13,0.3,0.16,perfect,independent,0.0,0.0,0,65.0,201_HYDRO_4,0.0,50.0,1.5,0.0,0.0,0.0,0.0,1.0,1.0,0.0,0.0,0.9166666666666666,0.9479166666666666,0.0,0.0,0.0,0.0,0.0,0.0,0.0,0.4054651081081644,3.912023005428146,0.0,0.0,0.0,0.0,-0.5122644716099094,1.6354188546252855,-0.2067618191097883,-1.0372296021090317,1.621548645794748,1.0
RTS93,external93,1,13,13,0.3,0.16,perfect,independent,0.0,0.0,0,65.0,215_HYDRO_1,0.0,50.0,1.5,0.0,0.0,0.0,0.0,0.9930555555555556,1.0,0.0069444444444444,0.0,0.9166666666666666,0.9479166666666666,0.0,0.0,0.0,0.0,0.0,0.0,0.0,0.4054651081081644,3.912023005428146,0.0,0.0,0.0,0.0,-0.5122644716099094,1.6354188546252855,-0.2067618191097883,-1.0372296021090317,1.605167873093845,1.0
RTS93,external93,1,13,13,0.3,0.16,perfect,independent,0.0,0.0,0,65.0,215_HYDRO_2,0.0,50.0,1.5,0.0,0.0,0.0,0.0,1.0,1.0,0.0,0.0,0.9166666666666666,0.9479166666666666,0.0,0.0,0.0,0.0,0.0,0.0,0.0,0.4054651081081644,3.912023005428146,0.0,0.0,0.0,0.0,-0.5122644716099094,1.6354188546252855,-0.2067618191097883,-1.0372296021090317,1.621548645794748,1.0
RTS93,external93,1,13,13,0.3,0.16,perfect,independent,0.0,0.0,0,65.0,215_HYDRO_3,0.0,50.0,1.5,0.0,0.0,0.0,0.0,1.0,1.0,0.0,0.0,0.9166666666666666,0.9479166666666666,0.0,0.0,0.0,0.0,0.0,0.0,0.0,0.4054651081081644,3.912023005428146,0.0,0.0,0.0,0.0,-0.5122644716099094,1.6354188546252855,-0.2067618191097883,-1.0372296021090317,1.621548645794748,1.0
RTS93,external93,1,13,13,0.3,0.16,perfect,independent,0.0,0.0,0,65.0,222_HYDRO_1,0.0,50.0,1.5,0.0,0.0,0.0,0.0,0.9930555555555556,1.0,0.0069444444444444,0.0,0.9166666666666666,0.9479166666666666,0.0,0.0,0.0,0.0,0.0,0.0,0.0,0.4054651081081644,3.912023005428146,0.0,0.0,0.0,0.0,-0.5122644716099094,1.6354188546252855,-0.2067618191097883,-1.0372296021090317,1.605167873093845,1.0
RTS93,external93,1,13,13,0.3,0.16,perfect,independent,0.0,0.0,0,65.0,222_HYDRO_2,0.0,50.0,1.5,0.0,0.0,0.0,0.0,1.0,1.0,0.0,0.0,0.9166666666666666,0.9479166666666666,0.0,0.0,0.0,0.0,0.0,0.0,0.0,0.4054651081081644,3.912023005428146,0.0,0.0,0.0,0.0,-0.5122644716099094,1.6354188546252855,-0.2067618191097883,-1.0372296021090317,1.621548645794748,1.0
RTS93,external93,1,13,13,0.3,0.16,perfect,independent,0.0,0.0,0,65.0,222_HYDRO_3,0.0,50.0,1.5,0.0,0.0,0.0,0.0,1.0,1.0,0.0,0.0,0.9166666666666666,0.9479166666666666,0.0,0.0,0.0,0.0,0.0,0.0,0.0,0.4054651081081644,3.912023005428146,0.0,0.0,0.0,0.0,-0.5122644716099094,1.6354188546252855,-0.2067618191097883,-1.0372296021090317,1.621548645794748,1.0
RTS93,external93,1,13,13,0.3,0.16,perfect,independent,0.0,0.0,0,65.0,222_HYDRO_4,0.0,50.0,1.5,0.0,0.0,0.0,0.0,0.99983836625,1.0,0.0001616337499999,0.0,0.9166666666666666,0.9479166666666666,0.0,0.0,0.0,0.0,0.0,0.0,0.0,0.4054651081081644,3.912023005428146,0.0,0.0,0.0,0.0,-0.5122644716099094,1.6354188546252855,-0.2067618191097883,-1.0372296021090317,1.6211673790511332,1.0
RTS93,external93,1,13,13,0.3,0.16,perfect,independent,0.0,0.0,0,65.0,222_HYDRO_5,0.0,50.0,1.5,0.0,0.0,0.0,0.0,1.0,1.0,0.0,0.0,0.9166666666666666,0.9479166666666666,0.0,0.0,0.0,0.0,0.0,0.0,0.0,0.4054651081081644,3.912023005428146,0.0,0.0,0.0,0.0,-0.5122644716099094,1.6354188546252855,-0.2067618191097883,-1.0372296021090317,1.621548645794748,1.0
RTS93,external93,1,13,13,0.3,0.16,perfect,independent,0.0,0.0,0,65.0,222_HYDRO_6,0.0,50.0,1.5,0.0,0.0,0.0,0.0,0.9921225841111112,1.0,0.0078774158888888,0.0,0.9166666666666666,0.9479166666666666,0.0,0.0,0.0,0.0,0.0,0.0,0.0,0.4054651081081644,3.912023005428146,0.0,0.0,0.0,0.0,-0.5122644716099094,1.6354188546252855,-0.2067618191097883,-1.0372296021090317,1.6029671508776708,1.0
RTS93,external93,1,13,13,0.3,0.16,perfect,independent,0.0,0.0,0,65.0,322_HYDRO_1,0.0,50.0,1.5,0.0,0.0,0.0,0.0,0.9930555555555556,1.0,0.0069444444444444,0.0,0.9166666666666666,0.9479166666666666,0.0,0.0,0.0,0.0,0.0,0.0,0.0,0.4054651081081644,3.912023005428146,0.0,0.0,0.0,0.0,-0.5122644716099094,1.6354188546252855,-0.2067618191097883,-1.0372296021090317,1.605167873093845,1.0
RTS93,external93,1,13,13,0.3,0.16,perfect,independent,0.0,0.0,0,65.0,322_HYDRO_2,0.0,50.0,1.5,0.0,0.0,0.0,0.0,1.0,1.0,0.0,0.0,0.9166666666666666,0.9479166666666666,0.0,0.0,0.0,0.0,0.0,0.0,0.0,0.4054651081081644,3.912023005428146,0.0,0.0,0.0,0.0,-0.5122644716099094,1.6354188546252855,-0.2067618191097883,-1.0372296021090317,1.621548645794748,1.0
RTS93,external93,1,13,13,0.3,0.16,perfect,independent,0.0,0.0,0,65.0,322_HYDRO_3,0.0,50.0,1.5,0.0,0.0,0.0,0.0,0.9974057533333336,1.0,0.0025942466666666,0.0,0.9166666666666666,0.9479166666666666,0.0,0.0,0.0,0.0,0.0,0.0,0.0,0.4054651081081644,3.912023005428146,0.0,0.0,0.0,0.0,-0.5122644716099094,1.6354188546252855,-0.2067618191097883,-1.0372296021090317,1.6154292556380978,1.0
RTS93,external93,1,13,13,0.3,0.16,perfect,independent,0.0,0.0,0,65.0,322_HYDRO_4,0.0,50.0,1.5,0.0,0.0,0.0,0.0,0.99949362875,1.0,0.00050637125,0.0,0.9166666666666666,0.9479166666666666,0.0,0.0,0.0,0.0,0.0,0.0,0.0,0.4054651081081644,3.912023005428146,0.0,0.0,0.0,0.0,-0.5122644716099094,1.6354188546252855,-0.2067618191097883,-1.0372296021090317,1.6203542014565608,1.0
RTS93,external93,1,15,13,0.3,0.16,perfect,independent,0.0,0.0,0,65.0,101_CT_1,109.6984653,20.0,0.225,0.0,0.0,0.0,0.0,0.0,0.0,1.0,1.0,0.0,0.0,0.0,0.0,0.0,0.0,0.0,0.0,0.0,-1.491654876777717,2.995732273553991,0.0,0.0,0.0,0.0,-0.5122644716099094,0.33897374315264334,-1.1850056360038916,1.763036704718879,-0.7372826231352724,1.0
RTS93,external93,1,15,13,0.3,0.16,perfect,independent,0.0,0.0,0,65.0,101_CT_2,109.6984653,20.0,0.225,0.0,0.0,0.0,0.0,0.0,0.0,1.0,1.0,0.0,0.0,0.0,0.0,0.0,0.0,0.0,0.0,0.0,-1.491654876777717,2.995732273553991,0.0,0.0,0.0,0.0,-0.5122644716099094,0.33897374315264334,-1.1850056360038916,1.763036704718879,-0.7372826231352724,1.0
RTS93,external93,1,15,13,0.3,0.16,perfect,independent,0.0,0.0,0,65.0,101_STEAM_3,19.3218686,76.0,0.0394736842105263,0.4583333333333333,0.3645833333333333,11.61111111111111,9.23611111111111,0.695239302540205,0.7029879329724047,0.3047606974597949,0.2970120670275953,0.6493055555555556,0.6215277777777778,2966.352627216792,2966.352627216792,431.9028891669818,0.0,-2534.44973804981,0.0,0.0,-3.232121051618222,4.330733340286331,39.03095562127358,33.34802286907645,3.6896530453469043,3.5365444586152006,1.8636904366675053,-0.8504180096263427,0.24025874095513047,-0.5440013926024746,0.9026695830856617,1.0
RTS93,external93,1,15,13,0.3,0.16,perfect,independent,0.0,0.0,0,65.0,101_STEAM_4,19.3218686,76.0,0.0394736842105263,0.4548611111111111,0.375,11.523148148148149,9.5,0.7023319459658262,0.6989871270604903,0.2976680540341737,0.3010128729395098,0.6493055555555556,0.6215277777777778,3038.755571348336,3038.755571348336,429.7239764507476,0.0,-2609.0315948975885,0.0,0.0,-3.232121051618222,4.330733340286331,39.9836259387939,34.329363090757745,3.7131726195894403,3.564714433774585,1.8456907782714644,-0.8504180096263427,0.24025874095513047,-0.5440013926024746,0.9193999321773877,1.0
RTS93,external93,1,15,13,0.3,0.16,perfect,independent,0.0,0.0,0,65.0,102_CT_1,108.68163675,20.0,0.225,0.0,0.0,0.0,0.0,0.0,0.0,1.0,1.0,0.0,0.0,0.0,0.0,0.0,0.0,0.0,0.0,0.0,-1.491654876777717,2.995732273553991,0.0,0.0,0.0,0.0,-0.5122644716099094,0.33897374315264334,-1.1850056360038916,1.7370801818030965,-0.7372826231352724,1.0
RTS93,external93,1,15,13,0.3,0.16,perfect,independent,0.0,0.0,0,65.0,102_CT_2,108.68163675,20.0,0.225,0.0,0.0,0.0,0.0,0.0,0.0,1.0,1.0,0.0,0.0,0.0,0.0,0.0,0.0,0.0,0.0,0.0,-1.491654876777717,2.995732273553991,0.0,0.0,0.0,0.0,-0.5122644716099094,0.33897374315264334,-1.1850056360038916,1.7370801818030965,-0.7372826231352724,1.0
RTS93,external93,1,15,13,0.3,0.16,perfect,independent,0.0,0.0,0,65.0,102_STEAM_3,21.582252407499997,76.0,0.0394736842105263,0.5486111111111112,0.5381944444444444,13.89814814814815,13.63425925925926,0.6026665217927631,0.5609596588998538,0.3973334782072368,0.4390403411001461,0.53125,0.5729166666666666,3540.4992589582607,3540.4992589582607,637.0128736842571,0.0,-2903.4863852740036,0.0,0.0,-3.232121051618222,4.330733340286331,46.585516565240276,38.20376822728952,3.8625284410972074,3.6687728704235747,2.331681554964572,-0.8504180096263427,0.24025874095513047,-0.48630070737108666,0.6843060132067927,1.0
RTS93,external93,1,15,13,0.3,0.16,perfect,independent,0.0,0.0,0,65.0,102_STEAM_4,21.582252407499997,76.0,0.0394736842105263,0.5416666666666666,0.5381944444444444,13.72222222222222,13.63425925925926,0.6262654459521206,0.5660453411001463,0.3737345540478793,0.4339546588998536,0.53125,0.5729166666666666,3829.941192368729,3829.941192368729,642.0205313928179,0.0,-3187.9206609759103,0.0,0.0,-3.232121051618222,4.330733340286331,50.393963057483276,41.94632448652515,3.9395207153197833,3.7599510682031925,2.29568223817249,-0.8504180096263427,0.24025874095513047,-0.48630070737108666,0.7399718934269933,1.0
RTS93,external93,1,15,13,0.3,0.16,perfect,independent,0.0,0.0,0,65.0,107_CC_1,27.15028809,355.0,0.0174929577464788,0.1423611111111111,0.1805555555555555,8.138195562712472,10.321613884415818,0.0118025934663532,0.00786364008705,0.9881974065336468,0.99213635991295,0.0729166666666666,0.1319444444444444,79.1952347268792,79.1952347268792,5.13530542759495,0.0,-74.05992929928425,0.0,0.0,-4.0459568935300325,5.872117789475416,0.22308516824473015,0.20861951915291338,0.20137649307409575,0.1894788150324432,0.22572152262777248,-1.4065733963143685,1.8858606819371508,-0.344165786209885,-0.7094422966123692,1.0
RTS93,external93,1,15,13,0.3,0.16,perfect,independent,0.0,0.0,0,65.0,113_CT_1,34.424248515,55.0,0.1009090909090909,0.0,0.0,0.0,0.0,0.0,0.0,1.0,1.0,0.0,0.0,0.0,0.0,0.0,0.0,0.0,0.0,0.0,-2.2935352574741277,4.007333185232471,0.0,0.0,0.0,0.0,-0.5122644716099094,-0.20901157555255098,-0.10500744046411228,-0.15848382393609617,-0.7372826231352724,1.0
RTS93,external93,1,15,13,0.3,0.16,perfect,independent,0.0,0.0,0,65.0,113_CT_2,34.424248515,55.0,0.1009090909090909,0.0,0.0,0.0,0.0,0.0,0.0,1.0,1.0,0.0,0.0,0.0,0.0,0.0,0.0,0.0,0.0,0.0,-2.2935352574741277,4.007333185232471,0.0,0.0,0.0,0.0,-0.5122644716099094,-0.20901157555255098,-0.10500744046411228,-0.15848382393609617,-0.7372826231352724,1.0
RTS93,external93,1,15,13,0.3,0.16,perfect,independent,0.0,0.0,0,65.0,113_CT_3,34.424248515,55.0,0.1009090909090909,0.0,0.0,0.0,0.0,0.0,0.0,1.0,1.0,0.0,0.0,0.0,0.0,0.0,0.0,0.0,0.0,0.0,-2.2935352574741277,4.007333185232471,0.0,0.0,0.0,0.0,-0.5122644716099094,-0.20901157555255098,-0.10500744046411228,-0.15848382393609617,-0.7372826231352724,1.0
RTS93,external93,1,15,13,0.3,0.16,perfect,independent,0.0,0.0,0,65.0,113_CT_4,34.424248515,55.0,0.1009090909090909,0.0,0.0,0.0,0.0,0.0,0.0,1.0,1.0,0.0,0.0,0.0,0.0,0.0,0.0,0.0,0.0,0.0,-2.2935352574741277,4.007333185232471,0.0,0.0,0.0,0.0,-0.5122644716099094,-0.20901157555255098,-0.10500744046411228,-0.15848382393609617,-0.7372826231352724,1.0
RTS93,external93,1,15,13,0.3,0.16,perfect,independent,0.0,0.0,0,65.0,115_STEAM_1,140.6638701,12.0,0.125,0.0,0.0,0.0,0.0,0.0,0.0,1.0,1.0,0.0,0.0,0.0,0.0,0.0,0.0,0.0,0.0,0.0,-2.0794415416798357,2.4849066497880004,0.0,0.0,0.0,0.0,-0.5122644716099094,-0.06270519880789859,-1.7303696679395384,2.553488781706389,-0.7372826231352724,1.0
RTS93,external93,1,15,13,0.3,0.16,perfect,independent,0.0,0.0,0,65.0,115_STEAM_2,140.6638701,12.0,0.125,0.0,0.0,0.0,0.0,0.0,0.0,1.0,1.0,0.0,0.0,0.0,0.0,0.0,0.0,0.0,0.0,0.0,-2.0794415416798357,2.4849066497880004,0.0,0.0,0.0,0.0,-0.5122644716099094,-0.06270519880789859,-1.7303696679395384,2.553488781706389,-0.7372826231352724,1.0
RTS93,external93,1,15,13,0.3,0.16,perfect,independent,0.0,0.0,0,65.0,115_STEAM_3,23.535050669999997,155.0,0.0290322580645161,0.4270833333333333,0.5208333333333334,14.710648148148149,17.939814814814817,0.2286478682011641,0.2403187172177424,0.7713521317988359,0.7596812827822577,0.2638888888888889,0.40625,2462.851237494679,2462.851237494679,602.7965643564725,0.0,-1860.0546731382065,0.0,0.0,-3.5393477201429735,5.043425116919247,15.889362822546316,12.000352729923913,2.826684004977625,2.564976490164512,1.7016935111031362,-1.0603691543594995,1.0011376842752469,-0.43645174035449125,-0.19794088204817648,1.0
RTS93,external93,1,15,13,0.3,0.16,perfect,independent,0.0,0.0,0,65.0,116_STEAM_1,23.254946994999997,155.0,0.0290322580645161,0.4583333333333333,0.5277777777777778,15.787037037037036,18.179012345679013,0.2612374317047471,0.2599369034498207,0.7387625682952531,0.7400630965501792,0.3020833333333333,0.4409722222222222,2817.9786966441125,2817.9786966441125,624.5946365375439,0.0,-2193.3840601065685,0.0,0.0,-3.5393477201429735,5.043425116919247,18.180507720284595,14.150864903913346,2.953894540444067,2.71805761969306,1.8636904366675053,-1.0603691543594995,1.0011376842752469,-0.4436019304813642,-0.12106760061514427,1.0
RTS93,external93,1,15,13,0.3,0.16,perfect,independent,0.0,0.0,0,65.0,118_CC_1,27.75086358,355.0,0.0174929577464788,0.0451388888888888,0.0902777777777777,2.5804034711039545,5.160806942207909,0.0014109567586071,0.0040431912705398,0.998589043241393,0.9959568087294604,0.0243055555555555,0.0833333333333333,28.251516028518704,28.251516028518704,1.625880470341901,0.0,-26.625635558176803,0.0,0.0,-4.0459568935300325,5.872117789475416,0.07958173529160198,0.07500179030472338,0.07657368398562767,0.07232232697798202,-0.2782689124613765,-1.4065733963143685,1.8858606819371508,-0.32883493080772047,-0.7339544142139618,1.0
RTS93,external93,1,15,13,0.3,0.16,perfect,independent,0.0,0.0,0,65.0,123_STEAM_2,24.654408375,155.0,0.0290322580645161,0.2743055555555556,0.3958333333333333,9.448302469135802,13.634259259259258,0.0918478591957903,0.1377001414493728,0.9081521408042098,0.8622998585506272,0.1423611111111111,0.25,593.9716058000024,593.9716058000024,178.57887606252376,0.0,-415.39272973747865,0.0,0.0,-3.5393477201429735,5.043425116919247,3.832074876129048,2.6799530950805073,1.575275956400088,1.3029000061975737,0.9097085416773315,-1.0603691543594995,1.0011376842752469,-0.40787796169653473,-0.5206290208799605,1.0
RTS93,external93,1,15,13,0.3,0.16,perfect,independent,0.0,0.0,0,65.0,123_STEAM_3,22.665143785,350.0,0.0171428571428571,0.7326388888888888,0.71875,42.73726851851851,41.92708333333333,0.3694962998115079,0.3367320850753967,0.6305037001884921,0.6632679149246035,0.3576388888888889,0.5034722222222222,11526.06987901133,11526.06987901133,3391.5155949766668,0.0,-8134.5542840346625,0.0,0.0,-4.066173685255407,5.857933154483459,32.93162822574666,23.241583668670465,3.5243475654357033,3.1880694919329584,3.285663449954746,-1.4203890542647535,1.8707169824615488,-0.45865780252210037,0.13429680261405394,1.0
RTS93,external93,1,15,13,0.3,0.16,perfect,independent,0.0,0.0,0,65.0,123_CT_1,34.156030335000004,55.0,0.1009090909090909,0.0069444444444444,0.0069444444444444,0.0688188188188188,0.0688188188188188,0.0003503787878787,0.0003503787878787,0.9996496212121212,0.9996496212121212,0.0034722222222222,0.0,0.0,0.0,0.0,0.0,0.0,0.0,0.0,-2.2935352574741277,4.007333185232471,0.0,0.0,0.0,0.0,-0.4762651548178275,-0.20901157555255098,-0.10500744046411228,-0.16533061372735405,-0.7364561386944544,1.0
RTS93,external93,1,15,13,0.3,0.16,perfect,independent,0.0,0.0,0,65.0,123_CT_4,34.156030335000004,55.0,0.1009090909090909,0.0069444444444444,0.0,0.0688188188188188,0.0,0.0003503787878787,4.80745580807746e-05,0.9996496212121212,0.9999519254419192,0.0034722222222222,0.0,0.0,0.0,0.0,0.0,0.0,0.0,0.0,-2.2935352574741277,4.007333185232471,0.0,0.0,0.0,0.0,-0.4762651548178275,-0.20901157555255098,-0.10500744046411228,-0.16533061372735405,-0.7364561386944544,1.0
RTS93,external93,1,15,13,0.3,0.16,perfect,independent,0.0,0.0,0,65.0,123_CT_5,34.156030335000004,55.0,0.1009090909090909,0.0069444444444444,0.0,0.0688188188188188,0.0,0.0003503787878787,0.0,0.9996496212121212,1.0,0.0034722222222222,0.0,0.0,0.0,0.0,0.0,0.0,0.0,0.0,-2.2935352574741277,4.007333185232471,0.0,0.0,0.0,0.0,-0.4762651548178275,-0.20901157555255098,-0.10500744046411228,-0.16533061372735405,-0.7364561386944544,1.0
RTS93,external93,1,15,13,0.3,0.16,perfect,independent,0.0,0.0,0,65.0,201_CT_1,105.65443725,20.0,0.225,0.0,0.0,0.0,0.0,0.0,0.0,1.0,1.0,0.0,0.0,0.0,0.0,0.0,0.0,0.0,0.0,0.0,-1.491654876777717,2.995732273553991,0.0,0.0,0.0,0.0,-0.5122644716099094,0.33897374315264334,-1.1850056360038916,1.6598050372446584,-0.7372826231352724,1.0
RTS93,external93,1,15,13,0.3,0.16,perfect,independent,0.0,0.0,0,65.0,201_CT_2,105.65443725,20.0,0.225,0.0,0.0,0.0,0.0,0.0,0.0,1.0,1.0,0.0,0.0,0.0,0.0,0.0,0.0,0.0,0.0,0.0,-1.491654876777717,2.995732273553991,0.0,0.0,0.0,0.0,-0.5122644716099094,0.33897374315264334,-1.1850056360038916,1.6598050372446584,-0.7372826231352724,1.0
RTS93,external93,1,15,13,0.3,0.16,perfect,independent,0.0,0.0,0,65.0,201_STEAM_3,24.7120146025,76.0,0.0394736842105263,0.25,0.34375,6.333333333333334,8.708333333333334,0.0972027231816488,0.1317967807474387,0.9027972768183512,0.8682032192525612,0.125,0.2256944444444444,260.28521298893236,260.28521298893236,36.97758488352639,0.0,-223.30762810540597,0.0,0.0,-3.232121051618222,4.330733340286331,3.4248054340648992,2.938258264544815,1.4872263077903496,1.3707385607340354,0.7837109329050442,-0.8504180096263427,0.24025874095513047,-0.4064074508968571,-0.5079978002692502,1.0
RTS93,external93,1,15,13,0.3,0.16,perfect,independent,0.0,0.0,0,65.0,202_CT_1,101.92865324999998,20.0,0.225,0.0,0.0,0.0,0.0,0.0,0.0,1.0,1.0,0.0,0.0,0.0,0.0,0.0,0.0,0.0,0.0,0.0,-1.491654876777717,2.995732273553991,0.0,0.0,0.0,0.0,-0.5122644716099094,0.33897374315264334,-1.1850056360038916,1.564697167018888,-0.7372826231352724,1.0
RTS93,external93,1,15,13,0.3,0.16,perfect,independent,0.0,0.0,0,65.0,202_CT_2,101.92865324999998,20.0,0.225,0.0,0.0,0.0,0.0,0.0,0.0,1.0,1.0,0.0,0.0,0.0,0.0,0.0,0.0,0.0,0.0,0.0,-1.491654876777717,2.995732273553991,0.0,0.0,0.0,0.0,-0.5122644716099094,0.33897374315264334,-1.1850056360038916,1.564697167018888,-0.7372826231352724,1.0
RTS93,external93,1,15,13,0.3,0.16,perfect,independent,0.0,0.0,0,65.0,202_STEAM_3,23.6803874825,76.0,0.0394736842105263,0.3055555555555556,0.4201388888888889,7.740740740740741,10.64351851851852,0.1618215503929102,0.1973354069353086,0.8381784496070898,0.8026645930646913,0.1875,0.2916666666666667,311.4558169387911,311.4558169387911,61.251620430265234,0.0,-250.20419650852585,0.0,0.0,-3.232121051618222,4.330733340286331,4.098102854457777,3.2921604803753404,1.628868481203085,1.4567902146508351,1.0717054672417008,-0.8504180096263427,0.24025874095513047,-0.43274173604337784,-0.35557289008174076,1.0
RTS93,external93,1,15,13,0.3,0.16,perfect,independent,0.0,0.0,0,65.0,202_STEAM_4,23.6803874825,76.0,0.0394736842105263,0.3263888888888889,0.4270833333333333,8.268518518518519,10.819444444444445,0.1758398185763889,0.2101076572688233,0.8241601814236111,0.7898923427311767,0.1875,0.2916666666666667,357.68994261416657,357.68994261416657,55.75886522384019,0.0,-301.9310773903264,0.0,0.0,-3.232121051618222,4.330733340286331,4.706446613344297,3.9727773340832417,1.7415965205562594,1.603978503761993,1.1797034176179468,-0.8504180096263427,0.24025874095513047,-0.43274173604337784,-0.32250616075430444,1.0
RTS93,external93,1,15,13,0.3,0.16,perfect,independent,0.0,0.0,0,65.0,207_CT_1,41.098605255,55.0,0.1009090909090909,0.0,0.0,0.0,0.0,0.0,0.0,1.0,1.0,0.0,0.0,0.0,0.0,0.0,0.0,0.0,0.0,0.0,-2.2935352574741277,4.007333185232471,0.0,0.0,0.0,0.0,-0.5122644716099094,-0.20901157555255098,-0.10500744046411228,0.01189209014491675,-0.7372826231352724,1.0
RTS93,external93,1,15,13,0.3,0.16,perfect,independent,0.0,0.0,0,65.0,207_CT_2,41.098605255,55.0,0.1009090909090909,0.0,0.0,0.0,0.0,0.0,0.0,1.0,1.0,0.0,0.0,0.0,0.0,0.0,0.0,0.0,0.0,0.0,-2.2935352574741277,4.007333185232471,0.0,0.0,0.0,0.0,-0.5122644716099094,-0.20901157555255098,-0.10500744046411228,0.01189209014491675,-0.7372826231352724,1.0
RTS93,external93,1,15,13,0.3,0.16,perfect,independent,0.0,0.0,0,65.0,213_CC_3,29.04336423,355.0,0.0174929577464788,0.0243055555555555,0.0416666666666666,1.389448022902129,2.38191089640365,0.0005389241979655,0.0009152138204225,0.9994610758020344,0.9990847861795776,0.0138888888888888,0.0381944444444444,3.5542372676426583,3.5542372676426583,0.0,0.0,-3.5542372676426583,0.0,0.0,-4.0459568935300325,5.872117789475416,0.010011935965190587,0.010011935965190587,0.009962148570655997,0.009962148570655997,-0.3862668628376225,-1.4065733963143685,1.8858606819371508,-0.2958413423208615,-0.7360113918855283,1.0
RTS93,external93,1,15,13,0.3,0.16,perfect,independent,0.0,0.0,0,65.0,213_CT_1,34.424248515,55.0,0.1009090909090909,0.0,0.0,0.0,0.0,3.860486111109595e-05,0.0,0.9999613951388888,1.0,0.0,0.0,0.0,0.0,0.0,0.0,0.0,0.0,0.0,-2.2935352574741277,4.007333185232471,0.0,0.0,0.0,0.0,-0.5122644716099094,-0.20901157555255098,-0.10500744046411228,-0.15848382393609617,-0.7371915607817509,1.0
RTS93,external93,1,15,13,0.3,0.16,perfect,independent,0.0,0.0,0,65.0,213_CT_2,34.424248515,55.0,0.1009090909090909,0.0069444444444444,0.0,0.0688188188188188,0.0,0.0003503787878787,0.0,0.9996496212121212,1.0,0.0,0.0,0.0,0.0,0.0,0.0,0.0,0.0,0.0,-2.2935352574741277,4.007333185232471,0.0,0.0,0.0,0.0,-0.4762651548178275,-0.20901157555255098,-0.10500744046411228,-0.15848382393609617,-0.7364561386944544,1.0
RTS93,external93,1,15,13,0.3,0.16,perfect,independent,0.0,0.0,0,65.0,215_CT_4,35.281380525,55.0,0.1009090909090909,0.0,0.0,0.0,0.0,0.0,0.0,1.0,1.0,0.0,0.0,0.0,0.0,0.0,0.0,0.0,0.0,0.0,-2.2935352574741277,4.007333185232471,0.0,0.0,0.0,0.0,-0.5122644716099094,-0.20901157555255098,-0.10500744046411228,-0.13660386525533708,-0.7372826231352724,1.0
RTS93,external93,1,15,13,0.3,0.16,perfect,independent,0.0,0.0,0,65.0,215_CT_5,35.281380525,55.0,0.1009090909090909,0.0,0.0,0.0,0.0,0.0,0.0,1.0,1.0,0.0,0.0,0.0,0.0,0.0,0.0,0.0,0.0,0.0,-2.2935352574741277,4.007333185232471,0.0,0.0,0.0,0.0,-0.5122644716099094,-0.20901157555255098,-0.10500744046411228,-0.13660386525533708,-0.7372826231352724,1.0
RTS93,external93,1,15,13,0.3,0.16,perfect,independent,0.0,0.0,0,65.0,216_STEAM_1,21.7693405225,155.0,0.0290322580645161,0.6770833333333334,0.59375,23.32175925925926,20.45138888888889,0.5801351796460587,0.5796970760976704,0.4198648203539414,0.4203029239023296,0.4791666666666667,0.5590277777777778,8628.689073653539,8628.689073653539,2376.6411224944886,0.0,-6252.04795115905,0.0,0.0,-3.5393477201429735,5.043425116919247,55.6689617655067,40.33579323328419,4.0372266493062146,3.7217287888745454,2.9976689156180902,-1.0603691543594995,1.0011376842752469,-0.4815249200033262,0.6311583788201853,1.0
RTS93,external93,1,15,13,0.3,0.16,perfect,independent,0.0,0.0,0,65.0,218_CC_1,29.15998083,355.0,0.0174929577464788,0.0138888888888888,0.0208333333333333,0.7939702988012167,1.190955448201825,0.0002429577464788,0.0003887995109546,0.9997570422535212,0.9996112004890454,0.0069444444444444,0.0138888888888888,2.6392668911999966,2.6392668911999966,0.0,0.0,-2.6392668911999966,0.0,0.0,-4.0459568935300325,5.872117789475416,0.007434554623098582,0.007434554623098582,0.007407054538353499,0.007407054538353499,-0.44026583802574576,-1.4065733963143685,1.8858606819371508,-0.2928644771942277,-0.7367095268058493,1.0
RTS93,external93,1,15,13,0.3,0.16,perfect,independent,0.0,0.0,0,65.0,221_CC_1,28.087108110000003,355.0,0.0174929577464788,0.0381944444444444,0.0694444444444444,2.1834183217033463,3.969851494006084,0.0011473438282472,0.0023479586658841,0.9988526561717528,0.9976520413341158,0.0208333333333333,0.0520833333333333,14.924825360493712,14.924825360493712,0.0052290507675412,0.0,-14.919596309726172,0.0,0.0,-4.0459568935300325,5.872117789475416,0.04204176157885552,0.04202703185838358,0.04118202081871024,0.041167885277197815,-0.3142682292534584,-1.4065733963143685,1.8858606819371508,-0.3202516363592594,-0.734576232636989,1.0
RTS93,external93,1,15,13,0.3,0.16,perfect,independent,0.0,0.0,0,65.0,223_STEAM_1,20.523671915,155.0,0.0290322580645161,0.5729166666666666,0.4756944444444444,19.733796296296298,16.385030864197528,0.6586195379793907,0.6568327068839606,0.3413804620206094,0.3431672931160395,0.5798611111111112,0.5902777777777778,8183.796339094786,8183.796339094786,1917.506132431358,0.0,-6266.290206663429,0.0,0.0,-3.5393477201429735,5.043425116919247,52.79868605867604,40.427678752667276,3.985249044168311,3.7239492263436484,2.457679163736859,-1.0603691543594995,1.0011376842752469,-0.5133230296807593,0.8162897373787573,1.0
RTS93,external93,1,15,13,0.3,0.16,perfect,independent,0.0,0.0,0,65.0,223_STEAM_2,20.523671915,155.0,0.0290322580645161,0.5381944444444444,0.4826388888888889,18.537808641975307,16.624228395061728,0.6754228735506252,0.6520966701321684,0.3245771264493747,0.3479033298678315,0.5798611111111112,0.5902777777777778,8154.407515882418,8154.407515882418,1900.0954833633712,0.0,-6254.312032519047,0.0,0.0,-3.5393477201429735,5.043425116919247,52.609080747628504,40.3504002098003,3.981718470660696,3.722082100015373,2.277682579776449,-1.0603691543594995,1.0011376842752469,-0.5133230296807593,0.8559259707465096,1.0
RTS93,external93,1,15,13,0.3,0.16,perfect,independent,0.0,0.0,0,65.0,223_STEAM_3,22.571599727499997,350.0,0.0171428571428571,0.8541666666666666,0.7534722222222222,49.826388888888886,43.95254629629629,0.5256862491686516,0.4573528584642857,0.4743137508313484,0.5426471415357143,0.4340277777777778,0.5104166666666666,21199.383197207524,21199.383197207524,6314.794951934843,0.0,-14884.58824527268,0.0,0.0,-4.066173685255407,5.857933154483459,60.569666277735784,42.52739498649337,4.120169318699493,3.7733905096772986,3.9156514938161817,-1.4203890542647535,1.8707169824615488,-0.4610456962059807,0.5027225390502807,1.0
RTS93,external93,1,15,13,0.3,0.16,perfect,independent,0.0,0.0,0,65.0,223_CT_4,48.87207345,55.0,0.1009090909090909,0.0,0.0,0.0,0.0,0.0,0.0,1.0,1.0,0.0,0.0,0.0,0.0,0.0,0.0,0.0,0.0,0.0,-2.2935352574741277,4.007333185232471,0.0,0.0,0.0,0.0,-0.5122644716099094,-0.20901157555255098,-0.10500744046411228,0.21032495804445406,-0.7372826231352724,1.0
RTS93,external93,1,15,13,0.3,0.16,perfect,independent,0.0,0.0,0,65.0,223_CT_5,48.87207345,55.0,0.1009090909090909,0.0,0.0,0.0,0.0,0.0,0.0,1.0,1.0,0.0,0.0,0.0,0.0,0.0,0.0,0.0,0.0,0.0,-2.2935352574741277,4.007333185232471,0.0,0.0,0.0,0.0,-0.5122644716099094,-0.20901157555255098,-0.10500744046411228,0.21032495804445406,-0.7372826231352724,1.0
RTS93,external93,1,15,13,0.3,0.16,perfect,independent,0.0,0.0,0,65.0,223_CT_6,48.87207345,55.0,0.1009090909090909,0.0,0.0,0.0,0.0,0.0,0.0,1.0,1.0,0.0,0.0,0.0,0.0,0.0,0.0,0.0,0.0,0.0,-2.2935352574741277,4.007333185232471,0.0,0.0,0.0,0.0,-0.5122644716099094,-0.20901157555255098,-0.10500744046411228,0.21032495804445406,-0.7372826231352724,1.0
RTS93,external93,1,15,13,0.3,0.16,perfect,independent,0.0,0.0,0,65.0,301_CT_1,110.83689929999998,20.0,0.225,0.0,0.0,0.0,0.0,0.0,0.0,1.0,1.0,0.0,0.0,0.0,0.0,0.0,0.0,0.0,0.0,0.0,-1.491654876777717,2.995732273553991,0.0,0.0,0.0,0.0,-0.5122644716099094,0.33897374315264334,-1.1850056360038916,1.7920974428434195,-0.7372826231352724,1.0
RTS93,external93,1,15,13,0.3,0.16,perfect,independent,0.0,0.0,0,65.0,301_CT_2,110.83689929999998,20.0,0.225,0.0,0.0,0.0,0.0,0.0,0.0,1.0,1.0,0.0,0.0,0.0,0.0,0.0,0.0,0.0,0.0,0.0,-1.491654876777717,2.995732273553991,0.0,0.0,0.0,0.0,-0.5122644716099094,0.33897374315264334,-1.1850056360038916,1.7920974428434195,-0.7372826231352724,1.0
RTS93,external93,1,15,13,0.3,0.16,perfect,independent,0.0,0.0,0,65.0,301_CT_3,38.095727805,55.0,0.1009090909090909,0.0,0.0,0.0,0.0,0.0,0.0,1.0,1.0,0.0,0.0,0.0,0.0,0.0,0.0,0.0,0.0,0.0,-2.2935352574741277,4.007333185232471,0.0,0.0,0.0,0.0,-0.5122644716099094,-0.20901157555255098,-0.10500744046411228,-0.06476218686590589,-0.7372826231352724,1.0
RTS93,external93,1,15,13,0.3,0.16,perfect,independent,0.0,0.0,0,65.0,301_CT_4,38.095727805,55.0,0.1009090909090909,0.0,0.0,0.0,0.0,0.0,0.0,1.0,1.0,0.0,0.0,0.0,0.0,0.0,0.0,0.0,0.0,0.0,-2.2935352574741277,4.007333185232471,0.0,0.0,0.0,0.0,-0.5122644716099094,-0.20901157555255098,-0.10500744046411228,-0.06476218686590589,-0.7372826231352724,1.0
RTS93,external93,1,15,13,0.3,0.16,perfect,independent,0.0,0.0,0,65.0,302_CT_1,110.83689929999998,20.0,0.225,0.0,0.0,0.0,0.0,0.0,0.0,1.0,1.0,0.0,0.0,0.0,0.0,0.0,0.0,0.0,0.0,0.0,-1.491654876777717,2.995732273553991,0.0,0.0,0.0,0.0,-0.5122644716099094,0.33897374315264334,-1.1850056360038916,1.7920974428434195,-0.7372826231352724,1.0
RTS93,external93,1,15,13,0.3,0.16,perfect,independent,0.0,0.0,0,65.0,302_CT_2,110.83689929999998,20.0,0.225,0.0,0.0,0.0,0.0,0.0,0.0,1.0,1.0,0.0,0.0,0.0,0.0,0.0,0.0,0.0,0.0,0.0,-1.491654876777717,2.995732273553991,0.0,0.0,0.0,0.0,-0.5122644716099094,0.33897374315264334,-1.1850056360038916,1.7920974428434195,-0.7372826231352724,1.0
RTS93,external93,1,15,13,0.3,0.16,perfect,independent,0.0,0.0,0,65.0,302_CT_3,42.663211305,55.0,0.1009090909090909,0.0,0.0,0.0,0.0,0.0,0.0,1.0,1.0,0.0,0.0,0.0,0.0,0.0,0.0,0.0,0.0,0.0,-2.2935352574741277,4.007333185232471,0.0,0.0,0.0,0.0,-0.5122644716099094,-0.20901157555255098,-0.10500744046411228,0.05183169726058796,-0.7372826231352724,1.0
RTS93,external93,1,15,13,0.3,0.16,perfect,independent,0.0,0.0,0,65.0,302_CT_4,42.663211305,55.0,0.1009090909090909,0.0,0.0,0.0,0.0,0.0,0.0,1.0,1.0,0.0,0.0,0.0,0.0,0.0,0.0,0.0,0.0,0.0,-2.2935352574741277,4.007333185232471,0.0,0.0,0.0,0.0,-0.5122644716099094,-0.20901157555255098,-0.10500744046411228,0.05183169726058796,-0.7372826231352724,1.0
RTS93,external93,1,15,13,0.3,0.16,perfect,independent,0.0,0.0,0,65.0,307_CT_1,36.12393546,55.0,0.1009090909090909,0.0,0.0,0.0,0.0,0.0,0.0,1.0,1.0,0.0,0.0,0.0,0.0,0.0,0.0,0.0,0.0,0.0,-2.2935352574741277,4.007333185232471,0.0,0.0,0.0,0.0,-0.5122644716099094,-0.20901157555255098,-0.10500744046411228,-0.11509601471540733,-0.7372826231352724,1.0
RTS93,external93,1,15,13,0.3,0.16,perfect,independent,0.0,0.0,0,65.0,307_CT_2,36.12393546,55.0,0.1009090909090909,0.0,0.0,0.0,0.0,0.0,0.0,1.0,1.0,0.0,0.0,0.0,0.0,0.0,0.0,0.0,0.0,0.0,-2.2935352574741277,4.007333185232471,0.0,0.0,0.0,0.0,-0.5122644716099094,-0.20901157555255098,-0.10500744046411228,-0.11509601471540733,-0.7372826231352724,1.0
RTS93,external93,1,15,13,0.3,0.16,perfect,independent,0.0,0.0,0,65.0,313_CC_1,26.770312335000003,355.0,0.0174929577464788,0.1736111111111111,0.2291666666666666,9.92462873501521,13.100509930220076,0.0224522393974963,0.023255757972418,0.9775477606025036,0.976744242027582,0.0902777777777777,0.1770833333333333,194.62660090677485,194.62660090677485,27.31998999124876,0.0,-167.30661091552605,0.0,0.0,-4.0459568935300325,5.872117789475416,0.5482439462162672,0.47128622793105945,0.43712135074685626,0.38613700320154576,0.3877184481921417,-1.4065733963143685,1.8858606819371508,-0.3538654050808337,-0.6843215787869555,1.0
RTS93,external93,1,15,13,0.3,0.16,perfect,independent,0.0,0.0,0,65.0,315_STEAM_1,112.26770385,12.0,0.125,0.0,0.0,0.0,0.0,0.0,0.0,1.0,1.0,0.0,0.0,0.0,0.0,0.0,0.0,0.0,0.0,0.0,-2.0794415416798357,2.4849066497880004,0.0,0.0,0.0,0.0,-0.5122644716099094,-0.06270519880789859,-1.7303696679395384,1.8286215068954002,-0.7372826231352724,1.0
RTS93,external93,1,15,13,0.3,0.16,perfect,independent,0.0,0.0,0,65.0,315_STEAM_2,112.26770385,12.0,0.125,0.0,0.0,0.0,0.0,0.0,0.0,1.0,1.0,0.0,0.0,0.0,0.0,0.0,0.0,0.0,0.0,0.0,-2.0794415416798357,2.4849066497880004,0.0,0.0,0.0,0.0,-0.5122644716099094,-0.06270519880789859,-1.7303696679395384,1.8286215068954002,-0.7372826231352724,1.0
RTS93,external93,1,15,13,0.3,0.16,perfect,independent,0.0,0.0,0,65.0,315_STEAM_3,112.26770385,12.0,0.125,0.0,0.0,0.0,0.0,0.0,0.0,1.0,1.0,0.0,0.0,0.0,0.0,0.0,0.0,0.0,0.0,0.0,-2.0794415416798357,2.4849066497880004,0.0,0.0,0.0,0.0,-0.5122644716099094,-0.06270519880789859,-1.7303696679395384,1.8286215068954002,-0.7372826231352724,1.0
RTS93,external93,1,15,13,0.3,0.16,perfect,independent,0.0,0.0,0,65.0,315_STEAM_4,112.26770385,12.0,0.125,0.0,0.0,0.0,0.0,0.0,0.0,1.0,1.0,0.0,0.0,0.0,0.0,0.0,0.0,0.0,0.0,0.0,-2.0794415416798357,2.4849066497880004,0.0,0.0,0.0,0.0,-0.5122644716099094,-0.06270519880789859,-1.7303696679395384,1.8286215068954002,-0.7372826231352724,1.0
RTS93,external93,1,15,13,0.3,0.16,perfect,independent,0.0,0.0,0,65.0,315_STEAM_5,112.26770385,12.0,0.125,0.0,0.0,0.0,0.0,0.0,0.0,1.0,1.0,0.0,0.0,0.0,0.0,0.0,0.0,0.0,0.0,0.0,-2.0794415416798357,2.4849066497880004,0.0,0.0,0.0,0.0,-0.5122644716099094,-0.06270519880789859,-1.7303696679395384,1.8286215068954002,-0.7372826231352724,1.0
RTS93,external93,1,15,13,0.3,0.16,perfect,independent,0.0,0.0,0,65.0,315_CT_6,31.33876764,55.0,0.1009090909090909,0.0069444444444444,0.0069444444444444,0.0688188188188188,0.0688188188188188,0.0003503787878787,0.0003503787878787,0.9996496212121212,0.9996496212121212,0.0034722222222222,0.0034722222222222,0.0,0.0,0.0,0.0,0.0,0.0,0.0,-2.2935352574741277,4.007333185232471,0.0,0.0,0.0,0.0,-0.4762651548178275,-0.20901157555255098,-0.10500744046411228,-0.23724671374495118,-0.7364561386944544,1.0
RTS93,external93,1,15,13,0.3,0.16,perfect,independent,0.0,0.0,0,65.0,315_CT_7,31.33876764,55.0,0.1009090909090909,0.0069444444444444,0.0069444444444444,0.0688188188188188,0.0688188188188188,0.0003503787878787,0.0003503787878787,0.9996496212121212,0.9996496212121212,0.0034722222222222,0.0034722222222222,0.0,0.0,0.0,0.0,0.0,0.0,0.0,-2.2935352574741277,4.007333185232471,0.0,0.0,0.0,0.0,-0.4762651548178275,-0.20901157555255098,-0.10500744046411228,-0.23724671374495118,-0.7364561386944544,1.0
RTS93,external93,1,15,13,0.3,0.16,perfect,independent,0.0,0.0,0,65.0,315_CT_8,31.33876764,55.0,0.1009090909090909,0.0069444444444444,0.0069444444444444,0.0688188188188188,0.0688188188188188,0.0003503787878787,0.0003503787878787,0.9996496212121212,0.9996496212121212,0.0034722222222222,0.0034722222222222,0.0,0.0,0.0,0.0,0.0,0.0,0.0,-2.2935352574741277,4.007333185232471,0.0,0.0,0.0,0.0,-0.4762651548178275,-0.20901157555255098,-0.10500744046411228,-0.23724671374495118,-0.7364561386944544,1.0
RTS93,external93,1,15,13,0.3,0.16,perfect,independent,0.0,0.0,0,65.0,316_STEAM_1,23.6803874825,155.0,0.0290322580645161,0.3993055555555556,0.4166666666666667,13.753858024691358,14.351851851851851,0.2076575715053775,0.1890809549910392,0.7923424284946223,0.8109190450089607,0.1875,0.2916666666666667,2090.7542937165745,2090.7542937165745,146.6929861732765,0.0,-1944.061307543298,0.0,0.0,-3.5393477201429735,5.043425116919247,13.488737378816609,12.542331016408374,2.673371615118142,2.6058204104516394,1.5576962439348083,-1.0603691543594995,1.0011376842752469,-0.43274173604337784,-0.24745345023831636,1.0
RTS93,external93,1,15,13,0.3,0.16,perfect,independent,0.0,0.0,0,65.0,318_CC_1,29.14054473,355.0,0.0174929577464788,0.0138888888888888,0.0243055555555555,0.7939702988012167,1.389448022902129,0.0003351413732394,0.0006933302670188,0.9996648586267606,0.9993066697329812,0.0069444444444444,0.0243055555555555,2.6895577999499976,2.6895577999499976,0.0,0.0,-2.6895577999499976,0.0,0.0,-4.0459568935300325,5.872117789475416,0.007576219154788726,0.007576219154788726,0.007547663743790098,0.007547663743790098,-0.44026583802574576,-1.4065733963143685,1.8858606819371508,-0.29336062138200003,-0.7364920811845631,1.0
RTS93,external93,1,15,13,0.3,0.16,perfect,independent,0.0,0.0,0,65.0,321_CC_1,27.670203765000004,355.0,0.0174929577464788,0.0763888888888889,0.1354166666666666,4.3668366434066925,7.741210413311863,0.0034674468701095,0.0057856381015258,0.9965325531298904,0.994214361898474,0.0416666666666666,0.1076388888888889,38.872781264625054,38.872781264625054,1.3165438833945622,0.0,-37.55623738123049,0.0,0.0,-4.0459568935300325,5.872117789475416,0.10950079229471846,0.10579221797529716,0.1039101774909492,0.10056201743563493,-0.11627198689700685,-1.4065733963143685,1.8858606819371508,-0.3308939291869755,-0.7291035010347044,1.0
RTS93,external93,1,15,13,0.3,0.16,perfect,independent,0.0,0.0,0,65.0,322_CT_5,31.1560683,55.0,0.1009090909090909,0.0069444444444444,0.0069444444444444,0.0688188188188188,0.0688188188188188,0.0003503787878787,0.0003503787878787,0.9996496212121212,0.9996496212121212,0.0034722222222222,0.0034722222222222,0.0,0.0,0.0,0.0,0.0,0.0,0.0,-2.2935352574741277,4.007333185232471,0.0,0.0,0.0,0.0,-0.4762651548178275,-0.20901157555255098,-0.10500744046411228,-0.24191046911001093,-0.7364561386944544,1.0
RTS93,external93,1,15,13,0.3,0.16,perfect,independent,0.0,0.0,0,65.0,322_CT_6,31.1560683,55.0,0.1009090909090909,0.0069444444444444,0.0069444444444444,0.0688188188188188,0.0688188188188188,0.0003503787878787,0.0003503787878787,0.9996496212121212,0.9996496212121212,0.0034722222222222,0.0034722222222222,0.0,0.0,0.0,0.0,0.0,0.0,0.0,-2.2935352574741277,4.007333185232471,0.0,0.0,0.0,0.0,-0.4762651548178275,-0.20901157555255098,-0.10500744046411228,-0.24191046911001093,-0.7364561386944544,1.0
RTS93,external93,1,15,13,0.3,0.16,perfect,independent,0.0,0.0,0,65.0,323_CC_1,29.281456455,355.0,0.0174929577464788,0.0069444444444444,0.0138888888888888,0.3969851494006083,0.7939702988012167,0.0002183042253521,0.000205344913928,0.9997816957746478,0.999794655086072,0.0034722222222222,0.0069444444444444,2.299943313674099,2.299943313674099,0.0,0.0,-2.299943313674099,0.0,0.0,-4.0459568935300325,5.872117789475416,0.00647871355964535,0.00647871355964535,0.006457816902030047,0.006457816902030047,-0.4762651548178275,-1.4065733963143685,1.8858606819371508,-0.2897635760206507,-0.7367676803023724,1.0
RTS93,external93,1,15,13,0.3,0.16,perfect,independent,0.0,0.0,0,65.0,323_CC_2,29.281456455,355.0,0.0174929577464788,0.0138888888888888,0.0138888888888888,0.7939702988012167,0.7939702988012167,0.0002429577464788,0.0002538089201877,0.9997570422535212,0.9997461910798124,0.0034722222222222,0.0069444444444444,2.3249487115125005,2.3249487115125005,0.0,0.0,-2.3249487115125005,0.0,0.0,-4.0459568935300325,5.872117789475416,0.006549151300035212,0.006549151300035212,0.0065277987851904366,0.0065277987851904366,-0.44026583802574576,-1.4065733963143685,1.8858606819371508,-0.2897635760206507,-0.7367095268058493,1.0
RTS93,external93,1,15,13,0.3,0.16,perfect,independent,0.0,0.0,0,65.0,121_NUCLEAR_1,2.025875,400.0,0.075,0.1319444444444444,0.1111111111111111,1.7592592592592593,1.4814814814814814,0.7942266346874999,0.8390864134739585,0.2057733653125,0.1609135865260416,0.6770833333333334,0.7118055555555556,5140.841449513828,5140.841449513828,196.1400073771947,0.0,-4944.701442136633,0.0,0.0,-2.5902671654458267,5.991464547107982,12.852103623784568,12.361753605341583,2.628437107293639,2.592396417379786,0.17172254743964918,-0.41179085918916297,2.0132768214430246,-0.9855152094889464,1.1361639973826625,1.0
RTS93,external93,1,15,13,0.3,0.16,perfect,independent,0.0,0.0,0,65.0,122_HYDRO_1,0.0,50.0,1.5,0.0,0.0,0.0,0.0,0.9021452598194444,0.8174081161458333,0.0978547401805555,0.1825918838541668,0.8229166666666666,0.7986111111111112,0.0,0.0,0.0,0.0,0.0,0.0,0.0,0.4054651081081644,3.912023005428146,0.0,0.0,0.0,0.0,-0.5122644716099094,1.6354188546252855,-0.2067618191097883,-1.0372296021090317,1.3907258248438306,1.0
RTS93,external93,1,15,13,0.3,0.16,perfect,independent,0.0,0.0,0,65.0,122_HYDRO_2,0.0,50.0,1.5,0.0,0.0,0.0,0.0,0.8888814538194447,0.8613684097569443,0.1111185461805553,0.1386315902430556,0.8229166666666666,0.7986111111111112,0.0,0.0,0.0,0.0,0.0,0.0,0.0,0.4054651081081644,3.912023005428146,0.0,0.0,0.0,0.0,-0.5122644716099094,1.6354188546252855,-0.2067618191097883,-1.0372296021090317,1.3594387445060097,1.0
RTS93,external93,1,15,13,0.3,0.16,perfect,independent,0.0,0.0,0,65.0,122_HYDRO_3,0.0,50.0,1.5,0.0,0.0,0.0,0.0,0.9190706691944442,0.8862072759374998,0.0809293308055557,0.1137927240625001,0.8229166666666666,0.7986111111111112,0.0,0.0,0.0,0.0,0.0,0.0,0.0,0.4054651081081644,3.912023005428146,0.0,0.0,0.0,0.0,-0.5122644716099094,1.6354188546252855,-0.2067618191097883,-1.0372296021090317,1.4306500097170212,1.0
RTS93,external93,1,15,13,0.3,0.16,perfect,independent,0.0,0.0,0,65.0,122_HYDRO_4,0.0,50.0,1.5,0.0,0.0,0.0,0.0,0.9293566584305554,0.9025526702499996,0.0706433415694445,0.0974473297500002,0.8229166666666666,0.7986111111111112,0.0,0.0,0.0,0.0,0.0,0.0,0.0,0.4054651081081644,3.912023005428146,0.0,0.0,0.0,0.0,-0.5122644716099094,1.6354188546252855,-0.2067618191097883,-1.0372296021090317,1.4549129227590378,1.0
RTS93,external93,1,15,13,0.3,0.16,perfect,independent,0.0,0.0,0,65.0,122_HYDRO_5,0.0,50.0,1.5,0.0,0.0,0.0,0.0,0.9297217431111108,0.924166155875,0.0702782568888891,0.0758338441250001,0.8229166666666666,0.7986111111111112,0.0,0.0,0.0,0.0,0.0,0.0,0.0,0.4054651081081644,3.912023005428146,0.0,0.0,0.0,0.0,-0.5122644716099094,1.6354188546252855,-0.2067618191097883,-1.0372296021090317,1.4557740959193393,1.0
RTS93,external93,1,15,13,0.3,0.16,perfect,independent,0.0,0.0,0,65.0,122_HYDRO_6,0.0,50.0,1.5,0.0,0.0,0.0,0.0,0.9142404360277776,0.9558340513749995,0.0857595639722224,0.0441659486250003,0.8229166666666666,0.7986111111111112,0.0,0.0,0.0,0.0,0.0,0.0,0.0,0.4054651081081644,3.912023005428146,0.0,0.0,0.0,0.0,-0.5122644716099094,1.6354188546252855,-0.2067618191097883,-1.0372296021090317,1.4192563046872653,1.0
RTS93,external93,1,15,13,0.3,0.16,perfect,independent,0.0,0.0,0,65.0,201_HYDRO_4,0.0,50.0,1.5,0.0,0.0,0.0,0.0,0.9478556031805556,0.9914805160902777,0.0521443968194445,0.0085194839097224,0.8229166666666666,0.7986111111111112,0.0,0.0,0.0,0.0,0.0,0.0,0.0,0.4054651081081644,3.912023005428146,0.0,0.0,0.0,0.0,-0.5122644716099094,1.6354188546252855,-0.2067618191097883,-1.0372296021090317,1.4985488120775474,1.0
RTS93,external93,1,15,13,0.3,0.16,perfect,independent,0.0,0.0,0,65.0,215_HYDRO_1,0.0,50.0,1.5,0.0,0.0,0.0,0.0,0.93565343525,1.0,0.06434656475,0.0,0.8229166666666666,0.7986111111111112,0.0,0.0,0.0,0.0,0.0,0.0,0.0,0.4054651081081644,3.912023005428146,0.0,0.0,0.0,0.0,-0.5122644716099094,1.6354188546252855,-0.2067618191097883,-1.0372296021090317,1.4697659568142174,1.0
RTS93,external93,1,15,13,0.3,0.16,perfect,independent,0.0,0.0,0,65.0,215_HYDRO_2,0.0,50.0,1.5,0.0,0.0,0.0,0.0,0.9554178823194444,1.0,0.0445821176805554,0.0,0.8229166666666666,0.7986111111111112,0.0,0.0,0.0,0.0,0.0,0.0,0.0,0.4054651081081644,3.912023005428146,0.0,0.0,0.0,0.0,-0.5122644716099094,1.6354188546252855,-0.2067618191097883,-1.0372296021090317,1.5163869525747353,1.0
RTS93,external93,1,15,13,0.3,0.16,perfect,independent,0.0,0.0,0,65.0,215_HYDRO_3,0.0,50.0,1.5,0.0,0.0,0.0,0.0,0.9837349365833332,1.0,0.0162650634166667,0.0,0.8229166666666666,0.7986111111111112,0.0,0.0,0.0,0.0,0.0,0.0,0.0,0.4054651081081644,3.912023005428146,0.0,0.0,0.0,0.0,-0.5122644716099094,1.6354188546252855,-0.2067618191097883,-1.0372296021090317,1.5831821056163846,1.0
RTS93,external93,1,15,13,0.3,0.16,perfect,independent,0.0,0.0,0,65.0,222_HYDRO_1,0.0,50.0,1.5,0.0,0.0,0.0,0.0,0.9554181778888888,1.0,0.0445818221111112,0.0,0.8229166666666666,0.7986111111111112,0.0,0.0,0.0,0.0,0.0,0.0,0.0,0.4054651081081644,3.912023005428146,0.0,0.0,0.0,0.0,-0.5122644716099094,1.6354188546252855,-0.2067618191097883,-1.0372296021090317,1.5163876497731832,1.0
RTS93,external93,1,15,13,0.3,0.16,perfect,independent,0.0,0.0,0,65.0,222_HYDRO_2,0.0,50.0,1.5,0.0,0.0,0.0,0.0,0.9817593557916666,1.0,0.0182406442083333,0.0,0.8229166666666666,0.7986111111111112,0.0,0.0,0.0,0.0,0.0,0.0,0.0,0.4054651081081644,3.912023005428146,0.0,0.0,0.0,0.0,-0.5122644716099094,1.6354188546252855,-0.2067618191097883,-1.0372296021090317,1.578522043870704,1.0
RTS93,external93,1,15,13,0.3,0.16,perfect,independent,0.0,0.0,0,65.0,222_HYDRO_3,0.0,50.0,1.5,0.0,0.0,0.0,0.0,1.0,1.0,0.0,0.0,0.8229166666666666,0.7986111111111112,0.0,0.0,0.0,0.0,0.0,0.0,0.0,0.4054651081081644,3.912023005428146,0.0,0.0,0.0,0.0,-0.5122644716099094,1.6354188546252855,-0.2067618191097883,-1.0372296021090317,1.621548645794748,1.0
RTS93,external93,1,15,13,0.3,0.16,perfect,independent,0.0,0.0,0,65.0,222_HYDRO_4,0.0,50.0,1.5,0.0,0.0,0.0,0.0,0.9820785456250002,1.0,0.0179214543749998,0.0,0.8229166666666666,0.7986111111111112,0.0,0.0,0.0,0.0,0.0,0.0,0.0,0.4054651081081644,3.912023005428146,0.0,0.0,0.0,0.0,-0.5122644716099094,1.6354188546252855,-0.2067618191097883,-1.0372296021090317,1.5792749588302954,1.0
RTS93,external93,1,15,13,0.3,0.16,perfect,independent,0.0,0.0,0,65.0,222_HYDRO_5,0.0,50.0,1.5,0.0,0.0,0.0,0.0,0.9714448599305556,1.0,0.0285551400694444,0.0,0.8229166666666666,0.7986111111111112,0.0,0.0,0.0,0.0,0.0,0.0,0.0,0.4054651081081644,3.912023005428146,0.0,0.0,0.0,0.0,-0.5122644716099094,1.6354188546252855,-0.2067618191097883,-1.0372296021090317,1.554191888510266,1.0
RTS93,external93,1,15,13,0.3,0.16,perfect,independent,0.0,0.0,0,65.0,222_HYDRO_6,0.0,50.0,1.5,0.0,0.0,0.0,0.0,0.96786760375,1.0,0.0321323962499998,0.0,0.8229166666666666,0.7986111111111112,0.0,0.0,0.0,0.0,0.0,0.0,0.0,0.4054651081081644,3.912023005428146,0.0,0.0,0.0,0.0,-0.5122644716099094,1.6354188546252855,-0.2067618191097883,-1.0372296021090317,1.5457537447745981,1.0
RTS93,external93,1,15,13,0.3,0.16,perfect,independent,0.0,0.0,0,65.0,322_HYDRO_1,0.0,50.0,1.5,0.0,0.0,0.0,0.0,0.9832289538888888,1.0,0.016771046111111,0.0,0.8229166666666666,0.7986111111111112,0.0,0.0,0.0,0.0,0.0,0.0,0.0,0.4054651081081644,3.912023005428146,0.0,0.0,0.0,0.0,-0.5122644716099094,1.6354188546252855,-0.2067618191097883,-1.0372296021090317,1.5819885778151914,1.0
RTS93,external93,1,15,13,0.3,0.16,perfect,independent,0.0,0.0,0,65.0,322_HYDRO_2,0.0,50.0,1.5,0.0,0.0,0.0,0.0,0.9895833333333334,1.0,0.0104166666666666,0.0,0.8229166666666666,0.7986111111111112,0.0,0.0,0.0,0.0,0.0,0.0,0.0,0.4054651081081644,3.912023005428146,0.0,0.0,0.0,0.0,-0.5122644716099094,1.6354188546252855,-0.2067618191097883,-1.0372296021090317,1.5969774867433935,1.0
RTS93,external93,1,15,13,0.3,0.16,perfect,independent,0.0,0.0,0,65.0,322_HYDRO_3,0.0,50.0,1.5,0.0,0.0,0.0,0.0,0.9466934177083336,1.0,0.0533065822916665,0.0,0.8229166666666666,0.7986111111111112,0.0,0.0,0.0,0.0,0.0,0.0,0.0,0.4054651081081644,3.912023005428146,0.0,0.0,0.0,0.0,-0.5122644716099094,1.6354188546252855,-0.2067618191097883,-1.0372296021090317,1.4958074126453735,1.0
RTS93,external93,1,15,13,0.3,0.16,perfect,independent,0.0,0.0,0,65.0,322_HYDRO_4,0.0,50.0,1.5,0.0,0.0,0.0,0.0,0.9804701128472224,1.0,0.0195298871527777,0.0,0.8229166666666666,0.7986111111111112,0.0,0.0,0.0,0.0,0.0,0.0,0.0,0.4054651081081644,3.912023005428146,0.0,0.0,0.0,0.0,-0.5122644716099094,1.6354188546252855,-0.2067618191097883,-1.0372296021090317,1.5754809373001015,1.0
RTS93,external93,1,17,13,0.3,0.16,perfect,independent,0.0,0.0,0,65.0,101_CT_1,109.6984653,20.0,0.225,0.0,0.0,0.0,0.0,0.0,0.0,1.0,1.0,0.0,0.0,0.0,0.0,0.0,0.0,0.0,0.0,0.0,-1.491654876777717,2.995732273553991,0.0,0.0,0.0,0.0,-0.5122644716099094,0.33897374315264334,-1.1850056360038916,1.763036704718879,-0.7372826231352724,1.0
RTS93,external93,1,17,13,0.3,0.16,perfect,independent,0.0,0.0,0,65.0,101_CT_2,109.6984653,20.0,0.225,0.0,0.0,0.0,0.0,0.0,0.0,1.0,1.0,0.0,0.0,0.0,0.0,0.0,0.0,0.0,0.0,0.0,-1.491654876777717,2.995732273553991,0.0,0.0,0.0,0.0,-0.5122644716099094,0.33897374315264334,-1.1850056360038916,1.763036704718879,-0.7372826231352724,1.0
RTS93,external93,1,17,13,0.3,0.16,perfect,independent,0.0,0.0,0,65.0,101_STEAM_3,19.3218686,76.0,0.0394736842105263,0.3923611111111111,0.3472222222222222,9.939814814814817,8.796296296296296,0.3500537383954683,0.3151059218293137,0.6499462616045316,0.6848940781706863,0.3541666666666667,0.3472222222222222,2569.798355810353,2569.798355810353,525.5384400221267,0.0,-2044.2599157882264,0.0,0.0,-3.232121051618222,4.330733340286331,33.81313626066254,26.898156786687185,3.549994794307918,3.3285606216516412,1.521696927142726,-0.8504180096263427,0.24025874095513047,-0.5440013926024746,0.08843508079780737,1.0
RTS93,external93,1,17,13,0.3,0.16,perfect,independent,0.0,0.0,0,65.0,101_STEAM_4,19.3218686,76.0,0.0394736842105263,0.3506944444444444,0.3472222222222222,8.88425925925926,8.796296296296296,0.3701942563961991,0.3102447903874247,0.6298057436038008,0.6897552096125752,0.3541666666666667,0.3472222222222222,2486.698606179364,2486.698606179364,496.208492723443,0.0,-1990.4901134559211,0.0,0.0,-3.232121051618222,4.330733340286331,32.71971850236005,26.19065938757791,3.5180827850074703,3.3028735094565382,1.3057010263902338,-0.8504180096263427,0.24025874095513047,-0.5440013926024746,0.13594316443037913,1.0
RTS93,external93,1,17,13,0.3,0.16,perfect,independent,0.0,0.0,0,65.0,102_CT_1,108.68163675,20.0,0.225,0.0,0.0,0.0,0.0,0.0,0.0,1.0,1.0,0.0,0.0,0.0,0.0,0.0,0.0,0.0,0.0,0.0,-1.491654876777717,2.995732273553991,0.0,0.0,0.0,0.0,-0.5122644716099094,0.33897374315264334,-1.1850056360038916,1.7370801818030965,-0.7372826231352724,1.0
RTS93,external93,1,17,13,0.3,0.16,perfect,independent,0.0,0.0,0,65.0,102_CT_2,108.68163675,20.0,0.225,0.0,0.0,0.0,0.0,0.0,0.0,1.0,1.0,0.0,0.0,0.0,0.0,0.0,0.0,0.0,0.0,0.0,-1.491654876777717,2.995732273553991,0.0,0.0,0.0,0.0,-0.5122644716099094,0.33897374315264334,-1.1850056360038916,1.7370801818030965,-0.7372826231352724,1.0
RTS93,external93,1,17,13,0.3,0.16,perfect,independent,0.0,0.0,0,65.0,102_STEAM_3,21.582252407499997,76.0,0.0394736842105263,0.3194444444444444,0.3125,8.092592592592592,7.916666666666667,0.2493600916027056,0.2163720694901315,0.7506399083972943,0.7836279305098685,0.2638888888888889,0.2986111111111111,1467.402677356859,1467.402677356859,44.88214968645849,0.0,-1422.5205276704005,0.0,0.0,-3.232121051618222,4.330733340286331,19.307929965221827,18.717375364084216,3.011011448449195,2.981500245188972,1.1437041008258646,-0.8504180096263427,0.24025874095513047,-0.48630070737108666,-0.14908424183955624,1.0
RTS93,external93,1,17,13,0.3,0.16,perfect,independent,0.0,0.0,0,65.0,102_STEAM_4,21.582252407499997,76.0,0.0394736842105263,0.34375,0.3090277777777778,8.708333333333334,7.828703703703704,0.2655172155975875,0.2161086439601608,0.7344827844024125,0.7838913560398392,0.2638888888888889,0.2986111111111111,1831.9493169457917,1831.9493169457917,44.88214968645849,0.0,-1787.067167259333,0.0,0.0,-3.232121051618222,4.330733340286331,24.10459627560252,23.51404167446491,3.2230509479234843,3.199246082944652,1.2697017095981518,-0.8504180096263427,0.24025874095513047,-0.48630070737108666,-0.1109723125444493,1.0
RTS93,external93,1,17,13,0.3,0.16,perfect,independent,0.0,0.0,0,65.0,107_CC_1,27.15028809,355.0,0.0174929577464788,0.0208333333333333,0.0590277777777777,1.190955448201825,3.374373769905171,0.0007031248435054,0.0024420017214397,0.9992968751564946,0.9975579982785602,0.0104166666666666,0.0486111111111111,9.52967793144376,9.52967793144376,0.5584668783750004,0.0,-8.97121105306876,0.0,0.0,-4.0459568935300325,5.872117789475416,0.026844163187165523,0.025271017050897918,0.026490179595538055,0.024956984519957915,-0.4042665212336634,-1.4065733963143685,1.8858606819371508,-0.344165786209885,-0.7356240702684503,1.0
RTS93,external93,1,17,13,0.3,0.16,perfect,independent,0.0,0.0,0,65.0,113_CT_1,34.424248515,55.0,0.1009090909090909,0.0,0.0069444444444444,0.0,0.0688188188188188,0.0,0.0003503787878787,1.0,0.9996496212121212,0.0,0.0034722222222222,0.0,0.0,0.0,0.0,0.0,0.0,0.0,-2.2935352574741277,4.007333185232471,0.0,0.0,0.0,0.0,-0.5122644716099094,-0.20901157555255098,-0.10500744046411228,-0.15848382393609617,-0.7372826231352724,1.0
RTS93,external93,1,17,13,0.3,0.16,perfect,independent,0.0,0.0,0,65.0,113_CT_2,34.424248515,55.0,0.1009090909090909,0.0,0.0069444444444444,0.0,0.0688188188188188,0.0,0.0003503787878787,1.0,0.9996496212121212,0.0,0.0034722222222222,0.0,0.0,0.0,0.0,0.0,0.0,0.0,-2.2935352574741277,4.007333185232471,0.0,0.0,0.0,0.0,-0.5122644716099094,-0.20901157555255098,-0.10500744046411228,-0.15848382393609617,-0.7372826231352724,1.0
RTS93,external93,1,17,13,0.3,0.16,perfect,independent,0.0,0.0,0,65.0,113_CT_3,34.424248515,55.0,0.1009090909090909,0.0,0.0069444444444444,0.0,0.0688188188188188,4.6476830808061806e-05,0.0003503787878787,0.999953523169192,0.9996496212121212,0.0,0.0034722222222222,0.0,0.0,0.0,0.0,0.0,0.0,0.0,-2.2935352574741277,4.007333185232471,0.0,0.0,0.0,0.0,-0.5122644716099094,-0.20901157555255098,-0.10500744046411228,-0.15848382393609617,-0.7371729921334815,1.0
RTS93,external93,1,17,13,0.3,0.16,perfect,independent,0.0,0.0,0,65.0,113_CT_4,34.424248515,55.0,0.1009090909090909,0.0069444444444444,0.0069444444444444,0.0688188188188188,0.0688188188188188,0.0003503787878787,0.0003503787878787,0.9996496212121212,0.9996496212121212,0.0,0.0034722222222222,0.0,0.0,0.0,0.0,0.0,0.0,0.0,-2.2935352574741277,4.007333185232471,0.0,0.0,0.0,0.0,-0.4762651548178275,-0.20901157555255098,-0.10500744046411228,-0.15848382393609617,-0.7364561386944544,1.0
RTS93,external93,1,17,13,0.3,0.16,perfect,independent,0.0,0.0,0,65.0,115_STEAM_1,140.6638701,12.0,0.125,0.0,0.0,0.0,0.0,0.0,0.0,1.0,1.0,0.0,0.0,0.0,0.0,0.0,0.0,0.0,0.0,0.0,-2.0794415416798357,2.4849066497880004,0.0,0.0,0.0,0.0,-0.5122644716099094,-0.06270519880789859,-1.7303696679395384,2.553488781706389,-0.7372826231352724,1.0
RTS93,external93,1,17,13,0.3,0.16,perfect,independent,0.0,0.0,0,65.0,115_STEAM_2,140.6638701,12.0,0.125,0.0,0.0,0.0,0.0,0.0,0.0,1.0,1.0,0.0,0.0,0.0,0.0,0.0,0.0,0.0,0.0,0.0,-2.0794415416798357,2.4849066497880004,0.0,0.0,0.0,0.0,-0.5122644716099094,-0.06270519880789859,-1.7303696679395384,2.553488781706389,-0.7372826231352724,1.0
RTS93,external93,1,17,13,0.3,0.16,perfect,independent,0.0,0.0,0,65.0,115_STEAM_3,23.535050669999997,155.0,0.0290322580645161,0.1527777777777778,0.1875,5.262345679012346,6.458333333333333,0.0218407019489245,0.0240449577060928,0.9781592980510756,0.9759550422939072,0.0763888888888889,0.1284722222222222,36.31961517972856,36.31961517972856,16.664029384850238,0.0,-19.65558579487832,0.0,0.0,-3.5393477201429735,5.043425116919247,0.23432009793373262,0.12681023093469884,0.2105202904948856,0.11939083661561876,0.27972049781589564,-1.0603691543594995,1.0011376842752469,-0.43645174035449125,-0.6857640924427684,1.0
RTS93,external93,1,17,13,0.3,0.16,perfect,independent,0.0,0.0,0,65.0,116_STEAM_1,23.254946994999997,155.0,0.0290322580645161,0.1875,0.2395833333333333,6.458333333333333,8.252314814814815,0.0290652341621863,0.0327489746639785,0.9709347658378136,0.9672510253360216,0.09375,0.1666666666666666,42.28277024639647,42.28277024639647,7.183373724567559,0.0,-35.09939652182891,0.0,0.0,-3.5393477201429735,5.043425116919247,0.27279206610578366,0.22644771949567039,0.2412129646041804,0.20412195804000285,0.4597170817763058,-1.0603691543594995,1.0011376842752469,-0.4436019304813642,-0.6687226399547342,1.0
RTS93,external93,1,17,13,0.3,0.16,perfect,independent,0.0,0.0,0,65.0,118_CC_1,27.75086358,355.0,0.0174929577464788,0.0208333333333333,0.0486111111111111,1.190955448201825,2.778896045804258,0.0005466549295774,0.0011540492957746,0.9994533450704226,0.9988459507042252,0.0104166666666666,0.0277777777777777,5.7481036543125015,5.7481036543125015,0.0,0.0,-5.7481036543125015,0.0,0.0,-4.0459568935300325,5.872117789475416,0.016191841279753524,0.016191841279753524,0.01606215148924567,0.01606215148924567,-0.4042665212336634,-1.4065733963143685,1.8858606819371508,-0.32883493080772047,-0.7359931563940705,1.0
RTS93,external93,1,17,13,0.3,0.16,perfect,independent,0.0,0.0,0,65.0,123_STEAM_2,24.654408375,155.0,0.0290322580645161,0.0798611111111111,0.1388888888888889,2.7507716049382713,4.783950617283951,0.0080517463709676,0.0120756188620071,0.9919482536290324,0.9879243811379927,0.0451388888888888,0.0972222222222222,24.66152924748267,24.66152924748267,2.281888737455631,0.0,-22.37964051002704,0.0,0.0,-3.5393477201429735,5.043425116919247,0.1591066403063398,0.1443847774840454,0.1476495707429645,0.13486718036124343,-0.0982723285009659,-1.0603691543594995,1.0011376842752469,-0.40787796169653473,-0.7182899120259402,1.0
RTS93,external93,1,17,13,0.3,0.16,perfect,independent,0.0,0.0,0,65.0,123_STEAM_3,22.665143785,350.0,0.0171428571428571,0.2013888888888889,0.28125,11.747685185185183,16.40625,0.0229044849603175,0.0326160901388891,0.9770955150396824,0.9673839098611108,0.1111111111111111,0.2118055555555555,85.92083513916305,85.92083513916305,19.246893926084056,0.0,-66.67394121307899,0.0,0.0,-4.066173685255407,5.857933154483459,0.2454881003976087,0.1904969748945114,0.21952750159786882,0.1743708459037623,0.5317157153604699,-1.4203890542647535,1.8707169824615488,-0.45865780252210037,-0.6832548078121381,1.0
RTS93,external93,1,17,13,0.3,0.16,perfect,independent,0.0,0.0,0,65.0,123_CT_1,34.156030335000004,55.0,0.1009090909090909,0.0069444444444444,0.0069444444444444,0.0688188188188188,0.0688188188188188,0.0003503787878787,0.0003503787878787,0.9996496212121212,0.9996496212121212,0.0034722222222222,0.0034722222222222,0.0,0.0,0.0,0.0,0.0,0.0,0.0,-2.2935352574741277,4.007333185232471,0.0,0.0,0.0,0.0,-0.4762651548178275,-0.20901157555255098,-0.10500744046411228,-0.16533061372735405,-0.7364561386944544,1.0
RTS93,external93,1,17,13,0.3,0.16,perfect,independent,0.0,0.0,0,65.0,123_CT_4,34.156030335000004,55.0,0.1009090909090909,0.0069444444444444,0.0069444444444444,0.0688188188188188,0.0688188188188188,0.0003503787878787,0.0003503787878787,0.9996496212121212,0.9996496212121212,0.0034722222222222,0.0034722222222222,0.0,0.0,0.0,0.0,0.0,0.0,0.0,-2.2935352574741277,4.007333185232471,0.0,0.0,0.0,0.0,-0.4762651548178275,-0.20901157555255098,-0.10500744046411228,-0.16533061372735405,-0.7364561386944544,1.0
RTS93,external93,1,17,13,0.3,0.16,perfect,independent,0.0,0.0,0,65.0,123_CT_5,34.156030335000004,55.0,0.1009090909090909,0.0069444444444444,0.0069444444444444,0.0688188188188188,0.0688188188188188,0.0003503787878787,0.0003503787878787,0.9996496212121212,0.9996496212121212,0.0034722222222222,0.0034722222222222,0.0,0.0,0.0,0.0,0.0,0.0,0.0,-2.2935352574741277,4.007333185232471,0.0,0.0,0.0,0.0,-0.4762651548178275,-0.20901157555255098,-0.10500744046411228,-0.16533061372735405,-0.7364561386944544,1.0
RTS93,external93,1,17,13,0.3,0.16,perfect,independent,0.0,0.0,0,65.0,201_CT_1,105.65443725,20.0,0.225,0.0,0.0,0.0,0.0,0.0,0.0,1.0,1.0,0.0,0.0,0.0,0.0,0.0,0.0,0.0,0.0,0.0,-1.491654876777717,2.995732273553991,0.0,0.0,0.0,0.0,-0.5122644716099094,0.33897374315264334,-1.1850056360038916,1.6598050372446584,-0.7372826231352724,1.0
RTS93,external93,1,17,13,0.3,0.16,perfect,independent,0.0,0.0,0,65.0,201_CT_2,105.65443725,20.0,0.225,0.0,0.0,0.0,0.0,0.0,0.0,1.0,1.0,0.0,0.0,0.0,0.0,0.0,0.0,0.0,0.0,0.0,-1.491654876777717,2.995732273553991,0.0,0.0,0.0,0.0,-0.5122644716099094,0.33897374315264334,-1.1850056360038916,1.6598050372446584,-0.7372826231352724,1.0
RTS93,external93,1,17,13,0.3,0.16,perfect,independent,0.0,0.0,0,65.0,201_STEAM_3,24.7120146025,76.0,0.0394736842105263,0.0659722222222222,0.1388888888888889,1.6712962962962965,3.518518518518519,0.0089670320723683,0.0145769560946637,0.9910329679276316,0.9854230439053364,0.0347222222222222,0.0833333333333333,13.67852313082383,13.67852313082383,1.2507190762499931,0.0,-12.427804054573835,0.0,0.0,-3.232121051618222,4.330733340286331,0.17998056751083988,0.16352373756018207,0.16549797013081827,0.15145310540871837,-0.1702709620851301,-0.8504180096263427,0.24025874095513047,-0.4064074508968571,-0.7161309074934716,1.0
RTS93,external93,1,17,13,0.3,0.16,perfect,independent,0.0,0.0,0,65.0,202_CT_1,101.92865324999998,20.0,0.225,0.0,0.0,0.0,0.0,0.0,0.0,1.0,1.0,0.0,0.0,0.0,0.0,0.0,0.0,0.0,0.0,0.0,-1.491654876777717,2.995732273553991,0.0,0.0,0.0,0.0,-0.5122644716099094,0.33897374315264334,-1.1850056360038916,1.564697167018888,-0.7372826231352724,1.0
RTS93,external93,1,17,13,0.3,0.16,perfect,independent,0.0,0.0,0,65.0,202_CT_2,101.92865324999998,20.0,0.225,0.0,0.0,0.0,0.0,0.0,0.0,1.0,1.0,0.0,0.0,0.0,0.0,0.0,0.0,0.0,0.0,0.0,-1.491654876777717,2.995732273553991,0.0,0.0,0.0,0.0,-0.5122644716099094,0.33897374315264334,-1.1850056360038916,1.564697167018888,-0.7372826231352724,1.0
RTS93,external93,1,17,13,0.3,0.16,perfect,independent,0.0,0.0,0,65.0,202_STEAM_3,23.6803874825,76.0,0.0394736842105263,0.1180555555555555,0.1736111111111111,2.990740740740741,4.398148148148148,0.0203835194627193,0.0243472807931286,0.9796164805372808,0.9756527192068716,0.0590277777777777,0.1076388888888889,16.907771943981388,16.907771943981388,8.986873624256518,0.0,-7.92089831972487,0.0,0.0,-3.232121051618222,4.330733340286331,0.22247068347343932,0.10422234631216934,0.20087396128052346,0.09914132822159724,0.09972391385548507,-0.8504180096263427,0.24025874095513047,-0.43274173604337784,-0.6892013400557664,1.0
RTS93,external93,1,17,13,0.3,0.16,perfect,independent,0.0,0.0,0,65.0,202_STEAM_4,23.6803874825,76.0,0.0394736842105263,0.1215277777777777,0.1631944444444444,3.0787037037037037,4.1342592592592595,0.0221790287372073,0.024643238760965,0.9778209712627928,0.9753567612390348,0.0590277777777777,0.1076388888888889,19.727726832106015,19.727726832106015,8.789938255034784,0.0,-10.937788577071233,0.0,0.0,-3.232121051618222,4.330733340286331,0.2595753530540265,0.14391827075093724,0.23077464277322293,0.1344594487542512,0.11772357225152602,-0.8504180096263427,0.24025874095513047,-0.43274173604337784,-0.6849660366354503,1.0
RTS93,external93,1,17,13,0.3,0.16,perfect,independent,0.0,0.0,0,65.0,207_CT_1,41.098605255,55.0,0.1009090909090909,0.0,0.0,0.0,0.0,0.0,0.0,1.0,1.0,0.0,0.0,0.0,0.0,0.0,0.0,0.0,0.0,0.0,-2.2935352574741277,4.007333185232471,0.0,0.0,0.0,0.0,-0.5122644716099094,-0.20901157555255098,-0.10500744046411228,0.01189209014491675,-0.7372826231352724,1.0
RTS93,external93,1,17,13,0.3,0.16,perfect,independent,0.0,0.0,0,65.0,207_CT_2,41.098605255,55.0,0.1009090909090909,0.0,0.0,0.0,0.0,0.0,0.0,1.0,1.0,0.0,0.0,0.0,0.0,0.0,0.0,0.0,0.0,0.0,-2.2935352574741277,4.007333185232471,0.0,0.0,0.0,0.0,-0.5122644716099094,-0.20901157555255098,-0.10500744046411228,0.01189209014491675,-0.7372826231352724,1.0
RTS93,external93,1,17,13,0.3,0.16,perfect,independent,0.0,0.0,0,65.0,213_CC_3,29.04336423,355.0,0.0174929577464788,0.0208333333333333,0.0138888888888888,1.190955448201825,0.7939702988012167,0.0005466549295774,0.0005621722222222,0.9994533450704226,0.9994378277777778,0.0104166666666666,0.0138888888888888,5.0260810497187505,5.0260810497187505,0.0,0.0,-5.0260810497187505,0.0,0.0,-4.0459568935300325,5.872117789475416,0.014157974787940142,0.014157974787940142,0.014058686710886486,0.014058686710886486,-0.4042665212336634,-1.4065733963143685,1.8858606819371508,-0.2958413423208615,-0.7359931563940705,1.0
RTS93,external93,1,17,13,0.3,0.16,perfect,independent,0.0,0.0,0,65.0,213_CT_1,34.424248515,55.0,0.1009090909090909,0.0069444444444444,0.0069444444444444,0.0688188188188188,0.0688188188188188,0.0003503787878787,0.0003503787878787,0.9996496212121212,0.9996496212121212,0.0,0.0034722222222222,0.0,0.0,0.0,0.0,0.0,0.0,0.0,-2.2935352574741277,4.007333185232471,0.0,0.0,0.0,0.0,-0.4762651548178275,-0.20901157555255098,-0.10500744046411228,-0.15848382393609617,-0.7364561386944544,1.0
RTS93,external93,1,17,13,0.3,0.16,perfect,independent,0.0,0.0,0,65.0,213_CT_2,34.424248515,55.0,0.1009090909090909,0.0069444444444444,0.0069444444444444,0.0688188188188188,0.0688188188188188,0.0003503787878787,0.0003503787878787,0.9996496212121212,0.9996496212121212,0.0,0.0034722222222222,0.0,0.0,0.0,0.0,0.0,0.0,0.0,-2.2935352574741277,4.007333185232471,0.0,0.0,0.0,0.0,-0.4762651548178275,-0.20901157555255098,-0.10500744046411228,-0.15848382393609617,-0.7364561386944544,1.0
RTS93,external93,1,17,13,0.3,0.16,perfect,independent,0.0,0.0,0,65.0,215_CT_4,35.281380525,55.0,0.1009090909090909,0.0,0.0069444444444444,0.0,0.0688188188188188,0.0,0.0003503787878787,1.0,0.9996496212121212,0.0,0.0034722222222222,0.0,0.0,0.0,0.0,0.0,0.0,0.0,-2.2935352574741277,4.007333185232471,0.0,0.0,0.0,0.0,-0.5122644716099094,-0.20901157555255098,-0.10500744046411228,-0.13660386525533708,-0.7372826231352724,1.0
RTS93,external93,1,17,13,0.3,0.16,perfect,independent,0.0,0.0,0,65.0,215_CT_5,35.281380525,55.0,0.1009090909090909,0.0,0.0069444444444444,0.0,0.0688188188188188,0.0,0.0003503787878787,1.0,0.9996496212121212,0.0,0.0034722222222222,0.0,0.0,0.0,0.0,0.0,0.0,0.0,-2.2935352574741277,4.007333185232471,0.0,0.0,0.0,0.0,-0.5122644716099094,-0.20901157555255098,-0.10500744046411228,-0.13660386525533708,-0.7372826231352724,1.0
RTS93,external93,1,17,13,0.3,0.16,perfect,independent,0.0,0.0,0,65.0,216_STEAM_1,21.7693405225,155.0,0.0290322580645161,0.3576388888888889,0.3576388888888889,12.318672839506172,12.318672839506172,0.2193446340277774,0.1926871707885298,0.7806553659722225,0.8073128292114702,0.2256944444444444,0.2847222222222222,2811.760881562862,2811.760881562862,355.8622253219684,0.0,-2455.8986562408936,0.0,0.0,-3.5393477201429735,5.043425116919247,18.14039278427653,15.844507459618669,2.9518009074587837,2.8240246368714397,1.341700343182316,-1.0603691543594995,1.0011376842752469,-0.4815249200033262,-0.21988564171853933,1.0
RTS93,external93,1,17,13,0.3,0.16,perfect,independent,0.0,0.0,0,65.0,218_CC_1,29.15998083,355.0,0.0174929577464788,0.0069444444444444,0.0138888888888888,0.3969851494006083,0.7939702988012167,0.0002461308098591,0.0002535532668231,0.9997538691901408,0.9997464467331768,0.0034722222222222,0.0069444444444444,0.811201488326204,0.811201488326204,0.0,0.0,-0.811201488326204,0.0,0.0,-4.0459568935300325,5.872117789475416,0.0022850746150033913,0.0022850746150033913,0.00228246780242421,0.00228246780242421,-0.4762651548178275,-1.4065733963143685,1.8858606819371508,-0.2928644771942277,-0.7367020420847297,1.0
RTS93,external93,1,17,13,0.3,0.16,perfect,independent,0.0,0.0,0,65.0,221_CC_1,28.087108110000003,355.0,0.0174929577464788,0.0208333333333333,0.03125,1.190955448201825,1.7864331723027376,0.0005466549295774,0.0009284260269953,0.9994533450704226,0.9990715739730048,0.0104166666666666,0.0243055555555555,5.026081049718748,5.026081049718748,0.3270081219715148,0.0,-4.699072927747233,0.0,0.0,-4.0459568935300325,5.872117789475416,0.014157974787940135,0.013236825148583755,0.014058686710886479,0.013149983874348547,-0.4042665212336634,-1.4065733963143685,1.8858606819371508,-0.3202516363592594,-0.7359931563940705,1.0
RTS93,external93,1,17,13,0.3,0.16,perfect,independent,0.0,0.0,0,65.0,223_STEAM_1,20.523671915,155.0,0.0290322580645161,0.3680555555555556,0.3576388888888889,12.67746913580247,12.318672839506172,0.2556784318100354,0.2528265147625446,0.7443215681899645,0.7471734852374552,0.2916666666666667,0.3229166666666667,3507.246627118799,3507.246627118799,996.3421105362614,0.0,-2510.904516582538,0.0,0.0,-3.5393477201429735,5.043425116919247,22.627397594314832,16.199383977951857,3.162406953704148,2.8448735679426695,1.3956993183704391,-1.0603691543594995,1.0011376842752469,-0.5133230296807593,-0.13418034339076892,1.0
RTS93,external93,1,17,13,0.3,0.16,perfect,independent,0.0,0.0,0,65.0,223_STEAM_2,20.523671915,155.0,0.0290322580645161,0.3923611111111111,0.3576388888888889,13.51466049382716,12.318672839506172,0.2837719144937274,0.2455648112679219,0.7162280855062726,0.7544351887320779,0.2916666666666667,0.3229166666666667,4408.897995369323,4408.897995369323,886.7223999223436,0.0,-3522.17559544698,0.0,0.0,-3.5393477201429735,5.043425116919247,28.44450319593112,22.723713519012772,3.382507243981522,3.166475118326634,1.521696927142726,-1.0603691543594995,1.0011376842752469,-0.5133230296807593,-0.06791255798333218,1.0
RTS93,external93,1,17,13,0.3,0.16,perfect,independent,0.0,0.0,0,65.0,223_STEAM_3,22.571599727499997,350.0,0.0171428571428571,0.3194444444444444,0.3020833333333333,18.634259259259256,17.621527777777775,0.07372668109127,0.0615815387599205,0.92627331890873,0.9384184612400794,0.1631944444444444,0.2361111111111111,1714.4142738857377,1714.4142738857377,134.2027725353219,0.0,-1580.2115013504158,0.0,0.0,-4.066173685255407,5.857933154483459,4.898326496816393,4.514890003858331,1.7746686660695428,1.7074517076032691,1.1437041008258646,-1.4203890542647535,1.8707169824615488,-0.4610456962059807,-0.563373822422753,1.0
RTS93,external93,1,17,13,0.3,0.16,perfect,independent,0.0,0.0,0,65.0,223_CT_4,48.87207345,55.0,0.1009090909090909,0.0,0.0,0.0,0.0,0.0,0.0,1.0,1.0,0.0,0.0,0.0,0.0,0.0,0.0,0.0,0.0,0.0,-2.2935352574741277,4.007333185232471,0.0,0.0,0.0,0.0,-0.5122644716099094,-0.20901157555255098,-0.10500744046411228,0.21032495804445406,-0.7372826231352724,1.0
RTS93,external93,1,17,13,0.3,0.16,perfect,independent,0.0,0.0,0,65.0,223_CT_5,48.87207345,55.0,0.1009090909090909,0.0,0.0,0.0,0.0,0.0,0.0,1.0,1.0,0.0,0.0,0.0,0.0,0.0,0.0,0.0,0.0,0.0,-2.2935352574741277,4.007333185232471,0.0,0.0,0.0,0.0,-0.5122644716099094,-0.20901157555255098,-0.10500744046411228,0.21032495804445406,-0.7372826231352724,1.0
RTS93,external93,1,17,13,0.3,0.16,perfect,independent,0.0,0.0,0,65.0,223_CT_6,48.87207345,55.0,0.1009090909090909,0.0,0.0,0.0,0.0,0.0,0.0,1.0,1.0,0.0,0.0,0.0,0.0,0.0,0.0,0.0,0.0,0.0,-2.2935352574741277,4.007333185232471,0.0,0.0,0.0,0.0,-0.5122644716099094,-0.20901157555255098,-0.10500744046411228,0.21032495804445406,-0.7372826231352724,1.0
RTS93,external93,1,17,13,0.3,0.16,perfect,independent,0.0,0.0,0,65.0,301_CT_1,110.83689929999998,20.0,0.225,0.0,0.0,0.0,0.0,0.0,0.0,1.0,1.0,0.0,0.0,0.0,0.0,0.0,0.0,0.0,0.0,0.0,-1.491654876777717,2.995732273553991,0.0,0.0,0.0,0.0,-0.5122644716099094,0.33897374315264334,-1.1850056360038916,1.7920974428434195,-0.7372826231352724,1.0
RTS93,external93,1,17,13,0.3,0.16,perfect,independent,0.0,0.0,0,65.0,301_CT_2,110.83689929999998,20.0,0.225,0.0,0.0,0.0,0.0,0.0,0.0,1.0,1.0,0.0,0.0,0.0,0.0,0.0,0.0,0.0,0.0,0.0,-1.491654876777717,2.995732273553991,0.0,0.0,0.0,0.0,-0.5122644716099094,0.33897374315264334,-1.1850056360038916,1.7920974428434195,-0.7372826231352724,1.0
RTS93,external93,1,17,13,0.3,0.16,perfect,independent,0.0,0.0,0,65.0,301_CT_3,38.095727805,55.0,0.1009090909090909,0.0,0.0,0.0,0.0,0.0,0.0,1.0,1.0,0.0,0.0,0.0,0.0,0.0,0.0,0.0,0.0,0.0,-2.2935352574741277,4.007333185232471,0.0,0.0,0.0,0.0,-0.5122644716099094,-0.20901157555255098,-0.10500744046411228,-0.06476218686590589,-0.7372826231352724,1.0
RTS93,external93,1,17,13,0.3,0.16,perfect,independent,0.0,0.0,0,65.0,301_CT_4,38.095727805,55.0,0.1009090909090909,0.0,0.0,0.0,0.0,0.0,0.0,1.0,1.0,0.0,0.0,0.0,0.0,0.0,0.0,0.0,0.0,0.0,-2.2935352574741277,4.007333185232471,0.0,0.0,0.0,0.0,-0.5122644716099094,-0.20901157555255098,-0.10500744046411228,-0.06476218686590589,-0.7372826231352724,1.0
RTS93,external93,1,17,13,0.3,0.16,perfect,independent,0.0,0.0,0,65.0,302_CT_1,110.83689929999998,20.0,0.225,0.0,0.0,0.0,0.0,0.0,0.0,1.0,1.0,0.0,0.0,0.0,0.0,0.0,0.0,0.0,0.0,0.0,-1.491654876777717,2.995732273553991,0.0,0.0,0.0,0.0,-0.5122644716099094,0.33897374315264334,-1.1850056360038916,1.7920974428434195,-0.7372826231352724,1.0
RTS93,external93,1,17,13,0.3,0.16,perfect,independent,0.0,0.0,0,65.0,302_CT_2,110.83689929999998,20.0,0.225,0.0,0.0,0.0,0.0,0.0,0.0,1.0,1.0,0.0,0.0,0.0,0.0,0.0,0.0,0.0,0.0,0.0,-1.491654876777717,2.995732273553991,0.0,0.0,0.0,0.0,-0.5122644716099094,0.33897374315264334,-1.1850056360038916,1.7920974428434195,-0.7372826231352724,1.0
RTS93,external93,1,17,13,0.3,0.16,perfect,independent,0.0,0.0,0,65.0,302_CT_3,42.663211305,55.0,0.1009090909090909,0.0,0.0,0.0,0.0,0.0,0.0,1.0,1.0,0.0,0.0,0.0,0.0,0.0,0.0,0.0,0.0,0.0,-2.2935352574741277,4.007333185232471,0.0,0.0,0.0,0.0,-0.5122644716099094,-0.20901157555255098,-0.10500744046411228,0.05183169726058796,-0.7372826231352724,1.0
RTS93,external93,1,17,13,0.3,0.16,perfect,independent,0.0,0.0,0,65.0,302_CT_4,42.663211305,55.0,0.1009090909090909,0.0,0.0,0.0,0.0,0.0,0.0,1.0,1.0,0.0,0.0,0.0,0.0,0.0,0.0,0.0,0.0,0.0,-2.2935352574741277,4.007333185232471,0.0,0.0,0.0,0.0,-0.5122644716099094,-0.20901157555255098,-0.10500744046411228,0.05183169726058796,-0.7372826231352724,1.0
RTS93,external93,1,17,13,0.3,0.16,perfect,independent,0.0,0.0,0,65.0,307_CT_1,36.12393546,55.0,0.1009090909090909,0.0,0.0,0.0,0.0,0.0,0.0001885222853535,1.0,0.9998114777146464,0.0,0.0,0.0,0.0,0.0,0.0,0.0,0.0,0.0,-2.2935352574741277,4.007333185232471,0.0,0.0,0.0,0.0,-0.5122644716099094,-0.20901157555255098,-0.10500744046411228,-0.11509601471540733,-0.7372826231352724,1.0
RTS93,external93,1,17,13,0.3,0.16,perfect,independent,0.0,0.0,0,65.0,307_CT_2,36.12393546,55.0,0.1009090909090909,0.0,0.0,0.0,0.0,0.0,0.0,1.0,1.0,0.0,0.0,0.0,0.0,0.0,0.0,0.0,0.0,0.0,-2.2935352574741277,4.007333185232471,0.0,0.0,0.0,0.0,-0.5122644716099094,-0.20901157555255098,-0.10500744046411228,-0.11509601471540733,-0.7372826231352724,1.0
RTS93,external93,1,17,13,0.3,0.16,perfect,independent,0.0,0.0,0,65.0,313_CC_1,26.770312335000003,355.0,0.0174929577464788,0.0347222222222222,0.0833333333333333,1.984925747003042,4.7638217928073,0.0017704410602503,0.0033149936913145,0.9982295589397496,0.9966850063086856,0.0208333333333333,0.0590277777777777,11.551405030373177,11.551405030373177,0.9517417847999852,0.0,-10.59966324557319,0.0,0.0,-4.0459568935300325,5.872117789475416,0.03253916909964275,0.029858206325558287,0.032020981307480455,0.029421129003425153,-0.33226788764949927,-1.4065733963143685,1.8858606819371508,-0.3538654050808337,-0.7331064514025563,1.0
RTS93,external93,1,17,13,0.3,0.16,perfect,independent,0.0,0.0,0,65.0,315_STEAM_1,112.26770385,12.0,0.125,0.0,0.0,0.0,0.0,0.0,0.0,1.0,1.0,0.0,0.0,0.0,0.0,0.0,0.0,0.0,0.0,0.0,-2.0794415416798357,2.4849066497880004,0.0,0.0,0.0,0.0,-0.5122644716099094,-0.06270519880789859,-1.7303696679395384,1.8286215068954002,-0.7372826231352724,1.0
RTS93,external93,1,17,13,0.3,0.16,perfect,independent,0.0,0.0,0,65.0,315_STEAM_2,112.26770385,12.0,0.125,0.0,0.0,0.0,0.0,0.0,0.0,1.0,1.0,0.0,0.0,0.0,0.0,0.0,0.0,0.0,0.0,0.0,-2.0794415416798357,2.4849066497880004,0.0,0.0,0.0,0.0,-0.5122644716099094,-0.06270519880789859,-1.7303696679395384,1.8286215068954002,-0.7372826231352724,1.0
RTS93,external93,1,17,13,0.3,0.16,perfect,independent,0.0,0.0,0,65.0,315_STEAM_3,112.26770385,12.0,0.125,0.0,0.0,0.0,0.0,0.0,0.0,1.0,1.0,0.0,0.0,0.0,0.0,0.0,0.0,0.0,0.0,0.0,-2.0794415416798357,2.4849066497880004,0.0,0.0,0.0,0.0,-0.5122644716099094,-0.06270519880789859,-1.7303696679395384,1.8286215068954002,-0.7372826231352724,1.0
RTS93,external93,1,17,13,0.3,0.16,perfect,independent,0.0,0.0,0,65.0,315_STEAM_4,112.26770385,12.0,0.125,0.0,0.0,0.0,0.0,0.0,0.0,1.0,1.0,0.0,0.0,0.0,0.0,0.0,0.0,0.0,0.0,0.0,-2.0794415416798357,2.4849066497880004,0.0,0.0,0.0,0.0,-0.5122644716099094,-0.06270519880789859,-1.7303696679395384,1.8286215068954002,-0.7372826231352724,1.0
RTS93,external93,1,17,13,0.3,0.16,perfect,independent,0.0,0.0,0,65.0,315_STEAM_5,112.26770385,12.0,0.125,0.0,0.0,0.0,0.0,0.0,0.0,1.0,1.0,0.0,0.0,0.0,0.0,0.0,0.0,0.0,0.0,0.0,-2.0794415416798357,2.4849066497880004,0.0,0.0,0.0,0.0,-0.5122644716099094,-0.06270519880789859,-1.7303696679395384,1.8286215068954002,-0.7372826231352724,1.0
RTS93,external93,1,17,13,0.3,0.16,perfect,independent,0.0,0.0,0,65.0,315_CT_6,31.33876764,55.0,0.1009090909090909,0.0069444444444444,0.0069444444444444,0.0688188188188188,0.0688188188188188,0.0003503787878787,0.0007007575757575,0.9996496212121212,0.9992992424242424,0.0034722222222222,0.0034722222222222,0.0,0.0,0.0,0.0,0.0,0.0,0.0,-2.2935352574741277,4.007333185232471,0.0,0.0,0.0,0.0,-0.4762651548178275,-0.20901157555255098,-0.10500744046411228,-0.23724671374495118,-0.7364561386944544,1.0
RTS93,external93,1,17,13,0.3,0.16,perfect,independent,0.0,0.0,0,65.0,315_CT_7,31.33876764,55.0,0.1009090909090909,0.0069444444444444,0.0034722222222222,0.0688188188188188,0.0344094094094094,0.0003503787878787,0.0004992211489898,0.9996496212121212,0.9995007788510102,0.0034722222222222,0.0034722222222222,0.0,0.0,0.0,0.0,0.0,0.0,0.0,-2.2935352574741277,4.007333185232471,0.0,0.0,0.0,0.0,-0.4762651548178275,-0.20901157555255098,-0.10500744046411228,-0.23724671374495118,-0.7364561386944544,1.0
RTS93,external93,1,17,13,0.3,0.16,perfect,independent,0.0,0.0,0,65.0,315_CT_8,31.33876764,55.0,0.1009090909090909,0.0069444444444444,0.0069444444444444,0.0688188188188188,0.0688188188188188,0.0003503787878787,0.0007007575757575,0.9996496212121212,0.9992992424242424,0.0034722222222222,0.0034722222222222,0.0,0.0,0.0,0.0,0.0,0.0,0.0,-2.2935352574741277,4.007333185232471,0.0,0.0,0.0,0.0,-0.4762651548178275,-0.20901157555255098,-0.10500744046411228,-0.23724671374495118,-0.7364561386944544,1.0
RTS93,external93,1,17,13,0.3,0.16,perfect,independent,0.0,0.0,0,65.0,316_STEAM_1,23.6803874825,155.0,0.0290322580645161,0.1388888888888889,0.1631944444444444,4.783950617283951,5.621141975308642,0.017989319578853,0.01708511922043,0.9820106804211468,0.98291488077957,0.0590277777777777,0.1076388888888889,34.50074376116176,34.50074376116176,12.745751614687578,0.0,-21.75499214647418,0.0,0.0,-3.5393477201429735,5.043425116919247,0.22258544362039845,0.1403547880417689,0.2009678324565441,0.13133943156875738,0.20772186423173153,-1.0603691543594995,1.0011376842752469,-0.43274173604337784,-0.6948488536058989,1.0
RTS93,external93,1,17,13,0.3,0.16,perfect,independent,0.0,0.0,0,65.0,318_CC_1,29.14054473,355.0,0.0174929577464788,0.0208333333333333,0.0138888888888888,1.190955448201825,0.7939702988012167,0.0005466549295774,0.0004075365316901,0.9994533450704226,0.99959246346831,0.0104166666666666,0.0104166666666666,5.0260810497187505,5.0260810497187505,0.0,0.0,-5.0260810497187505,0.0,0.0,-4.0459568935300325,5.872117789475416,0.014157974787940142,0.014157974787940142,0.014058686710886486,0.014058686710886486,-0.4042665212336634,-1.4065733963143685,1.8858606819371508,-0.29336062138200003,-0.7359931563940705,1.0
RTS93,external93,1,17,13,0.3,0.16,perfect,independent,0.0,0.0,0,65.0,321_CC_1,27.670203765000004,355.0,0.0174929577464788,0.0208333333333333,0.0416666666666666,1.190955448201825,2.38191089640365,0.0005466549295774,0.0013986834604851,0.9994533450704226,0.9986013165395148,0.0104166666666666,0.0277777777777777,6.040293834149995,6.040293834149995,0.0003873370078473,0.0,-6.039906497142148,0.0,0.0,-4.0459568935300325,5.872117789475416,0.017014912208873228,0.017013821118710276,0.01687177989783479,0.01687070706130591,-0.4042665212336634,-1.4065733963143685,1.8858606819371508,-0.3308939291869755,-0.7359931563940705,1.0
RTS93,external93,1,17,13,0.3,0.16,perfect,independent,0.0,0.0,0,65.0,322_CT_5,31.1560683,55.0,0.1009090909090909,0.0069444444444444,0.0069444444444444,0.0688188188188188,0.0688188188188188,0.0003503787878787,0.0007007575757575,0.9996496212121212,0.9992992424242424,0.0034722222222222,0.0069444444444444,0.0,0.0,0.0,0.0,0.0,0.0,0.0,-2.2935352574741277,4.007333185232471,0.0,0.0,0.0,0.0,-0.4762651548178275,-0.20901157555255098,-0.10500744046411228,-0.24191046911001093,-0.7364561386944544,1.0
RTS93,external93,1,17,13,0.3,0.16,perfect,independent,0.0,0.0,0,65.0,322_CT_6,31.1560683,55.0,0.1009090909090909,0.0069444444444444,0.0069444444444444,0.0688188188188188,0.0688188188188188,0.0003503787878787,0.0007007575757575,0.9996496212121212,0.9992992424242424,0.0034722222222222,0.0069444444444444,0.0,0.0,0.0,0.0,0.0,0.0,0.0,-2.2935352574741277,4.007333185232471,0.0,0.0,0.0,0.0,-0.4762651548178275,-0.20901157555255098,-0.10500744046411228,-0.24191046911001093,-0.7364561386944544,1.0
RTS93,external93,1,17,13,0.3,0.16,perfect,independent,0.0,0.0,0,65.0,323_CC_1,29.281456455,355.0,0.0174929577464788,0.0069444444444444,0.0138888888888888,0.3969851494006083,0.7939702988012167,6.07394366197183e-05,0.0002429577464788,0.9999392605633804,0.9997570422535212,0.0034722222222222,0.0069444444444444,2.535667619175002,2.535667619175002,0.0,0.0,-2.535667619175002,0.0,0.0,-4.0459568935300325,5.872117789475416,0.0071427256878169075,0.0071427256878169075,0.007117337246120476,0.007117337246120476,-0.4762651548178275,-1.4065733963143685,1.8858606819371508,-0.2897635760206507,-0.7371393490529166,1.0
RTS93,external93,1,17,13,0.3,0.16,perfect,independent,0.0,0.0,0,65.0,323_CC_2,29.281456455,355.0,0.0174929577464788,0.0069444444444444,0.0138888888888888,0.3969851494006083,0.7939702988012167,6.07394366197183e-05,0.0002429577464788,0.9999392605633804,0.9997570422535212,0.0034722222222222,0.0069444444444444,2.535667619175002,2.535667619175002,0.0,0.0,-2.535667619175002,0.0,0.0,-4.0459568935300325,5.872117789475416,0.0071427256878169075,0.0071427256878169075,0.007117337246120476,0.007117337246120476,-0.4762651548178275,-1.4065733963143685,1.8858606819371508,-0.2897635760206507,-0.7371393490529166,1.0
RTS93,external93,1,17,13,0.3,0.16,perfect,independent,0.0,0.0,0,65.0,121_NUCLEAR_1,2.025875,400.0,0.075,0.1701388888888889,0.15625,2.2685185185185186,2.0833333333333335,0.4173525860407987,0.4749593546866319,0.5826474139592013,0.5250406453133681,0.3854166666666667,0.3819444444444444,9290.46402570876,9290.46402570876,44.46614065798349,0.0,-9245.997885050776,0.0,0.0,-2.5902671654458267,5.991464547107982,23.226160064271898,23.114994712626938,3.187433043700328,3.1828338342643048,0.36971878979610073,-0.41179085918916297,2.0132768214430246,-0.9855152094889464,0.2471817069865703,1.0
RTS93,external93,1,17,13,0.3,0.16,perfect,independent,0.0,0.0,0,65.0,122_HYDRO_1,0.0,50.0,1.5,0.0,0.0,0.0,0.0,0.6041589507291664,0.4640044697500003,0.3958410492708336,0.5359955302499997,0.4548611111111111,0.4097222222222222,0.0,0.0,0.0,0.0,0.0,0.0,0.0,0.4054651081081644,3.912023005428146,0.0,0.0,0.0,0.0,-0.5122644716099094,1.6354188546252855,-0.2067618191097883,-1.0372296021090317,0.6878264012486367,1.0
RTS93,external93,1,17,13,0.3,0.16,perfect,independent,0.0,0.0,0,65.0,122_HYDRO_2,0.0,50.0,1.5,0.0,0.0,0.0,0.0,0.6573492528333335,0.551026327826389,0.3426507471666664,0.4489736721736109,0.4548611111111111,0.4097222222222222,0.0,0.0,0.0,0.0,0.0,0.0,0.0,0.4054651081081644,3.912023005428146,0.0,0.0,0.0,0.0,-0.5122644716099094,1.6354188546252855,-0.2067618191097883,-1.0372296021090317,0.8132933490557802,1.0
RTS93,external93,1,17,13,0.3,0.16,perfect,independent,0.0,0.0,0,65.0,122_HYDRO_3,0.0,50.0,1.5,0.0,0.0,0.0,0.0,0.6641835038749999,0.6116198149861112,0.3358164961250001,0.3883801850138889,0.4548611111111111,0.4097222222222222,0.0,0.0,0.0,0.0,0.0,0.0,0.0,0.4054651081081644,3.912023005428146,0.0,0.0,0.0,0.0,-0.5122644716099094,1.6354188546252855,-0.2067618191097883,-1.0372296021090317,0.8294141941125807,1.0
RTS93,external93,1,17,13,0.3,0.16,perfect,independent,0.0,0.0,0,65.0,122_HYDRO_4,0.0,50.0,1.5,0.0,0.0,0.0,0.0,0.7048873097916665,0.6388888888888888,0.2951126902083335,0.3611111111111111,0.4548611111111111,0.4097222222222222,0.0,0.0,0.0,0.0,0.0,0.0,0.0,0.4054651081081644,3.912023005428146,0.0,0.0,0.0,0.0,-0.5122644716099094,1.6354188546252855,-0.2067618191097883,-1.0372296021090317,0.9254276042732724,1.0
RTS93,external93,1,17,13,0.3,0.16,perfect,independent,0.0,0.0,0,65.0,122_HYDRO_5,0.0,50.0,1.5,0.0,0.0,0.0,0.0,0.7152777777777778,0.6388888888888888,0.2847222222222222,0.3611111111111111,0.4548611111111111,0.4097222222222222,0.0,0.0,0.0,0.0,0.0,0.0,0.0,0.4054651081081644,3.912023005428146,0.0,0.0,0.0,0.0,-0.5122644716099094,1.6354188546252855,-0.2067618191097883,-1.0372296021090317,0.9499369650577282,1.0
RTS93,external93,1,17,13,0.3,0.16,perfect,independent,0.0,0.0,0,65.0,122_HYDRO_6,0.0,50.0,1.5,0.0,0.0,0.0,0.0,0.709847466111111,0.6435410009027778,0.2901525338888888,0.3564589990972223,0.4548611111111111,0.4097222222222222,0.0,0.0,0.0,0.0,0.0,0.0,0.0,0.4054651081081644,3.912023005428146,0.0,0.0,0.0,0.0,-0.5122644716099094,1.6354188546252855,-0.2067618191097883,-1.0372296021090317,0.9371277760983592,1.0
RTS93,external93,1,17,13,0.3,0.16,perfect,independent,0.0,0.0,0,65.0,201_HYDRO_4,0.0,50.0,1.5,0.0,0.0,0.0,0.0,0.6264661669375,0.6463623010416666,0.3735338330625,0.3536376989583333,0.4548611111111111,0.4097222222222222,0.0,0.0,0.0,0.0,0.0,0.0,0.0,0.4054651081081644,3.912023005428146,0.0,0.0,0.0,0.0,-0.5122644716099094,1.6354188546252855,-0.2067618191097883,-1.0372296021090317,0.7404453603636366,1.0
RTS93,external93,1,17,13,0.3,0.16,perfect,independent,0.0,0.0,0,65.0,215_HYDRO_1,0.0,50.0,1.5,0.0,0.0,0.0,0.0,0.702391809236111,0.6622330330555555,0.2976081907638889,0.3377669669444445,0.4548611111111111,0.4097222222222222,0.0,0.0,0.0,0.0,0.0,0.0,0.0,0.4054651081081644,3.912023005428146,0.0,0.0,0.0,0.0,-0.5122644716099094,1.6354188546252855,-0.2067618191097883,-1.0372296021090317,0.919541139531196,1.0
RTS93,external93,1,17,13,0.3,0.16,perfect,independent,0.0,0.0,0,65.0,215_HYDRO_2,0.0,50.0,1.5,0.0,0.0,0.0,0.0,0.6784545145138888,0.6762756677777779,0.3215454854861111,0.3237243322222221,0.4548611111111111,0.4097222222222222,0.0,0.0,0.0,0.0,0.0,0.0,0.0,0.4054651081081644,3.912023005428146,0.0,0.0,0.0,0.0,-0.5122644716099094,1.6354188546252855,-0.2067618191097883,-1.0372296021090317,0.8630771002468248,1.0
RTS93,external93,1,17,13,0.3,0.16,perfect,independent,0.0,0.0,0,65.0,215_HYDRO_3,0.0,50.0,1.5,0.0,0.0,0.0,0.0,0.685539904513889,0.6964714088888893,0.314460095486111,0.3035285911111108,0.4548611111111111,0.4097222222222222,0.0,0.0,0.0,0.0,0.0,0.0,0.0,0.4054651081081644,3.912023005428146,0.0,0.0,0.0,0.0,-0.5122644716099094,1.6354188546252855,-0.2067618191097883,-1.0372296021090317,0.8797903397313893,1.0
RTS93,external93,1,17,13,0.3,0.16,perfect,independent,0.0,0.0,0,65.0,222_HYDRO_1,0.0,50.0,1.5,0.0,0.0,0.0,0.0,0.6532692348541667,0.7205986986805561,0.3467307651458334,0.2794013013194438,0.4548611111111111,0.4097222222222222,0.0,0.0,0.0,0.0,0.0,0.0,0.0,0.4054651081081644,3.912023005428146,0.0,0.0,0.0,0.0,-0.5122644716099094,1.6354188546252855,-0.2067618191097883,-1.0372296021090317,0.8036692750687249,1.0
RTS93,external93,1,17,13,0.3,0.16,perfect,independent,0.0,0.0,0,65.0,222_HYDRO_2,0.0,50.0,1.5,0.0,0.0,0.0,0.0,0.7081891757638888,0.7453805790277779,0.2918108242361111,0.2546194209722222,0.4548611111111111,0.4097222222222222,0.0,0.0,0.0,0.0,0.0,0.0,0.0,0.4054651081081644,3.912023005428146,0.0,0.0,0.0,0.0,-0.5122644716099094,1.6354188546252855,-0.2067618191097883,-1.0372296021090317,0.9332161489743667,1.0
RTS93,external93,1,17,13,0.3,0.16,perfect,independent,0.0,0.0,0,65.0,222_HYDRO_3,0.0,50.0,1.5,0.0,0.0,0.0,0.0,0.7313545863194445,0.7485862428472222,0.2686454136805555,0.2514137571527777,0.4548611111111111,0.4097222222222222,0.0,0.0,0.0,0.0,0.0,0.0,0.0,0.4054651081081644,3.912023005428146,0.0,0.0,0.0,0.0,-0.5122644716099094,1.6354188546252855,-0.2067618191097883,-1.0372296021090317,0.9878594437504129,1.0
RTS93,external93,1,17,13,0.3,0.16,perfect,independent,0.0,0.0,0,65.0,222_HYDRO_4,0.0,50.0,1.5,0.0,0.0,0.0,0.0,0.7158447463680555,0.7567252615972222,0.2841552536319444,0.2432747384027778,0.4548611111111111,0.4097222222222222,0.0,0.0,0.0,0.0,0.0,0.0,0.0,0.4054651081081644,3.912023005428146,0.0,0.0,0.0,0.0,-0.5122644716099094,1.6354188546252855,-0.2067618191097883,-1.0372296021090317,0.9512743482969764,1.0
RTS93,external93,1,17,13,0.3,0.16,perfect,independent,0.0,0.0,0,65.0,222_HYDRO_5,0.0,50.0,1.5,0.0,0.0,0.0,0.0,0.7284090554166668,0.7648967743541667,0.2715909445833331,0.2351032256458333,0.4548611111111111,0.4097222222222222,0.0,0.0,0.0,0.0,0.0,0.0,0.0,0.4054651081081644,3.912023005428146,0.0,0.0,0.0,0.0,-0.5122644716099094,1.6354188546252855,-0.2067618191097883,-1.0372296021090317,0.9809114333533411,1.0
RTS93,external93,1,17,13,0.3,0.16,perfect,independent,0.0,0.0,0,65.0,222_HYDRO_6,0.0,50.0,1.5,0.0,0.0,0.0,0.0,0.6959749821527778,0.7709235552083333,0.3040250178472223,0.2290764447916666,0.4548611111111111,0.4097222222222222,0.0,0.0,0.0,0.0,0.0,0.0,0.0,0.4054651081081644,3.912023005428146,0.0,0.0,0.0,0.0,-0.5122644716099094,1.6354188546252855,-0.2067618191097883,-1.0372296021090317,0.9044049271597125,1.0
RTS93,external93,1,17,13,0.3,0.16,perfect,independent,0.0,0.0,0,65.0,322_HYDRO_1,0.0,50.0,1.5,0.0,0.0,0.0,0.0,0.7411909206458331,0.7776336575208334,0.2588090793541669,0.2223663424791666,0.4548611111111111,0.4097222222222222,0.0,0.0,0.0,0.0,0.0,0.0,0.0,0.4054651081081644,3.912023005428146,0.0,0.0,0.0,0.0,-0.5122644716099094,1.6354188546252855,-0.2067618191097883,-1.0372296021090317,1.011061696731148,1.0
RTS93,external93,1,17,13,0.3,0.16,perfect,independent,0.0,0.0,0,65.0,322_HYDRO_2,0.0,50.0,1.5,0.0,0.0,0.0,0.0,0.7500276551736111,0.7829322517708334,0.2499723448263889,0.2170677482291666,0.4548611111111111,0.4097222222222222,0.0,0.0,0.0,0.0,0.0,0.0,0.0,0.4054651081081644,3.912023005428146,0.0,0.0,0.0,0.0,-0.5122644716099094,1.6354188546252855,-0.2067618191097883,-1.0372296021090317,1.0319060624505043,1.0
RTS93,external93,1,17,13,0.3,0.16,perfect,independent,0.0,0.0,0,65.0,322_HYDRO_3,0.0,50.0,1.5,0.0,0.0,0.0,0.0,0.7316567850416668,0.7877525218472222,0.2683432149583333,0.2122474781527777,0.4548611111111111,0.4097222222222222,0.0,0.0,0.0,0.0,0.0,0.0,0.0,0.4054651081081644,3.912023005428146,0.0,0.0,0.0,0.0,-0.5122644716099094,1.6354188546252855,-0.2067618191097883,-1.0372296021090317,0.9885722795458214,1.0
RTS93,external93,1,17,13,0.3,0.16,perfect,independent,0.0,0.0,0,65.0,322_HYDRO_4,0.0,50.0,1.5,0.0,0.0,0.0,0.0,0.7273229615833333,0.7944862585277778,0.2726770384166667,0.2055137414722221,0.4548611111111111,0.4097222222222222,0.0,0.0,0.0,0.0,0.0,0.0,0.0,0.4054651081081644,3.912023005428146,0.0,0.0,0.0,0.0,-0.5122644716099094,1.6354188546252855,-0.2067618191097883,-1.0372296021090317,0.978349521258282,1.0
RTS93,external93,4,13,13,0.3,0.16,perfect,independent,0.0,0.0,0,65.0,101_CT_1,109.6984653,20.0,0.225,0.0,0.0,0.0,0.0,0.0,0.0,1.0,1.0,0.0,0.0,0.0,0.0,0.0,0.0,0.0,0.0,0.0,-1.491654876777717,2.995732273553991,0.0,0.0,0.0,0.0,-0.5122644716099094,0.33897374315264334,-1.1850056360038916,1.763036704718879,-0.7372826231352724,1.0
RTS93,external93,4,13,13,0.3,0.16,perfect,independent,0.0,0.0,0,65.0,101_CT_2,109.6984653,20.0,0.225,0.0,0.0,0.0,0.0,0.0,0.0,1.0,1.0,0.0,0.0,0.0,0.0,0.0,0.0,0.0,0.0,0.0,-1.491654876777717,2.995732273553991,0.0,0.0,0.0,0.0,-0.5122644716099094,0.33897374315264334,-1.1850056360038916,1.763036704718879,-0.7372826231352724,1.0
RTS93,external93,4,13,13,0.3,0.16,perfect,independent,0.0,0.0,0,65.0,101_STEAM_3,19.3218686,76.0,0.0394736842105263,0.2395833333333333,0.2395833333333333,6.069444444444445,6.069444444444445,0.9708980853527048,0.972055910731908,0.0291019146472952,0.0279440892680919,0.8611111111111112,0.8506944444444444,735.1002706067575,735.1002706067575,59.93190662224788,0.0,-675.1683639845096,0.0,0.0,-3.232121051618222,4.330733340286331,9.672371981667862,8.883794262954074,2.3676583444192523,2.2908964727492713,0.7297119577169208,-0.8504180096263427,0.24025874095513047,-0.5440013926024746,1.5529021395389753,1.0
RTS93,external93,4,13,13,0.3,0.16,perfect,independent,0.0,0.0,0,65.0,101_STEAM_4,19.3218686,76.0,0.0394736842105263,0.1979166666666666,0.2743055555555556,5.013888888888889,6.949074074074075,0.98185126786367,0.967582383287646,0.0181487321363301,0.0324176167123539,0.8611111111111112,0.8506944444444444,789.3952196224818,789.3952196224818,56.44190513375088,0.0,-732.9533144887309,0.0,0.0,-3.232121051618222,4.330733340286331,10.386779205558971,9.644122559062248,2.4324529635956003,2.3650078674292963,0.5137160569644286,-0.8504180096263427,0.24025874095513047,-0.5440013926024746,1.5787388489401375,1.0
RTS93,external93,4,13,13,0.3,0.16,perfect,independent,0.0,0.0,0,65.0,102_CT_1,108.68163675,20.0,0.225,0.0,0.0,0.0,0.0,0.0,0.0,1.0,1.0,0.0,0.0,0.0,0.0,0.0,0.0,0.0,0.0,0.0,-1.491654876777717,2.995732273553991,0.0,0.0,0.0,0.0,-0.5122644716099094,0.33897374315264334,-1.1850056360038916,1.7370801818030965,-0.7372826231352724,1.0
RTS93,external93,4,13,13,0.3,0.16,perfect,independent,0.0,0.0,0,65.0,102_CT_2,108.68163675,20.0,0.225,0.0,0.0,0.0,0.0,0.0,0.0,1.0,1.0,0.0,0.0,0.0,0.0,0.0,0.0,0.0,0.0,0.0,-1.491654876777717,2.995732273553991,0.0,0.0,0.0,0.0,-0.5122644716099094,0.33897374315264334,-1.1850056360038916,1.7370801818030965,-0.7372826231352724,1.0
RTS93,external93,4,13,13,0.3,0.16,perfect,independent,0.0,0.0,0,65.0,102_STEAM_3,21.582252407499997,76.0,0.0394736842105263,0.4756944444444444,0.5,12.050925925925926,12.666666666666668,0.7460242648940015,0.7930941118009881,0.2539757351059985,0.2069058881990119,0.6597222222222222,0.6388888888888888,1000.6271013795226,1000.6271013795226,154.4092432113266,0.0,-846.217858168196,0.0,0.0,-3.232121051618222,4.330733340286331,13.166146070783192,11.134445502213106,2.6508550386423235,2.496048144044167,1.9536887286477105,-0.8504180096263427,0.24025874095513047,-0.48630070737108666,1.0224627402772308,1.0
RTS93,external93,4,13,13,0.3,0.16,perfect,independent,0.0,0.0,0,65.0,102_STEAM_4,21.582252407499997,76.0,0.0394736842105263,0.4201388888888889,0.5104166666666666,10.64351851851852,12.930555555555555,0.7803027787143624,0.8092379746207969,0.2196972212856377,0.1907620253792031,0.6597222222222222,0.6388888888888888,1006.1400146238976,1006.1400146238976,163.96943433429487,0.0,-842.1705802896026,0.0,0.0,-3.232121051618222,4.330733340286331,13.23868440294602,11.081191845915825,2.655962514282282,2.491649850381197,1.6656941943110544,-0.8504180096263427,0.24025874095513047,-0.48630070737108666,1.1033199705291477,1.0
RTS93,external93,4,13,13,0.3,0.16,perfect,independent,0.0,0.0,0,65.0,107_CC_1,27.15028809,355.0,0.0174929577464788,0.25,0.2534722222222222,14.2914653784219,14.489957953122206,0.0423549004890463,0.0403397965238654,0.9576450995109538,0.9596602034761346,0.125,0.1770833333333333,651.3614198756261,651.3614198756261,140.2449677818909,0.0,-511.1164520937352,0.0,0.0,-4.0459568935300325,5.872117789475416,1.8348209010581016,1.4397646537851696,1.041978760954193,0.8919015812864516,0.7837109329050442,-1.4065733963143685,1.8858606819371508,-0.344165786209885,-0.6373745594692906,1.0
RTS93,external93,4,13,13,0.3,0.16,perfect,independent,0.0,0.0,0,65.0,113_CT_1,34.424248515,55.0,0.1009090909090909,0.0,0.0,0.0,0.0,0.0,0.0,1.0,1.0,0.0,0.0,0.0,0.0,0.0,0.0,0.0,0.0,0.0,-2.2935352574741277,4.007333185232471,0.0,0.0,0.0,0.0,-0.5122644716099094,-0.20901157555255098,-0.10500744046411228,-0.15848382393609617,-0.7372826231352724,1.0
RTS93,external93,4,13,13,0.3,0.16,perfect,independent,0.0,0.0,0,65.0,113_CT_2,34.424248515,55.0,0.1009090909090909,0.0,0.0,0.0,0.0,0.0,0.0,1.0,1.0,0.0,0.0,0.0,0.0,0.0,0.0,0.0,0.0,0.0,-2.2935352574741277,4.007333185232471,0.0,0.0,0.0,0.0,-0.5122644716099094,-0.20901157555255098,-0.10500744046411228,-0.15848382393609617,-0.7372826231352724,1.0
RTS93,external93,4,13,13,0.3,0.16,perfect,independent,0.0,0.0,0,65.0,113_CT_3,34.424248515,55.0,0.1009090909090909,0.0,0.0,0.0,0.0,0.0,0.0,1.0,1.0,0.0,0.0,0.0,0.0,0.0,0.0,0.0,0.0,0.0,-2.2935352574741277,4.007333185232471,0.0,0.0,0.0,0.0,-0.5122644716099094,-0.20901157555255098,-0.10500744046411228,-0.15848382393609617,-0.7372826231352724,1.0
RTS93,external93,4,13,13,0.3,0.16,perfect,independent,0.0,0.0,0,65.0,113_CT_4,34.424248515,55.0,0.1009090909090909,0.0,0.0,0.0,0.0,0.0,0.0,1.0,1.0,0.0,0.0,0.0,0.0,0.0,0.0,0.0,0.0,0.0,-2.2935352574741277,4.007333185232471,0.0,0.0,0.0,0.0,-0.5122644716099094,-0.20901157555255098,-0.10500744046411228,-0.15848382393609617,-0.7372826231352724,1.0
RTS93,external93,4,13,13,0.3,0.16,perfect,independent,0.0,0.0,0,65.0,115_STEAM_1,140.6638701,12.0,0.125,0.0,0.0,0.0,0.0,0.0,0.0,1.0,1.0,0.0,0.0,0.0,0.0,0.0,0.0,0.0,0.0,0.0,-2.0794415416798357,2.4849066497880004,0.0,0.0,0.0,0.0,-0.5122644716099094,-0.06270519880789859,-1.7303696679395384,2.553488781706389,-0.7372826231352724,1.0
RTS93,external93,4,13,13,0.3,0.16,perfect,independent,0.0,0.0,0,65.0,115_STEAM_2,140.6638701,12.0,0.125,0.0,0.0,0.0,0.0,0.0,0.0,1.0,1.0,0.0,0.0,0.0,0.0,0.0,0.0,0.0,0.0,0.0,-2.0794415416798357,2.4849066497880004,0.0,0.0,0.0,0.0,-0.5122644716099094,-0.06270519880789859,-1.7303696679395384,2.553488781706389,-0.7372826231352724,1.0
RTS93,external93,4,13,13,0.3,0.16,perfect,independent,0.0,0.0,0,65.0,115_STEAM_3,23.535050669999997,155.0,0.0290322580645161,0.59375,0.5451388888888888,20.45138888888889,18.777006172839503,0.3711867647759846,0.2491850158400541,0.6288132352240154,0.750814984159946,0.3888888888888889,0.4375,2130.893865574209,2130.893865574209,80.17289248452789,0.0,-2050.720973089681,0.0,0.0,-3.5393477201429735,5.043425116919247,13.747702358543284,13.23045789090117,2.6910872983499137,2.655384589440788,2.565677114113105,-1.0603691543594995,1.0011376842752469,-0.43645174035449125,0.1382843242312923,1.0
RTS93,external93,4,13,13,0.3,0.16,perfect,independent,0.0,0.0,0,65.0,116_STEAM_1,23.254946994999997,155.0,0.0290322580645161,0.625,0.6458333333333334,21.52777777777778,22.24537037037037,0.42298315279122,0.3503838560147853,0.57701684720878,0.6496161439852146,0.4340277777777778,0.46875,2495.270813942026,2495.270813942026,229.3150071803118,0.0,-2265.9558067617145,0.0,0.0,-3.5393477201429735,5.043425116919247,16.098521380271137,14.619069721043319,2.8389919907799634,2.7484925857265172,2.7276740396774746,-1.0603691543594995,1.0011376842752469,-0.4436019304813642,0.2604632638992617,1.0
RTS93,external93,4,13,13,0.3,0.16,perfect,independent,0.0,0.0,0,65.0,118_CC_1,27.75086358,355.0,0.0174929577464788,0.1597222222222222,0.1805555555555555,9.130658436213992,10.321613884415818,0.0160025750391231,0.0158157564387716,0.983997424960877,0.9841842435612284,0.0798611111111111,0.1388888888888889,138.9320500611635,138.9320500611635,5.422852678681899,0.0,-133.50919738248157,0.0,0.0,-4.0459568935300325,5.872117789475416,0.3913578874962352,0.3760822461478355,0.33028016776809666,0.3192405096346467,0.31571981460797754,-1.4065733963143685,1.8858606819371508,-0.32883493080772047,-0.6995352487495897,1.0
RTS93,external93,4,13,13,0.3,0.16,perfect,independent,0.0,0.0,0,65.0,123_STEAM_2,24.654408375,155.0,0.0290322580645161,0.40625,0.4201388888888889,13.993055555555555,14.471450617283953,0.153593623396057,0.1775443154233869,0.8464063766039429,0.8224556845766132,0.2256944444444444,0.3194444444444444,1310.269303353681,1310.269303353681,133.52203445637156,0.0,-1176.7472688973094,0.0,0.0,-3.5393477201429735,5.043425116919247,8.453350344217297,7.591917863853609,2.2463692124530095,2.150821978113461,1.5936955607268901,-1.0603691543594995,1.0011376842752469,-0.40787796169653473,-0.3749811815603916,1.0
RTS93,external93,4,13,13,0.3,0.16,perfect,independent,0.0,0.0,0,65.0,123_STEAM_3,22.665143785,350.0,0.0171428571428571,0.6979166666666666,0.6840277777777778,40.71180555555555,39.90162037037037,0.3915807961765871,0.4515838927966265,0.6084192038234129,0.5484161072033734,0.4652777777777778,0.4895833333333333,4775.798224394529,4775.798224394529,512.3463051477574,0.0,-4263.4519192467715,0.0,0.0,-4.066173685255407,5.857933154483459,13.645137783984369,12.18129119784792,2.6841083884965777,2.578798490728763,3.1056668659943356,-1.4203890542647535,1.8707169824615488,-0.45865780252210037,0.18639040319857414,1.0
RTS93,external93,4,13,13,0.3,0.16,perfect,independent,0.0,0.0,0,65.0,123_CT_1,34.156030335000004,55.0,0.1009090909090909,0.0,0.0,0.0,0.0,0.0002506212752525,0.0,0.9997493787247476,1.0,0.0,0.0,0.0,0.0,0.0,0.0,0.0,0.0,0.0,-2.2935352574741277,4.007333185232471,0.0,0.0,0.0,0.0,-0.5122644716099094,-0.20901157555255098,-0.10500744046411228,-0.16533061372735405,-0.7366914498345477,1.0
RTS93,external93,4,13,13,0.3,0.16,perfect,independent,0.0,0.0,0,65.0,123_CT_4,34.156030335000004,55.0,0.1009090909090909,0.0069444444444444,0.0,0.0688188188188188,0.0,0.0003503787878787,0.0,0.9996496212121212,1.0,0.0,0.0,0.0,0.0,0.0,0.0,0.0,0.0,0.0,-2.2935352574741277,4.007333185232471,0.0,0.0,0.0,0.0,-0.4762651548178275,-0.20901157555255098,-0.10500744046411228,-0.16533061372735405,-0.7364561386944544,1.0
RTS93,external93,4,13,13,0.3,0.16,perfect,independent,0.0,0.0,0,65.0,123_CT_5,34.156030335000004,55.0,0.1009090909090909,0.0069444444444444,0.0,0.0688188188188188,0.0,0.0003503787878787,0.0,0.9996496212121212,1.0,0.0,0.0,0.0,0.0,0.0,0.0,0.0,0.0,0.0,-2.2935352574741277,4.007333185232471,0.0,0.0,0.0,0.0,-0.4762651548178275,-0.20901157555255098,-0.10500744046411228,-0.16533061372735405,-0.7364561386944544,1.0
RTS93,external93,4,13,13,0.3,0.16,perfect,independent,0.0,0.0,0,65.0,201_CT_1,105.65443725,20.0,0.225,0.0,0.0,0.0,0.0,0.0,0.0,1.0,1.0,0.0,0.0,0.0,0.0,0.0,0.0,0.0,0.0,0.0,-1.491654876777717,2.995732273553991,0.0,0.0,0.0,0.0,-0.5122644716099094,0.33897374315264334,-1.1850056360038916,1.6598050372446584,-0.7372826231352724,1.0
RTS93,external93,4,13,13,0.3,0.16,perfect,independent,0.0,0.0,0,65.0,201_CT_2,105.65443725,20.0,0.225,0.0,0.0,0.0,0.0,0.0,0.0,1.0,1.0,0.0,0.0,0.0,0.0,0.0,0.0,0.0,0.0,0.0,-1.491654876777717,2.995732273553991,0.0,0.0,0.0,0.0,-0.5122644716099094,0.33897374315264334,-1.1850056360038916,1.6598050372446584,-0.7372826231352724,1.0
RTS93,external93,4,13,13,0.3,0.16,perfect,independent,0.0,0.0,0,65.0,201_STEAM_3,24.7120146025,76.0,0.0394736842105263,0.3194444444444444,0.375,8.092592592592592,9.5,0.1469931441063578,0.1616703844343927,0.8530068558936422,0.8383296155656073,0.1944444444444444,0.2881944444444444,516.5620777466679,516.5620777466679,28.406556080638552,0.0,-488.15552166602936,0.0,0.0,-3.232121051618222,4.330733340286331,6.796869444035104,6.42309896928986,2.0537222998029088,2.00459662083514,1.1437041008258646,-0.8504180096263427,0.24025874095513047,-0.4064074508968571,-0.3905505984988591,1.0
RTS93,external93,4,13,13,0.3,0.16,perfect,independent,0.0,0.0,0,65.0,202_CT_1,101.92865324999998,20.0,0.225,0.0,0.0,0.0,0.0,0.0,0.0,1.0,1.0,0.0,0.0,0.0,0.0,0.0,0.0,0.0,0.0,0.0,-1.491654876777717,2.995732273553991,0.0,0.0,0.0,0.0,-0.5122644716099094,0.33897374315264334,-1.1850056360038916,1.564697167018888,-0.7372826231352724,1.0
RTS93,external93,4,13,13,0.3,0.16,perfect,independent,0.0,0.0,0,65.0,202_CT_2,101.92865324999998,20.0,0.225,0.0,0.0,0.0,0.0,0.0,0.0,1.0,1.0,0.0,0.0,0.0,0.0,0.0,0.0,0.0,0.0,0.0,-1.491654876777717,2.995732273553991,0.0,0.0,0.0,0.0,-0.5122644716099094,0.33897374315264334,-1.1850056360038916,1.564697167018888,-0.7372826231352724,1.0
RTS93,external93,4,13,13,0.3,0.16,perfect,independent,0.0,0.0,0,65.0,202_STEAM_3,23.6803874825,76.0,0.0394736842105263,0.3993055555555556,0.5034722222222222,10.115740740740742,12.75462962962963,0.1950715478664101,0.232890280994152,0.8049284521335899,0.7671097190058479,0.2673611111111111,0.3680555555555556,554.0302893265142,554.0302893265142,31.37727024004778,0.0,-522.6530190864664,0.0,0.0,-3.232121051618222,4.330733340286331,7.28987222798045,6.877013409032453,2.1150345562395776,2.0639488230216876,1.5576962439348083,-0.8504180096263427,0.24025874095513047,-0.43274173604337784,-0.2771417563494051,1.0
RTS93,external93,4,13,13,0.3,0.16,perfect,independent,0.0,0.0,0,65.0,202_STEAM_4,23.6803874825,76.0,0.0394736842105263,0.4097222222222222,0.4756944444444444,10.37962962962963,12.050925925925926,0.2275307192479895,0.2301797452074189,0.7724692807520105,0.7698202547925812,0.2673611111111111,0.3680555555555556,505.1852139078169,505.1852139078169,25.31681802126161,0.0,-479.8683958865553,0.0,0.0,-3.232121051618222,4.330733340286331,6.647173867208117,6.31405784061257,2.034336150459573,1.9897982279010837,1.6116952191229312,-0.8504180096263427,0.24025874095513047,-0.43274173604337784,-0.2005760479309771,1.0
RTS93,external93,4,13,13,0.3,0.16,perfect,independent,0.0,0.0,0,65.0,207_CT_1,41.098605255,55.0,0.1009090909090909,0.0,0.0,0.0,0.0,0.0,0.0,1.0,1.0,0.0,0.0,0.0,0.0,0.0,0.0,0.0,0.0,0.0,-2.2935352574741277,4.007333185232471,0.0,0.0,0.0,0.0,-0.5122644716099094,-0.20901157555255098,-0.10500744046411228,0.01189209014491675,-0.7372826231352724,1.0
RTS93,external93,4,13,13,0.3,0.16,perfect,independent,0.0,0.0,0,65.0,207_CT_2,41.098605255,55.0,0.1009090909090909,0.0,0.0,0.0,0.0,0.0,0.0,1.0,1.0,0.0,0.0,0.0,0.0,0.0,0.0,0.0,0.0,0.0,-2.2935352574741277,4.007333185232471,0.0,0.0,0.0,0.0,-0.5122644716099094,-0.20901157555255098,-0.10500744046411228,0.01189209014491675,-0.7372826231352724,1.0
RTS93,external93,4,13,13,0.3,0.16,perfect,independent,0.0,0.0,0,65.0,213_CC_3,29.04336423,355.0,0.0174929577464788,0.0763888888888889,0.1006944444444444,4.3668366434066925,5.756284666308821,0.0024629783352896,0.0020123001271518,0.9975370216647106,0.9979876998728484,0.0416666666666666,0.0694444444444444,14.339955460312506,14.339955460312506,0.0,0.0,-14.339955460312506,0.0,0.0,-4.0459568935300325,5.872117789475416,0.04039424073327467,0.04039424073327467,0.03959971894965857,0.03959971894965857,-0.11627198689700685,-1.4065733963143685,1.8858606819371508,-0.2958413423208615,-0.7314728728232941,1.0
RTS93,external93,4,13,13,0.3,0.16,perfect,independent,0.0,0.0,0,65.0,213_CT_1,34.424248515,55.0,0.1009090909090909,0.0,0.0,0.0,0.0,0.0,0.0,1.0,1.0,0.0,0.0,0.0,0.0,0.0,0.0,0.0,0.0,0.0,-2.2935352574741277,4.007333185232471,0.0,0.0,0.0,0.0,-0.5122644716099094,-0.20901157555255098,-0.10500744046411228,-0.15848382393609617,-0.7372826231352724,1.0
RTS93,external93,4,13,13,0.3,0.16,perfect,independent,0.0,0.0,0,65.0,213_CT_2,34.424248515,55.0,0.1009090909090909,0.0,0.0,0.0,0.0,0.0,0.0,1.0,1.0,0.0,0.0,0.0,0.0,0.0,0.0,0.0,0.0,0.0,-2.2935352574741277,4.007333185232471,0.0,0.0,0.0,0.0,-0.5122644716099094,-0.20901157555255098,-0.10500744046411228,-0.15848382393609617,-0.7372826231352724,1.0
RTS93,external93,4,13,13,0.3,0.16,perfect,independent,0.0,0.0,0,65.0,215_CT_4,35.281380525,55.0,0.1009090909090909,0.0,0.0,0.0,0.0,0.0,0.0,1.0,1.0,0.0,0.0,0.0,0.0,0.0,0.0,0.0,0.0,0.0,-2.2935352574741277,4.007333185232471,0.0,0.0,0.0,0.0,-0.5122644716099094,-0.20901157555255098,-0.10500744046411228,-0.13660386525533708,-0.7372826231352724,1.0
RTS93,external93,4,13,13,0.3,0.16,perfect,independent,0.0,0.0,0,65.0,215_CT_5,35.281380525,55.0,0.1009090909090909,0.0,0.0,0.0,0.0,0.0,0.0,1.0,1.0,0.0,0.0,0.0,0.0,0.0,0.0,0.0,0.0,0.0,-2.2935352574741277,4.007333185232471,0.0,0.0,0.0,0.0,-0.5122644716099094,-0.20901157555255098,-0.10500744046411228,-0.13660386525533708,-0.7372826231352724,1.0
RTS93,external93,4,13,13,0.3,0.16,perfect,independent,0.0,0.0,0,65.0,216_STEAM_1,21.7693405225,155.0,0.0290322580645161,0.5729166666666666,0.6284722222222222,19.733796296296298,21.647376543209877,0.6735974639740204,0.6849010896482971,0.3264025360259795,0.3150989103517029,0.6215277777777778,0.5902777777777778,2427.109616400895,2427.109616400895,282.6393239348736,0.0,-2144.4702924660214,0.0,0.0,-3.5393477201429735,5.043425116919247,15.658771718715451,13.835292209458203,2.8129369076531545,2.697008950849652,2.457679163736859,-1.0603691543594995,1.0011376842752469,-0.4815249200033262,0.8516201375586098,1.0
RTS93,external93,4,13,13,0.3,0.16,perfect,independent,0.0,0.0,0,65.0,218_CC_1,29.15998083,355.0,0.0174929577464788,0.0451388888888888,0.0555555555555555,2.5804034711039545,3.175881195204867,0.0005698726036776,0.0006473220363849,0.9994301273963224,0.9993526779636152,0.0243055555555555,0.03125,8.923618848599975,8.923618848599975,0.0,0.0,-8.923618848599975,0.0,0.0,-4.0459568935300325,5.872117789475416,0.02513695450309852,0.02513695450309852,0.024826217814160504,0.024826217814160504,-0.2782689124613765,-1.4065733963143685,1.8858606819371508,-0.2928644771942277,-0.7359383898184111,1.0
RTS93,external93,4,13,13,0.3,0.16,perfect,independent,0.0,0.0,0,65.0,221_CC_1,28.087108110000003,355.0,0.0174929577464788,0.1354166666666666,0.1597222222222222,7.741210413311863,9.130658436213992,0.0082603315140843,0.0067573768632627,0.9917396684859158,0.9932426231367372,0.0694444444444444,0.1111111111111111,58.41856792592218,58.41856792592218,1.1413490788660638,0.0,-57.27721884705612,0.0,0.0,-4.0459568935300325,5.872117789475416,0.16455934627020333,0.16134427844241161,0.15234277192064108,0.14957819488371552,0.18972220583569013,-1.4065733963143685,1.8858606819371508,-0.3202516363592594,-0.7177978948681223,1.0
RTS93,external93,4,13,13,0.3,0.16,perfect,independent,0.0,0.0,0,65.0,223_STEAM_1,20.523671915,155.0,0.0290322580645161,0.3715277777777778,0.3402777777777778,12.797067901234568,11.72067901234568,0.9226282713149642,0.9535601499417564,0.0773717286850357,0.0464398500582436,0.7361111111111112,0.7291666666666666,1278.3493965075677,1278.3493965075677,171.2416144102417,0.0,-1107.107782097326,0.0,0.0,-3.5393477201429735,5.043425116919247,8.247415461339147,7.142630852240813,2.224344102897246,2.0971133283173957,1.41369897676648,-1.0603691543594995,1.0011376842752469,-0.5133230296807593,1.4390417928413153,1.0
RTS93,external93,4,13,13,0.3,0.16,perfect,independent,0.0,0.0,0,65.0,223_STEAM_2,20.523671915,155.0,0.0290322580645161,0.2673611111111111,0.4236111111111111,9.209104938271604,14.591049382716047,0.9639019326433688,0.920745884592294,0.0360980673566309,0.0792541154077058,0.7361111111111112,0.7291666666666666,1691.4116096340083,1691.4116096340083,113.19444469662358,0.0,-1578.217164937385,0.0,0.0,-3.5393477201429735,5.043425116919247,10.912332965380699,10.182046225402482,2.477574247088159,2.414309476507775,0.8737092248852494,-1.0603691543594995,1.0011376842752469,-0.5133230296807593,1.5363993957659838,1.0
RTS93,external93,4,13,13,0.3,0.16,perfect,independent,0.0,0.0,0,65.0,223_STEAM_3,22.571599727499997,350.0,0.0171428571428571,0.6666666666666666,0.6944444444444444,38.888888888888886,40.50925925925925,0.460138818740078,0.4881935123670633,0.539861181259922,0.5118064876329367,0.5243055555555556,0.5347222222222222,4261.98730905275,4261.98730905275,487.6321973325921,0.0,-3774.3551117201578,0.0,0.0,-4.066173685255407,5.857933154483459,12.177106597293571,10.78387174777188,2.5784809751785365,2.4667317955108,2.9436699404299667,-1.4203890542647535,1.8707169824615488,-0.4610456962059807,0.34810721055734634,1.0
RTS93,external93,4,13,13,0.3,0.16,perfect,independent,0.0,0.0,0,65.0,223_CT_4,48.87207345,55.0,0.1009090909090909,0.0,0.0,0.0,0.0,0.0,0.0,1.0,1.0,0.0,0.0,0.0,0.0,0.0,0.0,0.0,0.0,0.0,-2.2935352574741277,4.007333185232471,0.0,0.0,0.0,0.0,-0.5122644716099094,-0.20901157555255098,-0.10500744046411228,0.21032495804445406,-0.7372826231352724,1.0
RTS93,external93,4,13,13,0.3,0.16,perfect,independent,0.0,0.0,0,65.0,223_CT_5,48.87207345,55.0,0.1009090909090909,0.0,0.0,0.0,0.0,0.0,0.0,1.0,1.0,0.0,0.0,0.0,0.0,0.0,0.0,0.0,0.0,0.0,-2.2935352574741277,4.007333185232471,0.0,0.0,0.0,0.0,-0.5122644716099094,-0.20901157555255098,-0.10500744046411228,0.21032495804445406,-0.7372826231352724,1.0
RTS93,external93,4,13,13,0.3,0.16,perfect,independent,0.0,0.0,0,65.0,223_CT_6,48.87207345,55.0,0.1009090909090909,0.0,0.0,0.0,0.0,0.0,0.0,1.0,1.0,0.0,0.0,0.0,0.0,0.0,0.0,0.0,0.0,0.0,-2.2935352574741277,4.007333185232471,0.0,0.0,0.0,0.0,-0.5122644716099094,-0.20901157555255098,-0.10500744046411228,0.21032495804445406,-0.7372826231352724,1.0
RTS93,external93,4,13,13,0.3,0.16,perfect,independent,0.0,0.0,0,65.0,301_CT_1,110.83689929999998,20.0,0.225,0.0,0.0,0.0,0.0,0.0,0.0,1.0,1.0,0.0,0.0,0.0,0.0,0.0,0.0,0.0,0.0,0.0,-1.491654876777717,2.995732273553991,0.0,0.0,0.0,0.0,-0.5122644716099094,0.33897374315264334,-1.1850056360038916,1.7920974428434195,-0.7372826231352724,1.0
RTS93,external93,4,13,13,0.3,0.16,perfect,independent,0.0,0.0,0,65.0,301_CT_2,110.83689929999998,20.0,0.225,0.0,0.0,0.0,0.0,0.0,0.0,1.0,1.0,0.0,0.0,0.0,0.0,0.0,0.0,0.0,0.0,0.0,-1.491654876777717,2.995732273553991,0.0,0.0,0.0,0.0,-0.5122644716099094,0.33897374315264334,-1.1850056360038916,1.7920974428434195,-0.7372826231352724,1.0
RTS93,external93,4,13,13,0.3,0.16,perfect,independent,0.0,0.0,0,65.0,301_CT_3,38.095727805,55.0,0.1009090909090909,0.0,0.0,0.0,0.0,0.0,0.0,1.0,1.0,0.0,0.0,0.0,0.0,0.0,0.0,0.0,0.0,0.0,-2.2935352574741277,4.007333185232471,0.0,0.0,0.0,0.0,-0.5122644716099094,-0.20901157555255098,-0.10500744046411228,-0.06476218686590589,-0.7372826231352724,1.0
RTS93,external93,4,13,13,0.3,0.16,perfect,independent,0.0,0.0,0,65.0,301_CT_4,38.095727805,55.0,0.1009090909090909,0.0,0.0,0.0,0.0,0.0,0.0,1.0,1.0,0.0,0.0,0.0,0.0,0.0,0.0,0.0,0.0,0.0,-2.2935352574741277,4.007333185232471,0.0,0.0,0.0,0.0,-0.5122644716099094,-0.20901157555255098,-0.10500744046411228,-0.06476218686590589,-0.7372826231352724,1.0
RTS93,external93,4,13,13,0.3,0.16,perfect,independent,0.0,0.0,0,65.0,302_CT_1,110.83689929999998,20.0,0.225,0.0,0.0,0.0,0.0,0.0,0.0,1.0,1.0,0.0,0.0,0.0,0.0,0.0,0.0,0.0,0.0,0.0,-1.491654876777717,2.995732273553991,0.0,0.0,0.0,0.0,-0.5122644716099094,0.33897374315264334,-1.1850056360038916,1.7920974428434195,-0.7372826231352724,1.0
RTS93,external93,4,13,13,0.3,0.16,perfect,independent,0.0,0.0,0,65.0,302_CT_2,110.83689929999998,20.0,0.225,0.0,0.0,0.0,0.0,0.0,0.0,1.0,1.0,0.0,0.0,0.0,0.0,0.0,0.0,0.0,0.0,0.0,-1.491654876777717,2.995732273553991,0.0,0.0,0.0,0.0,-0.5122644716099094,0.33897374315264334,-1.1850056360038916,1.7920974428434195,-0.7372826231352724,1.0
RTS93,external93,4,13,13,0.3,0.16,perfect,independent,0.0,0.0,0,65.0,302_CT_3,42.663211305,55.0,0.1009090909090909,0.0,0.0,0.0,0.0,0.0,0.0,1.0,1.0,0.0,0.0,0.0,0.0,0.0,0.0,0.0,0.0,0.0,-2.2935352574741277,4.007333185232471,0.0,0.0,0.0,0.0,-0.5122644716099094,-0.20901157555255098,-0.10500744046411228,0.05183169726058796,-0.7372826231352724,1.0
RTS93,external93,4,13,13,0.3,0.16,perfect,independent,0.0,0.0,0,65.0,302_CT_4,42.663211305,55.0,0.1009090909090909,0.0,0.0,0.0,0.0,0.0,0.0,1.0,1.0,0.0,0.0,0.0,0.0,0.0,0.0,0.0,0.0,0.0,-2.2935352574741277,4.007333185232471,0.0,0.0,0.0,0.0,-0.5122644716099094,-0.20901157555255098,-0.10500744046411228,0.05183169726058796,-0.7372826231352724,1.0
RTS93,external93,4,13,13,0.3,0.16,perfect,independent,0.0,0.0,0,65.0,307_CT_1,36.12393546,55.0,0.1009090909090909,0.0,0.0,0.0,0.0,0.0,0.0,1.0,1.0,0.0,0.0,0.0,0.0,0.0,0.0,0.0,0.0,0.0,-2.2935352574741277,4.007333185232471,0.0,0.0,0.0,0.0,-0.5122644716099094,-0.20901157555255098,-0.10500744046411228,-0.11509601471540733,-0.7372826231352724,1.0
RTS93,external93,4,13,13,0.3,0.16,perfect,independent,0.0,0.0,0,65.0,307_CT_2,36.12393546,55.0,0.1009090909090909,0.0,0.0,0.0,0.0,0.0,0.0,1.0,1.0,0.0,0.0,0.0,0.0,0.0,0.0,0.0,0.0,0.0,-2.2935352574741277,4.007333185232471,0.0,0.0,0.0,0.0,-0.5122644716099094,-0.20901157555255098,-0.10500744046411228,-0.11509601471540733,-0.7372826231352724,1.0
RTS93,external93,4,13,13,0.3,0.16,perfect,independent,0.0,0.0,0,65.0,313_CC_1,26.770312335000003,355.0,0.0174929577464788,0.3229166666666667,0.3159722222222222,18.45980944712829,18.06282429772768,0.0711157922642798,0.0502638894415102,0.9288842077357202,0.9497361105584898,0.1666666666666666,0.2256944444444444,1399.1710769059512,1399.1710769059512,256.35447413912095,0.0,-1142.8166027668303,0.0,0.0,-4.0459568935300325,5.872117789475416,3.9413269771998625,3.2192016979347335,1.5976339139946119,1.4396459390472967,1.1617037592219057,-1.4065733963143685,1.8858606819371508,-0.3538654050808337,-0.5695324686275576,1.0
RTS93,external93,4,13,13,0.3,0.16,perfect,independent,0.0,0.0,0,65.0,315_STEAM_1,112.26770385,12.0,0.125,0.0,0.0,0.0,0.0,0.0,0.0,1.0,1.0,0.0,0.0,0.0,0.0,0.0,0.0,0.0,0.0,0.0,-2.0794415416798357,2.4849066497880004,0.0,0.0,0.0,0.0,-0.5122644716099094,-0.06270519880789859,-1.7303696679395384,1.8286215068954002,-0.7372826231352724,1.0
RTS93,external93,4,13,13,0.3,0.16,perfect,independent,0.0,0.0,0,65.0,315_STEAM_2,112.26770385,12.0,0.125,0.0,0.0,0.0,0.0,0.0,0.0,1.0,1.0,0.0,0.0,0.0,0.0,0.0,0.0,0.0,0.0,0.0,-2.0794415416798357,2.4849066497880004,0.0,0.0,0.0,0.0,-0.5122644716099094,-0.06270519880789859,-1.7303696679395384,1.8286215068954002,-0.7372826231352724,1.0
RTS93,external93,4,13,13,0.3,0.16,perfect,independent,0.0,0.0,0,65.0,315_STEAM_3,112.26770385,12.0,0.125,0.0,0.0,0.0,0.0,0.0,0.0,1.0,1.0,0.0,0.0,0.0,0.0,0.0,0.0,0.0,0.0,0.0,-2.0794415416798357,2.4849066497880004,0.0,0.0,0.0,0.0,-0.5122644716099094,-0.06270519880789859,-1.7303696679395384,1.8286215068954002,-0.7372826231352724,1.0
RTS93,external93,4,13,13,0.3,0.16,perfect,independent,0.0,0.0,0,65.0,315_STEAM_4,112.26770385,12.0,0.125,0.0,0.0,0.0,0.0,0.0,0.0,1.0,1.0,0.0,0.0,0.0,0.0,0.0,0.0,0.0,0.0,0.0,-2.0794415416798357,2.4849066497880004,0.0,0.0,0.0,0.0,-0.5122644716099094,-0.06270519880789859,-1.7303696679395384,1.8286215068954002,-0.7372826231352724,1.0
RTS93,external93,4,13,13,0.3,0.16,perfect,independent,0.0,0.0,0,65.0,315_STEAM_5,112.26770385,12.0,0.125,0.0,0.0,0.0,0.0,0.0,0.0,1.0,1.0,0.0,0.0,0.0,0.0,0.0,0.0,0.0,0.0,0.0,-2.0794415416798357,2.4849066497880004,0.0,0.0,0.0,0.0,-0.5122644716099094,-0.06270519880789859,-1.7303696679395384,1.8286215068954002,-0.7372826231352724,1.0
RTS93,external93,4,13,13,0.3,0.16,perfect,independent,0.0,0.0,0,65.0,315_CT_6,31.33876764,55.0,0.1009090909090909,0.0069444444444444,0.0069444444444444,0.0688188188188188,0.0688188188188188,0.0003503787878787,0.0003503787878787,0.9996496212121212,0.9996496212121212,0.0034722222222222,0.0,0.0,0.0,0.0,0.0,0.0,0.0,0.0,-2.2935352574741277,4.007333185232471,0.0,0.0,0.0,0.0,-0.4762651548178275,-0.20901157555255098,-0.10500744046411228,-0.23724671374495118,-0.7364561386944544,1.0
RTS93,external93,4,13,13,0.3,0.16,perfect,independent,0.0,0.0,0,65.0,315_CT_7,31.33876764,55.0,0.1009090909090909,0.0069444444444444,0.0,0.0688188188188188,0.0,0.000523132260101,5.742638888891723e-05,0.9994768677398989,0.9999425736111108,0.0034722222222222,0.0,0.0,0.0,0.0,0.0,0.0,0.0,0.0,-2.2935352574741277,4.007333185232471,0.0,0.0,0.0,0.0,-0.4762651548178275,-0.20901157555255098,-0.10500744046411228,-0.23724671374495118,-0.7360486424023601,1.0
RTS93,external93,4,13,13,0.3,0.16,perfect,independent,0.0,0.0,0,65.0,315_CT_8,31.33876764,55.0,0.1009090909090909,0.0138888888888888,0.0069444444444444,0.1376376376376376,0.0688188188188188,0.000855637310606,0.0003503787878787,0.999144362689394,0.9996496212121212,0.0034722222222222,0.0,0.0,0.0,0.0,0.0,0.0,0.0,0.0,-2.2935352574741277,4.007333185232471,0.0,0.0,0.0,0.0,-0.44026583802574576,-0.20901157555255098,-0.10500744046411228,-0.23724671374495118,-0.7352643190921517,1.0
RTS93,external93,4,13,13,0.3,0.16,perfect,independent,0.0,0.0,0,65.0,316_STEAM_1,23.6803874825,155.0,0.0290322580645161,0.5277777777777778,0.5,18.179012345679013,17.22222222222222,0.2563363169780481,0.2237730490031373,0.7436636830219518,0.7762269509968625,0.2673611111111111,0.3680555555555556,1344.7426201821145,1344.7426201821145,71.25976620037295,0.0,-1273.4828539817415,0.0,0.0,-3.5393477201429735,5.043425116919247,8.67575883988461,8.216018412785429,2.2696236689031424,2.220943101866625,2.223683604588326,-1.0603691543594995,1.0011376842752469,-0.43274173604337784,-0.13262850328509532,1.0
RTS93,external93,4,13,13,0.3,0.16,perfect,independent,0.0,0.0,0,65.0,318_CC_1,29.14054473,355.0,0.0174929577464788,0.0520833333333333,0.0625,2.9773886205045628,3.572866344605475,0.0009252408646322,0.0009991382140062,0.9990747591353676,0.9990008617859938,0.0277777777777777,0.0416666666666666,9.364166391314088,9.364166391314088,0.0,0.0,-9.364166391314088,0.0,0.0,-4.0459568935300325,5.872117789475416,0.026377933496659404,0.026377933496659404,0.026036035156636543,0.026036035156636543,-0.2422695956692942,-1.4065733963143685,1.8858606819371508,-0.29336062138200003,-0.7351001360524861,1.0
RTS93,external93,4,13,13,0.3,0.16,perfect,independent,0.0,0.0,0,65.0,321_CC_1,27.670203765000004,355.0,0.0174929577464788,0.1979166666666666,0.2118055555555555,11.314076757917338,12.108047056718554,0.0237755682511737,0.0183925538077073,0.9762244317488264,0.9816074461922928,0.1041666666666666,0.15625,287.6892642138502,287.6892642138502,4.05239830993078,0.0,-283.63686590391944,0.0,0.0,-4.0459568935300325,5.872117789475416,0.8103922935601414,0.7989770870532942,0.5935435585672718,0.5872182183966216,0.5137160569644286,-1.4065733963143685,1.8858606819371508,-0.3308939291869755,-0.681200069307824,1.0
RTS93,external93,4,13,13,0.3,0.16,perfect,independent,0.0,0.0,0,65.0,322_CT_5,31.1560683,55.0,0.1009090909090909,0.0208333333333333,0.0069444444444444,0.2064564564564564,0.0688188188188188,0.0012788737373737,0.0003503787878787,0.9987211262626264,0.9996496212121212,0.0104166666666666,0.0034722222222222,0.0,0.0,0.0,0.0,0.0,0.0,0.0,-2.2935352574741277,4.007333185232471,0.0,0.0,0.0,0.0,-0.4042665212336634,-0.20901157555255098,-0.10500744046411228,-0.24191046911001093,-0.734265975774542,1.0
RTS93,external93,4,13,13,0.3,0.16,perfect,independent,0.0,0.0,0,65.0,322_CT_6,31.1560683,55.0,0.1009090909090909,0.0277777777777777,0.0069444444444444,0.2752752752752753,0.0688188188188188,0.0014015151515151,0.0003503787878787,0.9985984848484848,0.9996496212121212,0.0104166666666666,0.0034722222222222,0.0,0.0,0.0,0.0,0.0,0.0,0.0,-2.2935352574741277,4.007333185232471,0.0,0.0,0.0,0.0,-0.3682672044415816,-0.20901157555255098,-0.10500744046411228,-0.24191046911001093,-0.7339766853719993,1.0
RTS93,external93,4,13,13,0.3,0.16,perfect,independent,0.0,0.0,0,65.0,323_CC_1,29.281456455,355.0,0.0174929577464788,0.0277777777777777,0.0416666666666666,1.5879405976024334,2.38191089640365,0.0002507207648669,0.0004699559370109,0.9997492792351332,0.9995300440629892,0.0138888888888888,0.0034722222222222,6.6630425002875,6.6630425002875,0.0,0.0,-6.6630425002875,0.0,0.0,-4.0459568935300325,5.872117789475416,0.018769133803626763,0.018769133803626763,0.018595167044294265,0.018595167044294265,-0.3682672044415816,-1.4065733963143685,1.8858606819371508,-0.2897635760206507,-0.7366912151553343,1.0
RTS93,external93,4,13,13,0.3,0.16,perfect,independent,0.0,0.0,0,65.0,323_CC_2,29.281456455,355.0,0.0174929577464788,0.03125,0.0069444444444444,1.7864331723027376,0.3969851494006083,0.0003181589201877,0.0002053704127543,0.9996818410798124,0.9997946295872456,0.0138888888888888,0.0034722222222222,6.6630425002875,6.6630425002875,0.0,0.0,-6.6630425002875,0.0,0.0,-4.0459568935300325,5.872117789475416,0.018769133803626763,0.018769133803626763,0.018595167044294265,0.018595167044294265,-0.35026754604554017,-1.4065733963143685,1.8858606819371508,-0.2897635760206507,-0.7365321399258445,1.0
RTS93,external93,4,13,13,0.3,0.16,perfect,independent,0.0,0.0,0,65.0,121_NUCLEAR_1,2.025875,400.0,0.075,0.0208333333333333,0.0,0.2777777777777778,0.0,0.9936955584470488,0.9995462614852432,0.0063044415529513,0.0004537385147569,0.8993055555555556,0.9583333333333334,116.7006341459928,116.7006341459928,0.0,0.0,-116.7006341459928,0.0,0.0,-2.5902671654458267,5.991464547107982,0.29175158536498197,0.29175158536498197,0.25599911548456405,0.25599911548456405,-0.4042665212336634,-0.41179085918916297,2.0132768214430246,-0.9855152094889464,1.606677531926505,1.0
RTS93,external93,4,13,13,0.3,0.16,perfect,independent,0.0,0.0,0,65.0,122_HYDRO_1,0.0,50.0,1.5,0.0,0.0,0.0,0.0,0.991579302826389,1.0,0.0084206971736111,0.0,0.9861111111111112,1.0,0.0,0.0,0.0,0.0,0.0,0.0,0.0,0.4054651081081644,3.912023005428146,0.0,0.0,0.0,0.0,-0.5122644716099094,1.6354188546252855,-0.2067618191097883,-1.0372296021090317,1.6016856419954433,1.0
RTS93,external93,4,13,13,0.3,0.16,perfect,independent,0.0,0.0,0,65.0,122_HYDRO_2,0.0,50.0,1.5,0.0,0.0,0.0,0.0,1.0,1.0,0.0,0.0,0.9861111111111112,1.0,0.0,0.0,0.0,0.0,0.0,0.0,0.0,0.4054651081081644,3.912023005428146,0.0,0.0,0.0,0.0,-0.5122644716099094,1.6354188546252855,-0.2067618191097883,-1.0372296021090317,1.621548645794748,1.0
RTS93,external93,4,13,13,0.3,0.16,perfect,independent,0.0,0.0,0,65.0,122_HYDRO_3,0.0,50.0,1.5,0.0,0.0,0.0,0.0,1.0,1.0,0.0,0.0,0.9861111111111112,1.0,0.0,0.0,0.0,0.0,0.0,0.0,0.0,0.4054651081081644,3.912023005428146,0.0,0.0,0.0,0.0,-0.5122644716099094,1.6354188546252855,-0.2067618191097883,-1.0372296021090317,1.621548645794748,1.0
RTS93,external93,4,13,13,0.3,0.16,perfect,independent,0.0,0.0,0,65.0,122_HYDRO_4,0.0,50.0,1.5,0.0,0.0,0.0,0.0,1.0,1.0,0.0,0.0,0.9861111111111112,1.0,0.0,0.0,0.0,0.0,0.0,0.0,0.0,0.4054651081081644,3.912023005428146,0.0,0.0,0.0,0.0,-0.5122644716099094,1.6354188546252855,-0.2067618191097883,-1.0372296021090317,1.621548645794748,1.0
RTS93,external93,4,13,13,0.3,0.16,perfect,independent,0.0,0.0,0,65.0,122_HYDRO_5,0.0,50.0,1.5,0.0,0.0,0.0,0.0,1.0,1.0,0.0,0.0,0.9861111111111112,1.0,0.0,0.0,0.0,0.0,0.0,0.0,0.0,0.4054651081081644,3.912023005428146,0.0,0.0,0.0,0.0,-0.5122644716099094,1.6354188546252855,-0.2067618191097883,-1.0372296021090317,1.621548645794748,1.0
RTS93,external93,4,13,13,0.3,0.16,perfect,independent,0.0,0.0,0,65.0,122_HYDRO_6,0.0,50.0,1.5,0.0,0.0,0.0,0.0,1.0,1.0,0.0,0.0,0.9861111111111112,1.0,0.0,0.0,0.0,0.0,0.0,0.0,0.0,0.4054651081081644,3.912023005428146,0.0,0.0,0.0,0.0,-0.5122644716099094,1.6354188546252855,-0.2067618191097883,-1.0372296021090317,1.621548645794748,1.0
RTS93,external93,4,13,13,0.3,0.16,perfect,independent,0.0,0.0,0,65.0,201_HYDRO_4,0.0,50.0,1.5,0.0,0.0,0.0,0.0,1.0,1.0,0.0,0.0,0.9861111111111112,1.0,0.0,0.0,0.0,0.0,0.0,0.0,0.0,0.4054651081081644,3.912023005428146,0.0,0.0,0.0,0.0,-0.5122644716099094,1.6354188546252855,-0.2067618191097883,-1.0372296021090317,1.621548645794748,1.0
RTS93,external93,4,13,13,0.3,0.16,perfect,independent,0.0,0.0,0,65.0,215_HYDRO_1,0.0,50.0,1.5,0.0,0.0,0.0,0.0,1.0,1.0,0.0,0.0,0.9861111111111112,1.0,0.0,0.0,0.0,0.0,0.0,0.0,0.0,0.4054651081081644,3.912023005428146,0.0,0.0,0.0,0.0,-0.5122644716099094,1.6354188546252855,-0.2067618191097883,-1.0372296021090317,1.621548645794748,1.0
RTS93,external93,4,13,13,0.3,0.16,perfect,independent,0.0,0.0,0,65.0,215_HYDRO_2,0.0,50.0,1.5,0.0,0.0,0.0,0.0,1.0,1.0,0.0,0.0,0.9861111111111112,1.0,0.0,0.0,0.0,0.0,0.0,0.0,0.0,0.4054651081081644,3.912023005428146,0.0,0.0,0.0,0.0,-0.5122644716099094,1.6354188546252855,-0.2067618191097883,-1.0372296021090317,1.621548645794748,1.0
RTS93,external93,4,13,13,0.3,0.16,perfect,independent,0.0,0.0,0,65.0,215_HYDRO_3,0.0,50.0,1.5,0.0,0.0,0.0,0.0,1.0,1.0,0.0,0.0,0.9861111111111112,1.0,0.0,0.0,0.0,0.0,0.0,0.0,0.0,0.4054651081081644,3.912023005428146,0.0,0.0,0.0,0.0,-0.5122644716099094,1.6354188546252855,-0.2067618191097883,-1.0372296021090317,1.621548645794748,1.0
RTS93,external93,4,13,13,0.3,0.16,perfect,independent,0.0,0.0,0,65.0,222_HYDRO_1,0.0,50.0,1.5,0.0,0.0,0.0,0.0,1.0,1.0,0.0,0.0,0.9861111111111112,1.0,0.0,0.0,0.0,0.0,0.0,0.0,0.0,0.4054651081081644,3.912023005428146,0.0,0.0,0.0,0.0,-0.5122644716099094,1.6354188546252855,-0.2067618191097883,-1.0372296021090317,1.621548645794748,1.0
RTS93,external93,4,13,13,0.3,0.16,perfect,independent,0.0,0.0,0,65.0,222_HYDRO_2,0.0,50.0,1.5,0.0,0.0,0.0,0.0,1.0,1.0,0.0,0.0,0.9861111111111112,1.0,0.0,0.0,0.0,0.0,0.0,0.0,0.0,0.4054651081081644,3.912023005428146,0.0,0.0,0.0,0.0,-0.5122644716099094,1.6354188546252855,-0.2067618191097883,-1.0372296021090317,1.621548645794748,1.0
RTS93,external93,4,13,13,0.3,0.16,perfect,independent,0.0,0.0,0,65.0,222_HYDRO_3,0.0,50.0,1.5,0.0,0.0,0.0,0.0,1.0,1.0,0.0,0.0,0.9861111111111112,1.0,0.0,0.0,0.0,0.0,0.0,0.0,0.0,0.4054651081081644,3.912023005428146,0.0,0.0,0.0,0.0,-0.5122644716099094,1.6354188546252855,-0.2067618191097883,-1.0372296021090317,1.621548645794748,1.0
RTS93,external93,4,13,13,0.3,0.16,perfect,independent,0.0,0.0,0,65.0,222_HYDRO_4,0.0,50.0,1.5,0.0,0.0,0.0,0.0,1.0,1.0,0.0,0.0,0.9861111111111112,1.0,0.0,0.0,0.0,0.0,0.0,0.0,0.0,0.4054651081081644,3.912023005428146,0.0,0.0,0.0,0.0,-0.5122644716099094,1.6354188546252855,-0.2067618191097883,-1.0372296021090317,1.621548645794748,1.0
RTS93,external93,4,13,13,0.3,0.16,perfect,independent,0.0,0.0,0,65.0,222_HYDRO_5,0.0,50.0,1.5,0.0,0.0,0.0,0.0,1.0,1.0,0.0,0.0,0.9861111111111112,1.0,0.0,0.0,0.0,0.0,0.0,0.0,0.0,0.4054651081081644,3.912023005428146,0.0,0.0,0.0,0.0,-0.5122644716099094,1.6354188546252855,-0.2067618191097883,-1.0372296021090317,1.621548645794748,1.0
RTS93,external93,4,13,13,0.3,0.16,perfect,independent,0.0,0.0,0,65.0,222_HYDRO_6,0.0,50.0,1.5,0.0,0.0,0.0,0.0,1.0,1.0,0.0,0.0,0.9861111111111112,1.0,0.0,0.0,0.0,0.0,0.0,0.0,0.0,0.4054651081081644,3.912023005428146,0.0,0.0,0.0,0.0,-0.5122644716099094,1.6354188546252855,-0.2067618191097883,-1.0372296021090317,1.621548645794748,1.0
RTS93,external93,4,13,13,0.3,0.16,perfect,independent,0.0,0.0,0,65.0,322_HYDRO_1,0.0,50.0,1.5,0.0,0.0,0.0,0.0,1.0,1.0,0.0,0.0,0.9861111111111112,1.0,0.0,0.0,0.0,0.0,0.0,0.0,0.0,0.4054651081081644,3.912023005428146,0.0,0.0,0.0,0.0,-0.5122644716099094,1.6354188546252855,-0.2067618191097883,-1.0372296021090317,1.621548645794748,1.0
RTS93,external93,4,13,13,0.3,0.16,perfect,independent,0.0,0.0,0,65.0,322_HYDRO_2,0.0,50.0,1.5,0.0,0.0,0.0,0.0,1.0,1.0,0.0,0.0,0.9861111111111112,1.0,0.0,0.0,0.0,0.0,0.0,0.0,0.0,0.4054651081081644,3.912023005428146,0.0,0.0,0.0,0.0,-0.5122644716099094,1.6354188546252855,-0.2067618191097883,-1.0372296021090317,1.621548645794748,1.0
RTS93,external93,4,13,13,0.3,0.16,perfect,independent,0.0,0.0,0,65.0,322_HYDRO_3,0.0,50.0,1.5,0.0,0.0,0.0,0.0,1.0,1.0,0.0,0.0,0.9861111111111112,1.0,0.0,0.0,0.0,0.0,0.0,0.0,0.0,0.4054651081081644,3.912023005428146,0.0,0.0,0.0,0.0,-0.5122644716099094,1.6354188546252855,-0.2067618191097883,-1.0372296021090317,1.621548645794748,1.0
RTS93,external93,4,13,13,0.3,0.16,perfect,independent,0.0,0.0,0,65.0,322_HYDRO_4,0.0,50.0,1.5,0.0,0.0,0.0,0.0,1.0,1.0,0.0,0.0,0.9861111111111112,1.0,0.0,0.0,0.0,0.0,0.0,0.0,0.0,0.4054651081081644,3.912023005428146,0.0,0.0,0.0,0.0,-0.5122644716099094,1.6354188546252855,-0.2067618191097883,-1.0372296021090317,1.621548645794748,1.0
RTS93,external93,4,15,13,0.3,0.16,perfect,independent,0.0,0.0,0,65.0,101_CT_1,109.6984653,20.0,0.225,0.0,0.0,0.0,0.0,0.0,0.0,1.0,1.0,0.0,0.0,0.0,0.0,0.0,0.0,0.0,0.0,0.0,-1.491654876777717,2.995732273553991,0.0,0.0,0.0,0.0,-0.5122644716099094,0.33897374315264334,-1.1850056360038916,1.763036704718879,-0.7372826231352724,1.0
RTS93,external93,4,15,13,0.3,0.16,perfect,independent,0.0,0.0,0,65.0,101_CT_2,109.6984653,20.0,0.225,0.0,0.0,0.0,0.0,0.0,0.0,1.0,1.0,0.0,0.0,0.0,0.0,0.0,0.0,0.0,0.0,0.0,-1.491654876777717,2.995732273553991,0.0,0.0,0.0,0.0,-0.5122644716099094,0.33897374315264334,-1.1850056360038916,1.763036704718879,-0.7372826231352724,1.0
RTS93,external93,4,15,13,0.3,0.16,perfect,independent,0.0,0.0,0,65.0,101_STEAM_3,19.3218686,76.0,0.0394736842105263,0.5138888888888888,0.5208333333333334,13.018518518518515,13.194444444444446,0.7256881823282189,0.7363423595805919,0.274311817671781,0.2636576404194081,0.6215277777777778,0.65625,3624.3615290848456,3624.3615290848456,1104.6823687642873,0.0,-2519.6791603205584,0.0,0.0,-3.232121051618222,4.330733340286331,47.68896748795849,33.15367316211261,3.8854524641360904,3.530870139884581,2.1516849710041615,-0.8504180096263427,0.24025874095513047,-0.5440013926024746,0.9744933528335199,1.0
RTS93,external93,4,15,13,0.3,0.16,perfect,independent,0.0,0.0,0,65.0,101_STEAM_4,19.3218686,76.0,0.0394736842105263,0.5,0.5277777777777778,12.666666666666668,13.370370370370372,0.7847002756533238,0.71241882372076,0.215299724346676,0.2875811762792399,0.6215277777777778,0.65625,4145.943130664251,4145.943130664251,1085.0298846879382,0.0,-3060.9132459763127,0.0,0.0,-3.232121051618222,4.330733340286331,54.55188329821383,40.27517428916201,4.017317418269078,3.7202612124299113,2.079686337419998,-0.8504180096263427,0.24025874095513047,-0.5440013926024746,1.113692923813794,1.0
RTS93,external93,4,15,13,0.3,0.16,perfect,independent,0.0,0.0,0,65.0,102_CT_1,108.68163675,20.0,0.225,0.0,0.0,0.0,0.0,0.0,0.0,1.0,1.0,0.0,0.0,0.0,0.0,0.0,0.0,0.0,0.0,0.0,-1.491654876777717,2.995732273553991,0.0,0.0,0.0,0.0,-0.5122644716099094,0.33897374315264334,-1.1850056360038916,1.7370801818030965,-0.7372826231352724,1.0
RTS93,external93,4,15,13,0.3,0.16,perfect,independent,0.0,0.0,0,65.0,102_CT_2,108.68163675,20.0,0.225,0.0,0.0,0.0,0.0,0.0,0.0,1.0,1.0,0.0,0.0,0.0,0.0,0.0,0.0,0.0,0.0,0.0,-1.491654876777717,2.995732273553991,0.0,0.0,0.0,0.0,-0.5122644716099094,0.33897374315264334,-1.1850056360038916,1.7370801818030965,-0.7372826231352724,1.0
RTS93,external93,4,15,13,0.3,0.16,perfect,independent,0.0,0.0,0,65.0,102_STEAM_3,21.582252407499997,76.0,0.0394736842105263,0.6388888888888888,0.6805555555555556,16.185185185185183,17.240740740740744,0.5255903944216005,0.510553918827668,0.4744096055783995,0.489446081172332,0.4756944444444444,0.5381944444444444,3104.9343289876447,3104.9343289876447,674.3327958655327,0.0,-2430.601533122112,0.0,0.0,-3.232121051618222,4.330733340286331,40.8543990656269,31.981599120027788,3.7341969064800256,3.4959498035250345,2.7996726732616386,-0.8504180096263427,0.24025874095513047,-0.48630070737108666,0.5024964338756613,1.0
RTS93,external93,4,15,13,0.3,0.16,perfect,independent,0.0,0.0,0,65.0,102_STEAM_4,21.582252407499997,76.0,0.0394736842105263,0.6076388888888888,0.6840277777777778,15.393518518518515,17.328703703703706,0.5757992365679806,0.5211338284630853,0.4242007634320194,0.4788661715369147,0.4756944444444444,0.5381944444444444,3379.138376634961,3379.138376634961,695.6348574659244,0.0,-2683.5035191690367,0.0,0.0,-3.232121051618222,4.330733340286331,44.462347060986325,35.30925683117154,3.8168844462378604,3.592072717884688,2.637675747697269,-0.8504180096263427,0.24025874095513047,-0.48630070737108666,0.6209306207073142,1.0
RTS93,external93,4,15,13,0.3,0.16,perfect,independent,0.0,0.0,0,65.0,107_CC_1,27.15028809,355.0,0.0174929577464788,0.1944444444444444,0.2534722222222222,11.115584183217036,14.489957953122206,0.0144822945686619,0.0107049226144366,0.985517705431338,0.9892950773855632,0.1006944444444444,0.1666666666666666,200.03619839824208,200.03619839824208,22.058146184792093,0.0,-177.97805221344998,0.0,0.0,-4.0459568935300325,5.872117789475416,0.5634822490091326,0.5013466259533802,0.44691554448330933,0.40636245600666965,0.49571639856838756,-1.4065733963143685,1.8858606819371508,-0.344165786209885,-0.7031213338608573,1.0
RTS93,external93,4,15,13,0.3,0.16,perfect,independent,0.0,0.0,0,65.0,113_CT_1,34.424248515,55.0,0.1009090909090909,0.0069444444444444,0.0069444444444444,0.0688188188188188,0.0688188188188188,0.0003503787878787,0.0005243547348485,0.9996496212121212,0.9994756452651514,0.0034722222222222,0.0,0.0,0.0,0.0,0.0,0.0,0.0,0.0,-2.2935352574741277,4.007333185232471,0.0,0.0,0.0,0.0,-0.4762651548178275,-0.20901157555255098,-0.10500744046411228,-0.15848382393609617,-0.7364561386944544,1.0
RTS93,external93,4,15,13,0.3,0.16,perfect,independent,0.0,0.0,0,65.0,113_CT_2,34.424248515,55.0,0.1009090909090909,0.0069444444444444,0.0069444444444444,0.0688188188188188,0.0688188188188188,0.0003503787878787,0.0003503787878787,0.9996496212121212,0.9996496212121212,0.0034722222222222,0.0,0.0,0.0,0.0,0.0,0.0,0.0,0.0,-2.2935352574741277,4.007333185232471,0.0,0.0,0.0,0.0,-0.4762651548178275,-0.20901157555255098,-0.10500744046411228,-0.15848382393609617,-0.7364561386944544,1.0
RTS93,external93,4,15,13,0.3,0.16,perfect,independent,0.0,0.0,0,65.0,113_CT_3,34.424248515,55.0,0.1009090909090909,0.0069444444444444,0.0138888888888888,0.0688188188188188,0.1376376376376376,0.0003503787878787,0.0007007575757575,0.9996496212121212,0.9992992424242424,0.0034722222222222,0.0,0.0,0.0,0.0,0.0,0.0,0.0,0.0,-2.2935352574741277,4.007333185232471,0.0,0.0,0.0,0.0,-0.4762651548178275,-0.20901157555255098,-0.10500744046411228,-0.15848382393609617,-0.7364561386944544,1.0
RTS93,external93,4,15,13,0.3,0.16,perfect,independent,0.0,0.0,0,65.0,113_CT_4,34.424248515,55.0,0.1009090909090909,0.0069444444444444,0.0,0.0688188188188188,0.0,0.0006974119318182,0.0003364918560606,0.9993025880681816,0.9996635081439392,0.0034722222222222,0.0,0.0,0.0,0.0,0.0,0.0,0.0,0.0,-2.2935352574741277,4.007333185232471,0.0,0.0,0.0,0.0,-0.4762651548178275,-0.20901157555255098,-0.10500744046411228,-0.15848382393609617,-0.7356375460631747,1.0
RTS93,external93,4,15,13,0.3,0.16,perfect,independent,0.0,0.0,0,65.0,115_STEAM_1,140.6638701,12.0,0.125,0.0,0.0,0.0,0.0,0.0,0.0,1.0,1.0,0.0,0.0,0.0,0.0,0.0,0.0,0.0,0.0,0.0,-2.0794415416798357,2.4849066497880004,0.0,0.0,0.0,0.0,-0.5122644716099094,-0.06270519880789859,-1.7303696679395384,2.553488781706389,-0.7372826231352724,1.0
RTS93,external93,4,15,13,0.3,0.16,perfect,independent,0.0,0.0,0,65.0,115_STEAM_2,140.6638701,12.0,0.125,0.0,0.0,0.0,0.0,0.0,0.0,1.0,1.0,0.0,0.0,0.0,0.0,0.0,0.0,0.0,0.0,0.0,-2.0794415416798357,2.4849066497880004,0.0,0.0,0.0,0.0,-0.5122644716099094,-0.06270519880789859,-1.7303696679395384,2.553488781706389,-0.7372826231352724,1.0
RTS93,external93,4,15,13,0.3,0.16,perfect,independent,0.0,0.0,0,65.0,115_STEAM_3,23.535050669999997,155.0,0.0290322580645161,0.4618055555555556,0.5277777777777778,15.906635802469136,18.179012345679013,0.2102621005443558,0.2167443267473118,0.7897378994556443,0.7832556732526882,0.2465277777777778,0.3472222222222222,3636.927736159598,3636.927736159598,1008.4930471077258,0.0,-2628.4346890518727,0.0,0.0,-3.5393477201429735,5.043425116919247,23.464049910707086,16.95764315517337,3.1972046893541433,2.8880158268227443,1.8816900950635467,-1.0603691543594995,1.0011376842752469,-0.43645174035449125,-0.24130980570033814,1.0
RTS93,external93,4,15,13,0.3,0.16,perfect,independent,0.0,0.0,0,65.0,116_STEAM_1,23.254946994999997,155.0,0.0290322580645161,0.4548611111111111,0.53125,15.667438271604937,18.29861111111111,0.2312862507213271,0.2215369647020608,0.7687137492786729,0.7784630352979391,0.2673611111111111,0.375,3851.157710347535,3851.157710347535,977.0136525690198,0.0,-2874.144057778515,0.0,0.0,-3.5393477201429735,5.043425116919247,24.84617877643571,18.542864888893646,3.252162767065679,2.9726102524945754,1.8456907782714644,-1.0603691543594995,1.0011376842752469,-0.4436019304813642,-0.19171738286021756,1.0
RTS93,external93,4,15,13,0.3,0.16,perfect,independent,0.0,0.0,0,65.0,118_CC_1,27.75086358,355.0,0.0174929577464788,0.1215277777777777,0.1770833333333333,6.947240114510646,10.123121309715517,0.0064613147085289,0.0054875176026995,0.9935386852914712,0.9945124823973006,0.0625,0.1145833333333333,89.97175255792543,89.97175255792543,25.680270132149055,0.0,-64.29148242577637,0.0,0.0,-4.0459568935300325,5.872117789475416,0.2534415565011984,0.18110276739655315,0.22589301327812875,0.16644855070002063,0.11772357225152602,-1.4065733963143685,1.8858606819371508,-0.32883493080772047,-0.722041471962397,1.0
RTS93,external93,4,15,13,0.3,0.16,perfect,independent,0.0,0.0,0,65.0,123_STEAM_2,24.654408375,155.0,0.0290322580645161,0.3645833333333333,0.4166666666666667,12.557870370370368,14.351851851851851,0.1513145689964161,0.1542372801635307,0.848685431003584,0.8457627198364692,0.1805555555555555,0.2777777777777778,1934.203231347704,1934.203231347704,255.99389403015695,0.0,-1678.2093373175471,0.0,0.0,-3.5393477201429735,5.043425116919247,12.478730524823897,10.827157014951917,2.6011129263331156,2.4703983291554823,1.3776996599743978,-1.0603691543594995,1.0011376842752469,-0.40787796169653473,-0.3803570863418571,1.0
RTS93,external93,4,15,13,0.3,0.16,perfect,independent,0.0,0.0,0,65.0,123_STEAM_3,22.665143785,350.0,0.0171428571428571,0.5486111111111112,0.7118055555555556,32.00231481481482,41.52199074074074,0.220801350379959,0.2346352541061511,0.7791986496200409,0.765364745893849,0.2951388888888889,0.4236111111111111,12689.125801596098,12689.125801596098,8079.94447663591,0.0,-4609.181324960187,0.0,0.0,-4.066173685255407,5.857933154483459,36.25464514741742,13.16908949988625,3.6177766389950192,2.6510627961607884,2.331681554964572,-1.4203890542647535,1.8707169824615488,-0.45865780252210037,-0.21644949363705174,1.0
RTS93,external93,4,15,13,0.3,0.16,perfect,independent,0.0,0.0,0,65.0,123_CT_1,34.156030335000004,55.0,0.1009090909090909,0.0138888888888888,0.0277777777777777,0.1376376376376376,0.2752752752752753,0.0007007575757575,0.0014015151515151,0.9992992424242424,0.9985984848484848,0.0069444444444444,0.0104166666666666,0.0,0.0,0.0,0.0,0.0,0.0,0.0,-2.2935352574741277,4.007333185232471,0.0,0.0,0.0,0.0,-0.44026583802574576,-0.20901157555255098,-0.10500744046411228,-0.16533061372735405,-0.735629654253636,1.0
RTS93,external93,4,15,13,0.3,0.16,perfect,independent,0.0,0.0,0,65.0,123_CT_4,34.156030335000004,55.0,0.1009090909090909,0.0138888888888888,0.0208333333333333,0.1376376376376376,0.2064564564564564,0.0007007575757575,0.0011898361742424,0.9992992424242424,0.9988101638257576,0.0069444444444444,0.0104166666666666,0.0,0.0,0.0,0.0,0.0,0.0,0.0,-2.2935352574741277,4.007333185232471,0.0,0.0,0.0,0.0,-0.44026583802574576,-0.20901157555255098,-0.10500744046411228,-0.16533061372735405,-0.735629654253636,1.0
RTS93,external93,4,15,13,0.3,0.16,perfect,independent,0.0,0.0,0,65.0,123_CT_5,34.156030335000004,55.0,0.1009090909090909,0.0138888888888888,0.0208333333333333,0.1376376376376376,0.2064564564564564,0.0007007575757575,0.0010511363636363,0.9992992424242424,0.9989488636363636,0.0069444444444444,0.0104166666666666,0.0,0.0,0.0,0.0,0.0,0.0,0.0,-2.2935352574741277,4.007333185232471,0.0,0.0,0.0,0.0,-0.44026583802574576,-0.20901157555255098,-0.10500744046411228,-0.16533061372735405,-0.735629654253636,1.0
RTS93,external93,4,15,13,0.3,0.16,perfect,independent,0.0,0.0,0,65.0,201_CT_1,105.65443725,20.0,0.225,0.0,0.0,0.0,0.0,0.0,0.0,1.0,1.0,0.0,0.0,0.0,0.0,0.0,0.0,0.0,0.0,0.0,-1.491654876777717,2.995732273553991,0.0,0.0,0.0,0.0,-0.5122644716099094,0.33897374315264334,-1.1850056360038916,1.6598050372446584,-0.7372826231352724,1.0
RTS93,external93,4,15,13,0.3,0.16,perfect,independent,0.0,0.0,0,65.0,201_CT_2,105.65443725,20.0,0.225,0.0,0.0,0.0,0.0,0.0,0.0,1.0,1.0,0.0,0.0,0.0,0.0,0.0,0.0,0.0,0.0,0.0,-1.491654876777717,2.995732273553991,0.0,0.0,0.0,0.0,-0.5122644716099094,0.33897374315264334,-1.1850056360038916,1.6598050372446584,-0.7372826231352724,1.0
RTS93,external93,4,15,13,0.3,0.16,perfect,independent,0.0,0.0,0,65.0,201_STEAM_3,24.7120146025,76.0,0.0394736842105263,0.3263888888888889,0.3819444444444444,8.268518518518519,9.675925925925926,0.1327127174707624,0.1430788056560665,0.8672872825292376,0.8569211943439334,0.1631944444444444,0.2673611111111111,449.96368596749136,449.96368596749136,17.42559308628114,0.0,-432.5380928812102,0.0,0.0,-3.232121051618222,4.330733340286331,5.920574815361729,5.691290695805398,1.9344988319835235,1.9008067846506016,1.1797034176179468,-0.8504180096263427,0.24025874095513047,-0.4064074508968571,-0.42423571538056265,1.0
RTS93,external93,4,15,13,0.3,0.16,perfect,independent,0.0,0.0,0,65.0,202_CT_1,101.92865324999998,20.0,0.225,0.0,0.0,0.0,0.0,0.0,0.0,1.0,1.0,0.0,0.0,0.0,0.0,0.0,0.0,0.0,0.0,0.0,-1.491654876777717,2.995732273553991,0.0,0.0,0.0,0.0,-0.5122644716099094,0.33897374315264334,-1.1850056360038916,1.564697167018888,-0.7372826231352724,1.0
RTS93,external93,4,15,13,0.3,0.16,perfect,independent,0.0,0.0,0,65.0,202_CT_2,101.92865324999998,20.0,0.225,0.0,0.0,0.0,0.0,0.0,0.0,1.0,1.0,0.0,0.0,0.0,0.0,0.0,0.0,0.0,0.0,0.0,-1.491654876777717,2.995732273553991,0.0,0.0,0.0,0.0,-0.5122644716099094,0.33897374315264334,-1.1850056360038916,1.564697167018888,-0.7372826231352724,1.0
RTS93,external93,4,15,13,0.3,0.16,perfect,independent,0.0,0.0,0,65.0,202_STEAM_3,23.6803874825,76.0,0.0394736842105263,0.3611111111111111,0.4513888888888889,9.148148148148149,11.435185185185183,0.1882956088267543,0.2055648799433481,0.8117043911732457,0.7944351200566518,0.2083333333333333,0.2986111111111111,861.5207171454168,861.5207171454168,93.02477433608384,0.0,-768.495942809333,0.0,0.0,-3.232121051618222,4.330733340286331,11.335798909808116,10.111788721175435,2.512505515602516,2.4080065916981575,1.359700001578357,-0.8504180096263427,0.24025874095513047,-0.43274173604337784,-0.2931250532325088,1.0
RTS93,external93,4,15,13,0.3,0.16,perfect,independent,0.0,0.0,0,65.0,202_STEAM_4,23.6803874825,76.0,0.0394736842105263,0.3611111111111111,0.4305555555555556,9.148148148148149,10.907407407407408,0.1939143737664466,0.2096889215049336,0.8060856262335534,0.7903110784950663,0.2083333333333333,0.2986111111111111,965.5006385027853,965.5006385027853,132.61126845647357,0.0,-832.8893700463117,0.0,0.0,-3.232121051618222,4.330733340286331,12.70395576977349,10.959070658504102,2.617684533475271,2.4814900413649097,1.359700001578357,-0.8504180096263427,0.24025874095513047,-0.43274173604337784,-0.27987133479999493,1.0
RTS93,external93,4,15,13,0.3,0.16,perfect,independent,0.0,0.0,0,65.0,207_CT_1,41.098605255,55.0,0.1009090909090909,0.0,0.0,0.0,0.0,0.0,0.0,1.0,1.0,0.0,0.0,0.0,0.0,0.0,0.0,0.0,0.0,0.0,-2.2935352574741277,4.007333185232471,0.0,0.0,0.0,0.0,-0.5122644716099094,-0.20901157555255098,-0.10500744046411228,0.01189209014491675,-0.7372826231352724,1.0
RTS93,external93,4,15,13,0.3,0.16,perfect,independent,0.0,0.0,0,65.0,207_CT_2,41.098605255,55.0,0.1009090909090909,0.0,0.0,0.0,0.0,0.0,0.0,1.0,1.0,0.0,0.0,0.0,0.0,0.0,0.0,0.0,0.0,0.0,-2.2935352574741277,4.007333185232471,0.0,0.0,0.0,0.0,-0.5122644716099094,-0.20901157555255098,-0.10500744046411228,0.01189209014491675,-0.7372826231352724,1.0
RTS93,external93,4,15,13,0.3,0.16,perfect,independent,0.0,0.0,0,65.0,213_CC_3,29.04336423,355.0,0.0174929577464788,0.0694444444444444,0.1215277777777777,3.969851494006084,6.947240114510646,0.0026102413438966,0.0023978574726134,0.9973897586561034,0.9976021425273864,0.0347222222222222,0.0694444444444444,13.0897143119355,13.0897143119355,28.098450855356916,0.0,15.008736543421415,0.0,0.0,-4.0459568935300325,5.872117789475416,0.03687243468150845,-0.04227813110822934,0.036208907872961306,-0.041408828163606186,-0.15227130368908912,-1.4065733963143685,1.8858606819371508,-0.2958413423208615,-0.7311255042338352,1.0
RTS93,external93,4,15,13,0.3,0.16,perfect,independent,0.0,0.0,0,65.0,213_CT_1,34.424248515,55.0,0.1009090909090909,0.0138888888888888,0.0,0.1376376376376376,0.0,0.0007007575757575,0.0,0.9992992424242424,1.0,0.0034722222222222,0.0,0.0,0.0,0.0,0.0,0.0,0.0,0.0,-2.2935352574741277,4.007333185232471,0.0,0.0,0.0,0.0,-0.44026583802574576,-0.20901157555255098,-0.10500744046411228,-0.15848382393609617,-0.735629654253636,1.0
RTS93,external93,4,15,13,0.3,0.16,perfect,independent,0.0,0.0,0,65.0,213_CT_2,34.424248515,55.0,0.1009090909090909,0.0138888888888888,0.0,0.1376376376376376,0.0,0.0007007575757575,0.0,0.9992992424242424,1.0,0.0034722222222222,0.0,0.0,0.0,0.0,0.0,0.0,0.0,0.0,-2.2935352574741277,4.007333185232471,0.0,0.0,0.0,0.0,-0.44026583802574576,-0.20901157555255098,-0.10500744046411228,-0.15848382393609617,-0.735629654253636,1.0
RTS93,external93,4,15,13,0.3,0.16,perfect,independent,0.0,0.0,0,65.0,215_CT_4,35.281380525,55.0,0.1009090909090909,0.0,0.0,0.0,0.0,0.000260734280303,0.0,0.9997392657196968,1.0,0.0,0.0,0.0,0.0,0.0,0.0,0.0,0.0,0.0,-2.2935352574741277,4.007333185232471,0.0,0.0,0.0,0.0,-0.5122644716099094,-0.20901157555255098,-0.10500744046411228,-0.13660386525533708,-0.7366675949620117,1.0
RTS93,external93,4,15,13,0.3,0.16,perfect,independent,0.0,0.0,0,65.0,215_CT_5,35.281380525,55.0,0.1009090909090909,0.0069444444444444,0.0,0.0688188188188188,0.0,0.0003503787878787,0.0,0.9996496212121212,1.0,0.0,0.0,0.0,0.0,0.0,0.0,0.0,0.0,0.0,-2.2935352574741277,4.007333185232471,0.0,0.0,0.0,0.0,-0.4762651548178275,-0.20901157555255098,-0.10500744046411228,-0.13660386525533708,-0.7364561386944544,1.0
RTS93,external93,4,15,13,0.3,0.16,perfect,independent,0.0,0.0,0,65.0,216_STEAM_1,21.7693405225,155.0,0.0290322580645161,0.7152777777777778,0.7152777777777778,24.637345679012345,24.637345679012345,0.4979976945228515,0.4877323513888887,0.5020023054771485,0.5122676486111113,0.4236111111111111,0.5,7567.040419291558,7567.040419291558,2546.610591354111,0.0,-5020.429827937447,0.0,0.0,-3.5393477201429735,5.043425116919247,48.81961560833263,32.38986985766095,3.9084087941947274,3.5082525563037907,3.195665157974541,-1.0603691543594995,1.0011376842752469,-0.4815249200033262,0.43740991056028994,1.0
RTS93,external93,4,15,13,0.3,0.16,perfect,independent,0.0,0.0,0,65.0,218_CC_1,29.15998083,355.0,0.0174929577464788,0.0381944444444444,0.0798611111111111,2.1834183217033463,4.565329218106996,0.0009001061267605,0.0014275399745696,0.9990998938732394,0.9985724600254304,0.0208333333333333,0.0486111111111111,13.544347544549996,13.544347544549996,14.815404460575008,0.0,1.271056916025012,0.0,0.0,-4.0459568935300325,5.872117789475416,0.038153091674788725,-0.003580442016971865,0.037443261031144176,-0.003574047493388536,-0.3142682292534584,-1.4065733963143685,1.8858606819371508,-0.2928644771942277,-0.7351594246581142,1.0
RTS93,external93,4,15,13,0.3,0.16,perfect,independent,0.0,0.0,0,65.0,221_CC_1,28.087108110000003,355.0,0.0174929577464788,0.0694444444444444,0.1215277777777777,3.969851494006084,6.947240114510646,0.0031627566607981,0.003356016132629,0.996837243339202,0.996643983867371,0.0381944444444444,0.0868055555555555,25.228777261370148,25.228777261370148,25.34412632041055,0.0,0.1153490590404011,0.0,0.0,-4.0459568935300325,5.872117789475416,0.07106697820104267,-0.0003249269268743695,0.0686553275130333,-0.00032487414955267125,-0.15227130368908912,-1.4065733963143685,1.8858606819371508,-0.3202516363592594,-0.729822213827765,1.0
RTS93,external93,4,15,13,0.3,0.16,perfect,independent,0.0,0.0,0,65.0,223_STEAM_1,20.523671915,155.0,0.0290322580645161,0.6631944444444444,0.6180555555555556,22.843364197530864,21.28858024691358,0.6512432548611101,0.6695537006160397,0.34875674513889,0.3304462993839603,0.5347222222222222,0.59375,8402.275052797366,8402.275052797366,3047.432952213526,0.0,-5354.84210058384,0.0,0.0,-3.5393477201429735,5.043425116919247,54.20822614707978,34.54736839086348,4.011111966583635,3.5708661279357616,2.9256702820339258,-1.0603691543594995,1.0011376842752469,-0.5133230296807593,0.7988903301108765,1.0
RTS93,external93,4,15,13,0.3,0.16,perfect,independent,0.0,0.0,0,65.0,223_STEAM_2,20.523671915,155.0,0.0290322580645161,0.6215277777777778,0.6180555555555556,21.408179012345677,21.28858024691358,0.7251620224036744,0.6569936490120969,0.2748379775963255,0.3430063509879031,0.5347222222222222,0.59375,9153.692789791889,9153.692789791889,2955.9992403395527,0.0,-6197.693549452336,0.0,0.0,-3.5393477201429735,5.043425116919247,59.056082514786375,39.98511967388604,4.095278834233831,3.7132090660442723,2.7096743812814337,-1.0603691543594995,1.0011376842752469,-0.5133230296807593,0.9732522303510467,1.0
RTS93,external93,4,15,13,0.3,0.16,perfect,independent,0.0,0.0,0,65.0,223_STEAM_3,22.571599727499997,350.0,0.0171428571428571,0.8229166666666666,0.7743055555555556,48.003472222222214,45.16782407407408,0.395335953176587,0.3281850394265871,0.604664046823413,0.6718149605734128,0.3611111111111111,0.4513888888888889,19042.45495460132,19042.45495460132,7736.538596763759,0.0,-11305.91635783756,0.0,0.0,-4.066173685255407,5.857933154483459,54.40701415600377,32.302618165250166,4.014706195053103,3.5056360174768124,3.7536545682518128,-1.4203890542647535,1.8707169824615488,-0.4610456962059807,0.19524818494991533,1.0
RTS93,external93,4,15,13,0.3,0.16,perfect,independent,0.0,0.0,0,65.0,223_CT_4,48.87207345,55.0,0.1009090909090909,0.0,0.0,0.0,0.0,0.0,0.0,1.0,1.0,0.0,0.0,0.0,0.0,0.0,0.0,0.0,0.0,0.0,-2.2935352574741277,4.007333185232471,0.0,0.0,0.0,0.0,-0.5122644716099094,-0.20901157555255098,-0.10500744046411228,0.21032495804445406,-0.7372826231352724,1.0
RTS93,external93,4,15,13,0.3,0.16,perfect,independent,0.0,0.0,0,65.0,223_CT_5,48.87207345,55.0,0.1009090909090909,0.0,0.0,0.0,0.0,0.0,0.0,1.0,1.0,0.0,0.0,0.0,0.0,0.0,0.0,0.0,0.0,0.0,-2.2935352574741277,4.007333185232471,0.0,0.0,0.0,0.0,-0.5122644716099094,-0.20901157555255098,-0.10500744046411228,0.21032495804445406,-0.7372826231352724,1.0
RTS93,external93,4,15,13,0.3,0.16,perfect,independent,0.0,0.0,0,65.0,223_CT_6,48.87207345,55.0,0.1009090909090909,0.0,0.0,0.0,0.0,0.0,0.0,1.0,1.0,0.0,0.0,0.0,0.0,0.0,0.0,0.0,0.0,0.0,-2.2935352574741277,4.007333185232471,0.0,0.0,0.0,0.0,-0.5122644716099094,-0.20901157555255098,-0.10500744046411228,0.21032495804445406,-0.7372826231352724,1.0
RTS93,external93,4,15,13,0.3,0.16,perfect,independent,0.0,0.0,0,65.0,301_CT_1,110.83689929999998,20.0,0.225,0.0,0.0,0.0,0.0,0.0,0.0,1.0,1.0,0.0,0.0,0.0,0.0,0.0,0.0,0.0,0.0,0.0,-1.491654876777717,2.995732273553991,0.0,0.0,0.0,0.0,-0.5122644716099094,0.33897374315264334,-1.1850056360038916,1.7920974428434195,-0.7372826231352724,1.0
RTS93,external93,4,15,13,0.3,0.16,perfect,independent,0.0,0.0,0,65.0,301_CT_2,110.83689929999998,20.0,0.225,0.0,0.0,0.0,0.0,0.0,0.0,1.0,1.0,0.0,0.0,0.0,0.0,0.0,0.0,0.0,0.0,0.0,-1.491654876777717,2.995732273553991,0.0,0.0,0.0,0.0,-0.5122644716099094,0.33897374315264334,-1.1850056360038916,1.7920974428434195,-0.7372826231352724,1.0
RTS93,external93,4,15,13,0.3,0.16,perfect,independent,0.0,0.0,0,65.0,301_CT_3,38.095727805,55.0,0.1009090909090909,0.0,0.0,0.0,0.0,0.0,0.0,1.0,1.0,0.0,0.0,0.0,0.0,0.0,0.0,0.0,0.0,0.0,-2.2935352574741277,4.007333185232471,0.0,0.0,0.0,0.0,-0.5122644716099094,-0.20901157555255098,-0.10500744046411228,-0.06476218686590589,-0.7372826231352724,1.0
RTS93,external93,4,15,13,0.3,0.16,perfect,independent,0.0,0.0,0,65.0,301_CT_4,38.095727805,55.0,0.1009090909090909,0.0,0.0,0.0,0.0,0.0,0.0,1.0,1.0,0.0,0.0,0.0,0.0,0.0,0.0,0.0,0.0,0.0,-2.2935352574741277,4.007333185232471,0.0,0.0,0.0,0.0,-0.5122644716099094,-0.20901157555255098,-0.10500744046411228,-0.06476218686590589,-0.7372826231352724,1.0
RTS93,external93,4,15,13,0.3,0.16,perfect,independent,0.0,0.0,0,65.0,302_CT_1,110.83689929999998,20.0,0.225,0.0,0.0,0.0,0.0,0.0,0.0,1.0,1.0,0.0,0.0,0.0,0.0,0.0,0.0,0.0,0.0,0.0,-1.491654876777717,2.995732273553991,0.0,0.0,0.0,0.0,-0.5122644716099094,0.33897374315264334,-1.1850056360038916,1.7920974428434195,-0.7372826231352724,1.0
RTS93,external93,4,15,13,0.3,0.16,perfect,independent,0.0,0.0,0,65.0,302_CT_2,110.83689929999998,20.0,0.225,0.0,0.0,0.0,0.0,0.0,0.0,1.0,1.0,0.0,0.0,0.0,0.0,0.0,0.0,0.0,0.0,0.0,-1.491654876777717,2.995732273553991,0.0,0.0,0.0,0.0,-0.5122644716099094,0.33897374315264334,-1.1850056360038916,1.7920974428434195,-0.7372826231352724,1.0
RTS93,external93,4,15,13,0.3,0.16,perfect,independent,0.0,0.0,0,65.0,302_CT_3,42.663211305,55.0,0.1009090909090909,0.0,0.0,0.0,0.0,0.0,0.0,1.0,1.0,0.0,0.0,0.0,0.0,0.0,0.0,0.0,0.0,0.0,-2.2935352574741277,4.007333185232471,0.0,0.0,0.0,0.0,-0.5122644716099094,-0.20901157555255098,-0.10500744046411228,0.05183169726058796,-0.7372826231352724,1.0
RTS93,external93,4,15,13,0.3,0.16,perfect,independent,0.0,0.0,0,65.0,302_CT_4,42.663211305,55.0,0.1009090909090909,0.0,0.0,0.0,0.0,0.0,0.0,1.0,1.0,0.0,0.0,0.0,0.0,0.0,0.0,0.0,0.0,0.0,-2.2935352574741277,4.007333185232471,0.0,0.0,0.0,0.0,-0.5122644716099094,-0.20901157555255098,-0.10500744046411228,0.05183169726058796,-0.7372826231352724,1.0
RTS93,external93,4,15,13,0.3,0.16,perfect,independent,0.0,0.0,0,65.0,307_CT_1,36.12393546,55.0,0.1009090909090909,0.0,0.0,0.0,0.0,0.0,0.0,1.0,1.0,0.0,0.0,0.0,0.0,0.0,0.0,0.0,0.0,0.0,-2.2935352574741277,4.007333185232471,0.0,0.0,0.0,0.0,-0.5122644716099094,-0.20901157555255098,-0.10500744046411228,-0.11509601471540733,-0.7372826231352724,1.0
RTS93,external93,4,15,13,0.3,0.16,perfect,independent,0.0,0.0,0,65.0,307_CT_2,36.12393546,55.0,0.1009090909090909,0.0,0.0,0.0,0.0,0.0,0.0,1.0,1.0,0.0,0.0,0.0,0.0,0.0,0.0,0.0,0.0,0.0,-2.2935352574741277,4.007333185232471,0.0,0.0,0.0,0.0,-0.5122644716099094,-0.20901157555255098,-0.10500744046411228,-0.11509601471540733,-0.7372826231352724,1.0
RTS93,external93,4,15,13,0.3,0.16,perfect,independent,0.0,0.0,0,65.0,313_CC_1,26.770312335000003,355.0,0.0174929577464788,0.2534722222222222,0.3055555555555556,14.489957953122206,17.46734657362677,0.0366525767889275,0.0148054737891235,0.9633474232110726,0.9851945262108764,0.1284722222222222,0.2222222222222222,547.7124342320122,547.7124342320122,21.11033826713677,0.0,-526.6020959648755,0.0,0.0,-4.0459568935300325,5.872117789475416,1.542851927414119,1.4833861858165507,0.9332862572237033,0.9096230263760291,0.8017105913010852,-1.4065733963143685,1.8858606819371508,-0.3538654050808337,-0.6508253789186916,1.0
RTS93,external93,4,15,13,0.3,0.16,perfect,independent,0.0,0.0,0,65.0,315_STEAM_1,112.26770385,12.0,0.125,0.0,0.0,0.0,0.0,0.0,0.0,1.0,1.0,0.0,0.0,0.0,0.0,0.0,0.0,0.0,0.0,0.0,-2.0794415416798357,2.4849066497880004,0.0,0.0,0.0,0.0,-0.5122644716099094,-0.06270519880789859,-1.7303696679395384,1.8286215068954002,-0.7372826231352724,1.0
RTS93,external93,4,15,13,0.3,0.16,perfect,independent,0.0,0.0,0,65.0,315_STEAM_2,112.26770385,12.0,0.125,0.0,0.0,0.0,0.0,0.0,0.0,1.0,1.0,0.0,0.0,0.0,0.0,0.0,0.0,0.0,0.0,0.0,-2.0794415416798357,2.4849066497880004,0.0,0.0,0.0,0.0,-0.5122644716099094,-0.06270519880789859,-1.7303696679395384,1.8286215068954002,-0.7372826231352724,1.0
RTS93,external93,4,15,13,0.3,0.16,perfect,independent,0.0,0.0,0,65.0,315_STEAM_3,112.26770385,12.0,0.125,0.0,0.0,0.0,0.0,0.0,0.0,1.0,1.0,0.0,0.0,0.0,0.0,0.0,0.0,0.0,0.0,0.0,-2.0794415416798357,2.4849066497880004,0.0,0.0,0.0,0.0,-0.5122644716099094,-0.06270519880789859,-1.7303696679395384,1.8286215068954002,-0.7372826231352724,1.0
RTS93,external93,4,15,13,0.3,0.16,perfect,independent,0.0,0.0,0,65.0,315_STEAM_4,112.26770385,12.0,0.125,0.0,0.0,0.0,0.0,0.0,0.0,1.0,1.0,0.0,0.0,0.0,0.0,0.0,0.0,0.0,0.0,0.0,-2.0794415416798357,2.4849066497880004,0.0,0.0,0.0,0.0,-0.5122644716099094,-0.06270519880789859,-1.7303696679395384,1.8286215068954002,-0.7372826231352724,1.0
RTS93,external93,4,15,13,0.3,0.16,perfect,independent,0.0,0.0,0,65.0,315_STEAM_5,112.26770385,12.0,0.125,0.0,0.0,0.0,0.0,0.0,0.0,1.0,1.0,0.0,0.0,0.0,0.0,0.0,0.0,0.0,0.0,0.0,-2.0794415416798357,2.4849066497880004,0.0,0.0,0.0,0.0,-0.5122644716099094,-0.06270519880789859,-1.7303696679395384,1.8286215068954002,-0.7372826231352724,1.0
RTS93,external93,4,15,13,0.3,0.16,perfect,independent,0.0,0.0,0,65.0,315_CT_6,31.33876764,55.0,0.1009090909090909,0.0138888888888888,0.0347222222222222,0.1376376376376376,0.3440940940940941,0.0007007575757575,0.0018327501262626,0.9992992424242424,0.9981672498737374,0.0069444444444444,0.0173611111111111,0.3258583640625025,0.3258583640625025,0.0,0.0,-0.3258583640625025,0.0,0.0,-2.2935352574741277,4.007333185232471,0.005924697528409136,0.005924697528409136,0.0059072155244135685,0.0059072155244135685,-0.44026583802574576,-0.20901157555255098,-0.10500744046411228,-0.23724671374495118,-0.735629654253636,1.0
RTS93,external93,4,15,13,0.3,0.16,perfect,independent,0.0,0.0,0,65.0,315_CT_7,31.33876764,55.0,0.1009090909090909,0.0138888888888888,0.0347222222222222,0.1376376376376376,0.3440940940940941,0.0007007575757575,0.0017518939393939,0.9992992424242424,0.998248106060606,0.0069444444444444,0.0173611111111111,0.3258583640625025,0.3258583640625025,0.0,0.0,-0.3258583640625025,0.0,0.0,-2.2935352574741277,4.007333185232471,0.005924697528409136,0.005924697528409136,0.0059072155244135685,0.0059072155244135685,-0.44026583802574576,-0.20901157555255098,-0.10500744046411228,-0.23724671374495118,-0.735629654253636,1.0
RTS93,external93,4,15,13,0.3,0.16,perfect,independent,0.0,0.0,0,65.0,315_CT_8,31.33876764,55.0,0.1009090909090909,0.0138888888888888,0.0416666666666666,0.1376376376376376,0.4129129129129129,0.0007007575757575,0.0022883878156565,0.9992992424242424,0.9977116121843436,0.0069444444444444,0.0173611111111111,0.3258583640625025,0.3258583640625025,0.0,0.0,-0.3258583640625025,0.0,0.0,-2.2935352574741277,4.007333185232471,0.005924697528409136,0.005924697528409136,0.0059072155244135685,0.0059072155244135685,-0.44026583802574576,-0.20901157555255098,-0.10500744046411228,-0.23724671374495118,-0.735629654253636,1.0
RTS93,external93,4,15,13,0.3,0.16,perfect,independent,0.0,0.0,0,65.0,316_STEAM_1,23.6803874825,155.0,0.0290322580645161,0.4270833333333333,0.4409722222222222,14.710648148148149,15.189043209876544,0.1992510150604846,0.2029738904121862,0.8007489849395154,0.7970261095878137,0.2083333333333333,0.2986111111111111,3326.5783648201905,3326.5783648201905,789.2446464691104,0.0,-2537.3337183510803,0.0,0.0,-3.5393477201429735,5.043425116919247,21.461795902065745,16.369894957103742,3.1118159061344017,2.8547385328601593,1.7016935111031362,-1.0603691543594995,1.0011376842752469,-0.43274173604337784,-0.26728309844455495,1.0
RTS93,external93,4,15,13,0.3,0.16,perfect,independent,0.0,0.0,0,65.0,318_CC_1,29.14054473,355.0,0.0174929577464788,0.0520833333333333,0.1041666666666666,2.9773886205045628,5.9547772410091255,0.0013334147496088,0.0018034433978873,0.9986665852503912,0.9981965566021128,0.0277777777777777,0.0659722222222222,13.301384872196826,13.301384872196826,16.694308522962867,0.0,3.3929236507660416,0.0,0.0,-4.0459568935300325,5.872117789475416,0.03746868978083613,-0.009557531410608567,0.036783794142840186,-0.009512147152442252,-0.2422695956692942,-1.4065733963143685,1.8858606819371508,-0.29336062138200003,-0.7341373227294427,1.0
RTS93,external93,4,15,13,0.3,0.16,perfect,independent,0.0,0.0,0,65.0,321_CC_1,27.670203765000004,355.0,0.0174929577464788,0.15625,0.1770833333333333,8.932165861513688,10.123121309715517,0.0107404543329421,0.0082314641001565,0.9892595456670578,0.9917685358998436,0.0798611111111111,0.1284722222222222,151.6467009198847,151.6467009198847,26.406152129195952,0.0,-125.2405487906887,0.0,0.0,-4.0459568935300325,5.872117789475416,0.4271738054081259,0.35279027828363024,0.3556961288411817,0.3021693322100825,0.2977201562119366,-1.4065733963143685,1.8858606819371508,-0.3308939291869755,-0.7119477036122137,1.0
RTS93,external93,4,15,13,0.3,0.16,perfect,independent,0.0,0.0,0,65.0,322_CT_5,31.1560683,55.0,0.1009090909090909,0.0138888888888888,0.0486111111111111,0.1376376376376376,0.4817317317317317,0.0016974630681817,0.0025870725378787,0.9983025369318184,0.9974129274621212,0.0069444444444444,0.0243055555555555,1.2191604987661906,1.2191604987661906,0.0,0.0,-1.2191604987661906,0.0,0.0,-2.2935352574741277,4.007333185232471,0.02216655452302165,0.02216655452302165,0.02192444770408337,0.02192444770408337,-0.44026583802574576,-0.20901157555255098,-0.10500744046411228,-0.24191046911001093,-0.7332785941721915,1.0
RTS93,external93,4,15,13,0.3,0.16,perfect,independent,0.0,0.0,0,65.0,322_CT_6,31.1560683,55.0,0.1009090909090909,0.0277777777777777,0.0555555555555555,0.2752752752752753,0.5505505505505506,0.0044111898989898,0.0028030303030303,0.9955888101010102,0.9971969696969696,0.0069444444444444,0.0243055555555555,6.013450825930401,6.013450825930401,0.0,0.0,-6.013450825930401,0.0,0.0,-2.2935352574741277,4.007333185232471,0.10933546956237093,0.10933546956237093,0.10376115997623175,0.10376115997623175,-0.3682672044415816,-0.20901157555255098,-0.10500744046411228,-0.24191046911001093,-0.726877370468347,1.0
RTS93,external93,4,15,13,0.3,0.16,perfect,independent,0.0,0.0,0,65.0,323_CC_1,29.281456455,355.0,0.0174929577464788,0.0347222222222222,0.0590277777777777,1.984925747003042,3.374373769905171,0.0007896126760563,0.0012053825704225,0.9992103873239436,0.9987946174295774,0.0173611111111111,0.0277777777777777,12.098483917987512,12.098483917987512,14.73292737022501,0.0,2.634443452237498,0.0,0.0,-4.0459568935300325,5.872117789475416,0.03408023638869721,-0.007420967471091544,0.03351237113049697,-0.0073935675643662805,-0.33226788764949927,-1.4065733963143685,1.8858606819371508,-0.2897635760206507,-0.7354200600646472,1.0
RTS93,external93,4,15,13,0.3,0.16,perfect,independent,0.0,0.0,0,65.0,323_CC_2,29.281456455,355.0,0.0174929577464788,0.0347222222222222,0.0520833333333333,1.984925747003042,2.9773886205045628,0.0008151090179968,0.0009989226232394,0.999184890982003,0.9990010773767606,0.0173611111111111,0.0277777777777777,12.098483917987512,12.098483917987512,14.732927370224974,0.0,2.6344434522374627,0.0,0.0,-4.0459568935300325,5.872117789475416,0.03408023638869721,-0.007420967471091444,0.03351237113049697,-0.007393567564366182,-0.33226788764949927,-1.4065733963143685,1.8858606819371508,-0.2897635760206507,-0.7353599184960347,1.0
RTS93,external93,4,15,13,0.3,0.16,perfect,independent,0.0,0.0,0,65.0,121_NUCLEAR_1,2.025875,400.0,0.075,0.1666666666666666,0.0833333333333333,2.2222222222222223,1.1111111111111112,0.8731852441145834,0.9719774974001736,0.1268147558854166,0.0280225025998264,0.6909722222222222,0.78125,4731.4742468679615,4731.4742468679615,161.44308080911287,0.0,-4570.031166058849,0.0,0.0,-2.5902671654458267,5.991464547107982,11.828685617169903,11.42507791514712,2.55168372732892,2.5197168427998213,0.35171913140005934,-0.41179085918916297,2.0132768214430246,-0.9855152094889464,1.3224140342504997,1.0
RTS93,external93,4,15,13,0.3,0.16,perfect,independent,0.0,0.0,0,65.0,122_HYDRO_1,0.0,50.0,1.5,0.0,0.0,0.0,0.0,0.9542601526111112,0.9610349528263892,0.0457398473888888,0.0389650471736108,0.8993055555555556,0.9236111111111112,0.0,0.0,0.0,0.0,0.0,0.0,0.0,0.4054651081081644,3.912023005428146,0.0,0.0,0.0,0.0,-0.5122644716099094,1.6354188546252855,-0.2067618191097883,-1.0372296021090317,1.5136560635377498,1.0
RTS93,external93,4,15,13,0.3,0.16,perfect,independent,0.0,0.0,0,65.0,122_HYDRO_2,0.0,50.0,1.5,0.0,0.0,0.0,0.0,0.9743418376388888,0.9940285354722226,0.0256581623611111,0.0059714645277775,0.8993055555555556,0.9236111111111112,0.0,0.0,0.0,0.0,0.0,0.0,0.0,0.4054651081081644,3.912023005428146,0.0,0.0,0.0,0.0,-0.5122644716099094,1.6354188546252855,-0.2067618191097883,-1.0372296021090317,1.5610253701140755,1.0
RTS93,external93,4,15,13,0.3,0.16,perfect,independent,0.0,0.0,0,65.0,122_HYDRO_3,0.0,50.0,1.5,0.0,0.0,0.0,0.0,0.9882428181458334,1.0,0.0117571818541665,0.0,0.8993055555555556,0.9236111111111112,0.0,0.0,0.0,0.0,0.0,0.0,0.0,0.4054651081081644,3.912023005428146,0.0,0.0,0.0,0.0,-0.5122644716099094,1.6354188546252855,-0.2067618191097883,-1.0372296021090317,1.593815437602643,1.0
RTS93,external93,4,15,13,0.3,0.16,perfect,independent,0.0,0.0,0,65.0,122_HYDRO_4,0.0,50.0,1.5,0.0,0.0,0.0,0.0,0.9965167655277776,1.0,0.0034832344722224,0.0,0.8993055555555556,0.9236111111111112,0.0,0.0,0.0,0.0,0.0,0.0,0.0,0.4054651081081644,3.912023005428146,0.0,0.0,0.0,0.0,-0.5122644716099094,1.6354188546252855,-0.2067618191097883,-1.0372296021090317,1.6133322834046546,1.0
RTS93,external93,4,15,13,0.3,0.16,perfect,independent,0.0,0.0,0,65.0,122_HYDRO_5,0.0,50.0,1.5,0.0,0.0,0.0,0.0,1.0,1.0,0.0,0.0,0.8993055555555556,0.9236111111111112,0.0,0.0,0.0,0.0,0.0,0.0,0.0,0.4054651081081644,3.912023005428146,0.0,0.0,0.0,0.0,-0.5122644716099094,1.6354188546252855,-0.2067618191097883,-1.0372296021090317,1.621548645794748,1.0
RTS93,external93,4,15,13,0.3,0.16,perfect,independent,0.0,0.0,0,65.0,122_HYDRO_6,0.0,50.0,1.5,0.0,0.0,0.0,0.0,1.0,1.0,0.0,0.0,0.8993055555555556,0.9236111111111112,0.0,0.0,0.0,0.0,0.0,0.0,0.0,0.4054651081081644,3.912023005428146,0.0,0.0,0.0,0.0,-0.5122644716099094,1.6354188546252855,-0.2067618191097883,-1.0372296021090317,1.621548645794748,1.0
RTS93,external93,4,15,13,0.3,0.16,perfect,independent,0.0,0.0,0,65.0,201_HYDRO_4,0.0,50.0,1.5,0.0,0.0,0.0,0.0,1.0,1.0,0.0,0.0,0.8993055555555556,0.9236111111111112,0.0,0.0,0.0,0.0,0.0,0.0,0.0,0.4054651081081644,3.912023005428146,0.0,0.0,0.0,0.0,-0.5122644716099094,1.6354188546252855,-0.2067618191097883,-1.0372296021090317,1.621548645794748,1.0
RTS93,external93,4,15,13,0.3,0.16,perfect,independent,0.0,0.0,0,65.0,215_HYDRO_1,0.0,50.0,1.5,0.0,0.0,0.0,0.0,1.0,1.0,0.0,0.0,0.8993055555555556,0.9236111111111112,0.0,0.0,0.0,0.0,0.0,0.0,0.0,0.4054651081081644,3.912023005428146,0.0,0.0,0.0,0.0,-0.5122644716099094,1.6354188546252855,-0.2067618191097883,-1.0372296021090317,1.621548645794748,1.0
RTS93,external93,4,15,13,0.3,0.16,perfect,independent,0.0,0.0,0,65.0,215_HYDRO_2,0.0,50.0,1.5,0.0,0.0,0.0,0.0,1.0,1.0,0.0,0.0,0.8993055555555556,0.9236111111111112,0.0,0.0,0.0,0.0,0.0,0.0,0.0,0.4054651081081644,3.912023005428146,0.0,0.0,0.0,0.0,-0.5122644716099094,1.6354188546252855,-0.2067618191097883,-1.0372296021090317,1.621548645794748,1.0
RTS93,external93,4,15,13,0.3,0.16,perfect,independent,0.0,0.0,0,65.0,215_HYDRO_3,0.0,50.0,1.5,0.0,0.0,0.0,0.0,1.0,1.0,0.0,0.0,0.8993055555555556,0.9236111111111112,0.0,0.0,0.0,0.0,0.0,0.0,0.0,0.4054651081081644,3.912023005428146,0.0,0.0,0.0,0.0,-0.5122644716099094,1.6354188546252855,-0.2067618191097883,-1.0372296021090317,1.621548645794748,1.0
RTS93,external93,4,15,13,0.3,0.16,perfect,independent,0.0,0.0,0,65.0,222_HYDRO_1,0.0,50.0,1.5,0.0,0.0,0.0,0.0,0.987916113347222,1.0,0.0120838866527779,0.0,0.8993055555555556,0.9236111111111112,0.0,0.0,0.0,0.0,0.0,0.0,0.0,0.4054651081081644,3.912023005428146,0.0,0.0,0.0,0.0,-0.5122644716099094,1.6354188546252855,-0.2067618191097883,-1.0372296021090317,1.5930447961079688,1.0
RTS93,external93,4,15,13,0.3,0.16,perfect,independent,0.0,0.0,0,65.0,222_HYDRO_2,0.0,50.0,1.5,0.0,0.0,0.0,0.0,1.0,1.0,0.0,0.0,0.8993055555555556,0.9236111111111112,0.0,0.0,0.0,0.0,0.0,0.0,0.0,0.4054651081081644,3.912023005428146,0.0,0.0,0.0,0.0,-0.5122644716099094,1.6354188546252855,-0.2067618191097883,-1.0372296021090317,1.621548645794748,1.0
RTS93,external93,4,15,13,0.3,0.16,perfect,independent,0.0,0.0,0,65.0,222_HYDRO_3,0.0,50.0,1.5,0.0,0.0,0.0,0.0,1.0,1.0,0.0,0.0,0.8993055555555556,0.9236111111111112,0.0,0.0,0.0,0.0,0.0,0.0,0.0,0.4054651081081644,3.912023005428146,0.0,0.0,0.0,0.0,-0.5122644716099094,1.6354188546252855,-0.2067618191097883,-1.0372296021090317,1.621548645794748,1.0
RTS93,external93,4,15,13,0.3,0.16,perfect,independent,0.0,0.0,0,65.0,222_HYDRO_4,0.0,50.0,1.5,0.0,0.0,0.0,0.0,1.0,1.0,0.0,0.0,0.8993055555555556,0.9236111111111112,0.0,0.0,0.0,0.0,0.0,0.0,0.0,0.4054651081081644,3.912023005428146,0.0,0.0,0.0,0.0,-0.5122644716099094,1.6354188546252855,-0.2067618191097883,-1.0372296021090317,1.621548645794748,1.0
RTS93,external93,4,15,13,0.3,0.16,perfect,independent,0.0,0.0,0,65.0,222_HYDRO_5,0.0,50.0,1.5,0.0,0.0,0.0,0.0,1.0,1.0,0.0,0.0,0.8993055555555556,0.9236111111111112,0.0,0.0,0.0,0.0,0.0,0.0,0.0,0.4054651081081644,3.912023005428146,0.0,0.0,0.0,0.0,-0.5122644716099094,1.6354188546252855,-0.2067618191097883,-1.0372296021090317,1.621548645794748,1.0
RTS93,external93,4,15,13,0.3,0.16,perfect,independent,0.0,0.0,0,65.0,222_HYDRO_6,0.0,50.0,1.5,0.0,0.0,0.0,0.0,0.9756944444444444,1.0,0.0243055555555555,0.0,0.8993055555555556,0.9236111111111112,0.0,0.0,0.0,0.0,0.0,0.0,0.0,0.4054651081081644,3.912023005428146,0.0,0.0,0.0,0.0,-0.5122644716099094,1.6354188546252855,-0.2067618191097883,-1.0372296021090317,1.5642159413415877,1.0
RTS93,external93,4,15,13,0.3,0.16,perfect,independent,0.0,0.0,0,65.0,322_HYDRO_1,0.0,50.0,1.5,0.0,0.0,0.0,0.0,0.9966958008055556,1.0,0.0033041991944444,0.0,0.8993055555555556,0.9236111111111112,0.0,0.0,0.0,0.0,0.0,0.0,0.0,0.4054651081081644,3.912023005428146,0.0,0.0,0.0,0.0,-0.5122644716099094,1.6354188546252855,-0.2067618191097883,-1.0372296021090317,1.613754597416119,1.0
RTS93,external93,4,15,13,0.3,0.16,perfect,independent,0.0,0.0,0,65.0,322_HYDRO_2,0.0,50.0,1.5,0.0,0.0,0.0,0.0,1.0,1.0,0.0,0.0,0.8993055555555556,0.9236111111111112,0.0,0.0,0.0,0.0,0.0,0.0,0.0,0.4054651081081644,3.912023005428146,0.0,0.0,0.0,0.0,-0.5122644716099094,1.6354188546252855,-0.2067618191097883,-1.0372296021090317,1.621548645794748,1.0
RTS93,external93,4,15,13,0.3,0.16,perfect,independent,0.0,0.0,0,65.0,322_HYDRO_3,0.0,50.0,1.5,0.0,0.0,0.0,0.0,1.0,1.0,0.0,0.0,0.8993055555555556,0.9236111111111112,0.0,0.0,0.0,0.0,0.0,0.0,0.0,0.4054651081081644,3.912023005428146,0.0,0.0,0.0,0.0,-0.5122644716099094,1.6354188546252855,-0.2067618191097883,-1.0372296021090317,1.621548645794748,1.0
RTS93,external93,4,15,13,0.3,0.16,perfect,independent,0.0,0.0,0,65.0,322_HYDRO_4,0.0,50.0,1.5,0.0,0.0,0.0,0.0,0.9965277777777778,1.0,0.0034722222222222,0.0,0.8993055555555556,0.9236111111111112,0.0,0.0,0.0,0.0,0.0,0.0,0.0,0.4054651081081644,3.912023005428146,0.0,0.0,0.0,0.0,-0.5122644716099094,1.6354188546252855,-0.2067618191097883,-1.0372296021090317,1.6133582594442961,1.0
RTS93,external93,4,17,13,0.3,0.16,perfect,independent,0.0,0.0,0,65.0,101_CT_1,109.6984653,20.0,0.225,0.0,0.0,0.0,0.0,0.0,0.0,1.0,1.0,0.0,0.0,0.0,0.0,0.0,0.0,0.0,0.0,0.0,-1.491654876777717,2.995732273553991,0.0,0.0,0.0,0.0,-0.5122644716099094,0.33897374315264334,-1.1850056360038916,1.763036704718879,-0.7372826231352724,1.0
RTS93,external93,4,17,13,0.3,0.16,perfect,independent,0.0,0.0,0,65.0,101_CT_2,109.6984653,20.0,0.225,0.0,0.0,0.0,0.0,0.0,0.0,1.0,1.0,0.0,0.0,0.0,0.0,0.0,0.0,0.0,0.0,0.0,-1.491654876777717,2.995732273553991,0.0,0.0,0.0,0.0,-0.5122644716099094,0.33897374315264334,-1.1850056360038916,1.763036704718879,-0.7372826231352724,1.0
RTS93,external93,4,17,13,0.3,0.16,perfect,independent,0.0,0.0,0,65.0,101_STEAM_3,19.3218686,76.0,0.0394736842105263,0.65625,0.6076388888888888,16.625,15.393518518518515,0.6650996075657929,0.6126533128243783,0.334900392434207,0.3873466871756216,0.5798611111111112,0.5972222222222222,4061.392226031644,4061.392226031644,242.48395533003668,0.0,-3818.9082707016073,0.0,0.0,-3.232121051618222,4.330733340286331,53.43937139515321,50.248793035547465,3.997087630970701,3.9366920672152963,2.8896709652418435,-0.8504180096263427,0.24025874095513047,-0.5440013926024746,0.8315751281440054,1.0
RTS93,external93,4,17,13,0.3,0.16,perfect,independent,0.0,0.0,0,65.0,101_STEAM_4,19.3218686,76.0,0.0394736842105263,0.625,0.6319444444444444,15.833333333333334,16.00925925925926,0.7506408603846821,0.5933768956962743,0.2493591396153178,0.4066231043037257,0.5798611111111112,0.5972222222222222,4729.5993344867065,4729.5993344867065,205.9151948873316,0.0,-4523.684139599375,0.0,0.0,-3.232121051618222,4.330733340286331,62.23157019061456,59.522159731570724,4.1468037047625765,4.1030095745288016,2.7276740396774746,-0.8504180096263427,0.24025874095513047,-0.5440013926024746,1.0333525100766494,1.0
RTS93,external93,4,17,13,0.3,0.16,perfect,independent,0.0,0.0,0,65.0,102_CT_1,108.68163675,20.0,0.225,0.0,0.0,0.0,0.0,0.0,0.0,1.0,1.0,0.0,0.0,0.0,0.0,0.0,0.0,0.0,0.0,0.0,-1.491654876777717,2.995732273553991,0.0,0.0,0.0,0.0,-0.5122644716099094,0.33897374315264334,-1.1850056360038916,1.7370801818030965,-0.7372826231352724,1.0
RTS93,external93,4,17,13,0.3,0.16,perfect,independent,0.0,0.0,0,65.0,102_CT_2,108.68163675,20.0,0.225,0.0,0.0,0.0,0.0,0.0,0.0,1.0,1.0,0.0,0.0,0.0,0.0,0.0,0.0,0.0,0.0,0.0,-1.491654876777717,2.995732273553991,0.0,0.0,0.0,0.0,-0.5122644716099094,0.33897374315264334,-1.1850056360038916,1.7370801818030965,-0.7372826231352724,1.0
RTS93,external93,4,17,13,0.3,0.16,perfect,independent,0.0,0.0,0,65.0,102_STEAM_3,21.582252407499997,76.0,0.0394736842105263,0.7013888888888888,0.6701388888888888,17.76851851851852,16.97685185185185,0.3085675132309954,0.3045605996664835,0.6914324867690047,0.6954394003335165,0.4270833333333333,0.53125,2164.5891107027073,2164.5891107027073,121.31351422666704,0.0,-2043.2755964760404,0.0,0.0,-3.232121051618222,4.330733340286331,28.481435667140886,26.885205216790006,3.383760765834831,3.328096269211604,3.123666524390377,-0.8504180096263427,0.24025874095513047,-0.48630070737108666,-0.009423924350022699,1.0
RTS93,external93,4,17,13,0.3,0.16,perfect,independent,0.0,0.0,0,65.0,102_STEAM_4,21.582252407499997,76.0,0.0394736842105263,0.7048611111111112,0.6736111111111112,17.856481481481485,17.064814814814817,0.3319079621436417,0.3199818369791672,0.6680920378563582,0.6800181630208328,0.4270833333333333,0.53125,2334.966577481525,2334.966577481525,156.8160587020609,0.0,-2178.1505187794637,0.0,0.0,-3.232121051618222,4.330733340286331,30.72324444054638,28.659875247098206,3.4570496752859072,3.3897951306017564,3.1416661827864183,-0.8504180096263427,0.24025874095513047,-0.48630070737108666,0.045632256375991095,1.0
RTS93,external93,4,17,13,0.3,0.16,perfect,independent,0.0,0.0,0,65.0,107_CC_1,27.15028809,355.0,0.0174929577464788,0.1527777777777778,0.2777777777777778,8.733673286813385,15.879405976024335,0.0041278325381455,0.0054260636140453,0.9958721674618544,0.9945739363859548,0.0798611111111111,0.1875,15.27438064784949,15.27438064784949,6.190310419262616,0.0,-9.084070228586874,0.0,0.0,-4.0459568935300325,5.872117789475416,0.04302642436013941,0.025588930221371476,0.04212651065469968,0.025267013660117223,0.27972049781589564,-1.4065733963143685,1.8858606819371508,-0.344165786209885,-0.7275457626713879,1.0
RTS93,external93,4,17,13,0.3,0.16,perfect,independent,0.0,0.0,0,65.0,113_CT_1,34.424248515,55.0,0.1009090909090909,0.0,0.0,0.0,0.0,0.0,0.0,1.0,1.0,0.0,0.0,0.0,0.0,0.0,0.0,0.0,0.0,0.0,-2.2935352574741277,4.007333185232471,0.0,0.0,0.0,0.0,-0.5122644716099094,-0.20901157555255098,-0.10500744046411228,-0.15848382393609617,-0.7372826231352724,1.0
RTS93,external93,4,17,13,0.3,0.16,perfect,independent,0.0,0.0,0,65.0,113_CT_2,34.424248515,55.0,0.1009090909090909,0.0,0.0,0.0,0.0,0.0,0.0,1.0,1.0,0.0,0.0,0.0,0.0,0.0,0.0,0.0,0.0,0.0,-2.2935352574741277,4.007333185232471,0.0,0.0,0.0,0.0,-0.5122644716099094,-0.20901157555255098,-0.10500744046411228,-0.15848382393609617,-0.7372826231352724,1.0
RTS93,external93,4,17,13,0.3,0.16,perfect,independent,0.0,0.0,0,65.0,113_CT_3,34.424248515,55.0,0.1009090909090909,0.0,0.0,0.0,0.0,0.0,0.0003452074494949,1.0,0.999654792550505,0.0,0.0,0.0,0.0,0.0,0.0,0.0,0.0,0.0,-2.2935352574741277,4.007333185232471,0.0,0.0,0.0,0.0,-0.5122644716099094,-0.20901157555255098,-0.10500744046411228,-0.15848382393609617,-0.7372826231352724,1.0
RTS93,external93,4,17,13,0.3,0.16,perfect,independent,0.0,0.0,0,65.0,113_CT_4,34.424248515,55.0,0.1009090909090909,0.0,0.0,0.0,0.0,0.0,0.0,1.0,1.0,0.0,0.0,0.0,0.0,0.0,0.0,0.0,0.0,0.0,-2.2935352574741277,4.007333185232471,0.0,0.0,0.0,0.0,-0.5122644716099094,-0.20901157555255098,-0.10500744046411228,-0.15848382393609617,-0.7372826231352724,1.0
RTS93,external93,4,17,13,0.3,0.16,perfect,independent,0.0,0.0,0,65.0,115_STEAM_1,140.6638701,12.0,0.125,0.0,0.0,0.0,0.0,0.0,0.0,1.0,1.0,0.0,0.0,0.0,0.0,0.0,0.0,0.0,0.0,0.0,-2.0794415416798357,2.4849066497880004,0.0,0.0,0.0,0.0,-0.5122644716099094,-0.06270519880789859,-1.7303696679395384,2.553488781706389,-0.7372826231352724,1.0
RTS93,external93,4,17,13,0.3,0.16,perfect,independent,0.0,0.0,0,65.0,115_STEAM_2,140.6638701,12.0,0.125,0.0,0.0,0.0,0.0,0.0,0.0,1.0,1.0,0.0,0.0,0.0,0.0,0.0,0.0,0.0,0.0,0.0,-2.0794415416798357,2.4849066497880004,0.0,0.0,0.0,0.0,-0.5122644716099094,-0.06270519880789859,-1.7303696679395384,2.553488781706389,-0.7372826231352724,1.0
RTS93,external93,4,17,13,0.3,0.16,perfect,independent,0.0,0.0,0,65.0,115_STEAM_3,23.535050669999997,155.0,0.0290322580645161,0.4513888888888889,0.5659722222222222,15.547839506172838,19.494598765432094,0.083103450098565,0.074866332724014,0.9168965499014348,0.9251336672759858,0.2222222222222222,0.3993055555555556,851.061921870743,851.061921870743,41.40275758113421,0.0,-809.6591642896088,0.0,0.0,-3.5393477201429735,5.043425116919247,5.490722076585439,5.223607511545864,1.8703737844015678,1.8283497244034181,1.8276911198754235,-1.0603691543594995,1.0011376842752469,-0.43645174035449125,-0.5412556064868117,1.0
RTS93,external93,4,17,13,0.3,0.16,perfect,independent,0.0,0.0,0,65.0,116_STEAM_1,23.254946994999997,155.0,0.0290322580645161,0.4722222222222222,0.6145833333333334,16.26543209876543,21.16898148148148,0.0961450083109335,0.0969154487455197,0.9038549916890664,0.9030845512544804,0.2430555555555555,0.4166666666666667,1036.840506740372,1036.840506740372,89.72340328297457,0.0,-947.1171034573972,0.0,0.0,-3.5393477201429735,5.043425116919247,6.689293591873367,6.110432925531596,2.0398289186834613,1.9615631316283402,1.9356890702516696,-1.0603691543594995,1.0011376842752469,-0.4436019304813642,-0.5104927711799058,1.0
RTS93,external93,4,17,13,0.3,0.16,perfect,independent,0.0,0.0,0,65.0,118_CC_1,27.75086358,355.0,0.0174929577464788,0.0763888888888889,0.1944444444444444,4.3668366434066925,11.115584183217036,0.0015217947769954,0.0026218641392801,0.9984782052230048,0.99737813586072,0.0451388888888888,0.125,2.107259068152816,2.107259068152816,0.1622886769084601,0.0,-1.9449703912443557,0.0,0.0,-4.0459568935300325,5.872117789475416,0.005935941037050185,0.005478789834491142,0.005918392748546929,0.005463835860388496,-0.11627198689700685,-1.4065733963143685,1.8858606819371508,-0.32883493080772047,-0.7336929660304012,1.0
RTS93,external93,4,17,13,0.3,0.16,perfect,independent,0.0,0.0,0,65.0,123_STEAM_2,24.654408375,155.0,0.0290322580645161,0.2916666666666667,0.4652777777777778,10.046296296296296,16.026234567901234,0.0305564907325271,0.0285222272177419,0.9694435092674728,0.971477772782258,0.1458333333333333,0.3055555555555556,167.42750228251944,167.42750228251944,12.535305303045504,0.0,-154.89219697947394,0.0,0.0,-3.5393477201429735,5.043425116919247,1.0801774340807706,0.9993044966417673,0.7324531949214994,0.6927993684011922,0.9997068336575367,-1.0603691543594995,1.0011376842752469,-0.40787796169653473,-0.6652050173266171,1.0
RTS93,external93,4,17,13,0.3,0.16,perfect,independent,0.0,0.0,0,65.0,123_STEAM_3,22.665143785,350.0,0.0171428571428571,0.5555555555555556,0.6041666666666666,32.407407407407405,35.24305555555555,0.0873701117996033,0.0870826721081348,0.9126298882003968,0.9129173278918654,0.2847222222222222,0.4409722222222222,2925.9654545321805,2925.9654545321805,270.8344034941774,0.0,-2655.131051038003,0.0,0.0,-4.066173685255407,5.857933154483459,8.359901298663372,7.586088717251437,2.2364347454193045,2.1501433025292607,2.3676808717566544,-1.4203890542647535,1.8707169824615488,-0.45865780252210037,-0.5311912714524564,1.0
RTS93,external93,4,17,13,0.3,0.16,perfect,independent,0.0,0.0,0,65.0,123_CT_1,34.156030335000004,55.0,0.1009090909090909,0.0,0.0208333333333333,0.0,0.2064564564564564,0.0001287114267677,0.0010511363636363,0.9998712885732324,0.9989488636363638,0.0,0.0034722222222222,0.0,0.0,0.0,0.0,0.0,0.0,0.0,-2.2935352574741277,4.007333185232471,0.0,0.0,0.0,0.0,-0.5122644716099094,-0.20901157555255098,-0.10500744046411228,-0.16533061372735405,-0.7369790145971442,1.0
RTS93,external93,4,17,13,0.3,0.16,perfect,independent,0.0,0.0,0,65.0,123_CT_4,34.156030335000004,55.0,0.1009090909090909,0.0069444444444444,0.0069444444444444,0.0688188188188188,0.0688188188188188,0.0003503787878787,0.0006903587121212,0.9996496212121212,0.9993096412878788,0.0,0.0034722222222222,0.0,0.0,0.0,0.0,0.0,0.0,0.0,-2.2935352574741277,4.007333185232471,0.0,0.0,0.0,0.0,-0.4762651548178275,-0.20901157555255098,-0.10500744046411228,-0.16533061372735405,-0.7364561386944544,1.0
RTS93,external93,4,17,13,0.3,0.16,perfect,independent,0.0,0.0,0,65.0,123_CT_5,34.156030335000004,55.0,0.1009090909090909,0.0069444444444444,0.0069444444444444,0.0688188188188188,0.0688188188188188,0.0003503787878787,0.0003503787878787,0.9996496212121212,0.9996496212121212,0.0,0.0034722222222222,0.0,0.0,0.0,0.0,0.0,0.0,0.0,-2.2935352574741277,4.007333185232471,0.0,0.0,0.0,0.0,-0.4762651548178275,-0.20901157555255098,-0.10500744046411228,-0.16533061372735405,-0.7364561386944544,1.0
RTS93,external93,4,17,13,0.3,0.16,perfect,independent,0.0,0.0,0,65.0,201_CT_1,105.65443725,20.0,0.225,0.0,0.0,0.0,0.0,0.0,0.0,1.0,1.0,0.0,0.0,0.0,0.0,0.0,0.0,0.0,0.0,0.0,-1.491654876777717,2.995732273553991,0.0,0.0,0.0,0.0,-0.5122644716099094,0.33897374315264334,-1.1850056360038916,1.6598050372446584,-0.7372826231352724,1.0
RTS93,external93,4,17,13,0.3,0.16,perfect,independent,0.0,0.0,0,65.0,201_CT_2,105.65443725,20.0,0.225,0.0,0.0,0.0,0.0,0.0,0.0,1.0,1.0,0.0,0.0,0.0,0.0,0.0,0.0,0.0,0.0,0.0,-1.491654876777717,2.995732273553991,0.0,0.0,0.0,0.0,-0.5122644716099094,0.33897374315264334,-1.1850056360038916,1.6598050372446584,-0.7372826231352724,1.0
RTS93,external93,4,17,13,0.3,0.16,perfect,independent,0.0,0.0,0,65.0,201_STEAM_3,24.7120146025,76.0,0.0394736842105263,0.2708333333333333,0.4791666666666667,6.861111111111111,12.13888888888889,0.0350646375822368,0.0345041451480263,0.9649353624177632,0.9654958548519736,0.1354166666666666,0.3020833333333333,84.94451230734957,84.94451230734957,6.129761484999932,0.0,-78.81475082234964,0.0,0.0,-3.232121051618222,4.330733340286331,1.1176909514124944,1.0370361950309164,0.7503263212409916,0.7114959058795972,0.8917088832812903,-0.8504180096263427,0.24025874095513047,-0.4064074508968571,-0.6545710595725934,1.0
RTS93,external93,4,17,13,0.3,0.16,perfect,independent,0.0,0.0,0,65.0,202_CT_1,101.92865324999998,20.0,0.225,0.0,0.0,0.0,0.0,0.0,0.0,1.0,1.0,0.0,0.0,0.0,0.0,0.0,0.0,0.0,0.0,0.0,-1.491654876777717,2.995732273553991,0.0,0.0,0.0,0.0,-0.5122644716099094,0.33897374315264334,-1.1850056360038916,1.564697167018888,-0.7372826231352724,1.0
RTS93,external93,4,17,13,0.3,0.16,perfect,independent,0.0,0.0,0,65.0,202_CT_2,101.92865324999998,20.0,0.225,0.0,0.0,0.0,0.0,0.0,0.0,1.0,1.0,0.0,0.0,0.0,0.0,0.0,0.0,0.0,0.0,0.0,-1.491654876777717,2.995732273553991,0.0,0.0,0.0,0.0,-0.5122644716099094,0.33897374315264334,-1.1850056360038916,1.564697167018888,-0.7372826231352724,1.0
RTS93,external93,4,17,13,0.3,0.16,perfect,independent,0.0,0.0,0,65.0,202_STEAM_3,23.6803874825,76.0,0.0394736842105263,0.3194444444444444,0.5381944444444444,8.092592592592592,13.63425925925926,0.0498394700886276,0.0738913284356724,0.9501605299113725,0.9261086715643276,0.1597222222222222,0.3368055555555556,147.5308774080581,147.5308774080581,16.611562549126063,0.0,-130.91931485893204,0.0,0.0,-3.232121051618222,4.330733340286331,1.9411957553691856,1.7226225639333164,1.0788162181759573,1.001595593703602,1.1437041008258646,-0.8504180096263427,0.24025874095513047,-0.43274173604337784,-0.6197197226633151,1.0
RTS93,external93,4,17,13,0.3,0.16,perfect,independent,0.0,0.0,0,65.0,202_STEAM_4,23.6803874825,76.0,0.0394736842105263,0.3576388888888889,0.5173611111111112,9.060185185185183,13.106481481481485,0.0550959603070183,0.0749002104120983,0.9449040396929816,0.9250997895879016,0.1597222222222222,0.3368055555555556,146.7916695636296,146.7916695636296,15.70354848681447,0.0,-131.08812107681513,0.0,0.0,-3.232121051618222,4.330733340286331,1.9314693363635473,1.7248436983791464,1.0755037773174678,1.002411068077178,1.341700343182316,-0.8504180096263427,0.24025874095513047,-0.43274173604337784,-0.6073205491713504,1.0
RTS93,external93,4,17,13,0.3,0.16,perfect,independent,0.0,0.0,0,65.0,207_CT_1,41.098605255,55.0,0.1009090909090909,0.0,0.0,0.0,0.0,0.0,0.0,1.0,1.0,0.0,0.0,0.0,0.0,0.0,0.0,0.0,0.0,0.0,-2.2935352574741277,4.007333185232471,0.0,0.0,0.0,0.0,-0.5122644716099094,-0.20901157555255098,-0.10500744046411228,0.01189209014491675,-0.7372826231352724,1.0
RTS93,external93,4,17,13,0.3,0.16,perfect,independent,0.0,0.0,0,65.0,207_CT_2,41.098605255,55.0,0.1009090909090909,0.0,0.0,0.0,0.0,0.0,0.0,1.0,1.0,0.0,0.0,0.0,0.0,0.0,0.0,0.0,0.0,0.0,-2.2935352574741277,4.007333185232471,0.0,0.0,0.0,0.0,-0.5122644716099094,-0.20901157555255098,-0.10500744046411228,0.01189209014491675,-0.7372826231352724,1.0
RTS93,external93,4,17,13,0.3,0.16,perfect,independent,0.0,0.0,0,65.0,213_CC_3,29.04336423,355.0,0.0174929577464788,0.0625,0.0972222222222222,3.572866344605475,5.557792091608517,0.0006812176447574,0.0012909982785602,0.9993187823552424,0.9987090017214398,0.03125,0.0590277777777777,0.6085199958749961,0.6085199958749961,0.0,0.0,-0.6085199958749961,0.0,0.0,-4.0459568935300325,5.872117789475416,0.001714140833450693,0.001714140833450693,0.0017126733707713818,0.0017126733707713818,-0.18827062048117096,-1.4065733963143685,1.8858606819371508,-0.2958413423208615,-0.7356757456538717,1.0
RTS93,external93,4,17,13,0.3,0.16,perfect,independent,0.0,0.0,0,65.0,213_CT_1,34.424248515,55.0,0.1009090909090909,0.0,0.0,0.0,0.0,0.0,0.0,1.0,1.0,0.0,0.0,0.0,0.0,0.0,0.0,0.0,0.0,0.0,-2.2935352574741277,4.007333185232471,0.0,0.0,0.0,0.0,-0.5122644716099094,-0.20901157555255098,-0.10500744046411228,-0.15848382393609617,-0.7372826231352724,1.0
RTS93,external93,4,17,13,0.3,0.16,perfect,independent,0.0,0.0,0,65.0,213_CT_2,34.424248515,55.0,0.1009090909090909,0.0,0.0,0.0,0.0,0.0,0.0,1.0,1.0,0.0,0.0,0.0,0.0,0.0,0.0,0.0,0.0,0.0,-2.2935352574741277,4.007333185232471,0.0,0.0,0.0,0.0,-0.5122644716099094,-0.20901157555255098,-0.10500744046411228,-0.15848382393609617,-0.7372826231352724,1.0
RTS93,external93,4,17,13,0.3,0.16,perfect,independent,0.0,0.0,0,65.0,215_CT_4,35.281380525,55.0,0.1009090909090909,0.0,0.0,0.0,0.0,0.0,0.0,1.0,1.0,0.0,0.0,0.0,0.0,0.0,0.0,0.0,0.0,0.0,-2.2935352574741277,4.007333185232471,0.0,0.0,0.0,0.0,-0.5122644716099094,-0.20901157555255098,-0.10500744046411228,-0.13660386525533708,-0.7372826231352724,1.0
RTS93,external93,4,17,13,0.3,0.16,perfect,independent,0.0,0.0,0,65.0,215_CT_5,35.281380525,55.0,0.1009090909090909,0.0,0.0,0.0,0.0,0.0,0.0,1.0,1.0,0.0,0.0,0.0,0.0,0.0,0.0,0.0,0.0,0.0,-2.2935352574741277,4.007333185232471,0.0,0.0,0.0,0.0,-0.5122644716099094,-0.20901157555255098,-0.10500744046411228,-0.13660386525533708,-0.7372826231352724,1.0
RTS93,external93,4,17,13,0.3,0.16,perfect,independent,0.0,0.0,0,65.0,216_STEAM_1,21.7693405225,155.0,0.0290322580645161,0.7222222222222222,0.6979166666666666,24.87654320987654,24.03935185185185,0.2640816712253578,0.2416745250448028,0.7359183287746421,0.7583254749551971,0.3993055555555556,0.5104166666666666,4916.996399537917,4916.996399537917,385.8331150282992,0.0,-4531.163284509617,0.0,0.0,-3.5393477201429735,5.043425116919247,31.722557416373657,29.233311512965273,3.4880646693272785,3.408944346720591,3.231664474766623,-1.0603691543594995,1.0011376842752469,-0.4815249200033262,-0.11435851949760123,1.0
RTS93,external93,4,17,13,0.3,0.16,perfect,independent,0.0,0.0,0,65.0,218_CC_1,29.15998083,355.0,0.0174929577464788,0.0173611111111111,0.0555555555555555,0.992462873501521,3.175881195204867,0.0001957589104069,0.000748637845266,0.9998042410895932,0.999251362154734,0.0104166666666666,0.0381944444444444,0.0,0.0,0.0,0.0,0.0,0.0,0.0,-4.0459568935300325,5.872117789475416,0.0,0.0,0.0,0.0,-0.42226617962970425,-1.4065733963143685,1.8858606819371508,-0.2928644771942277,-0.7368208608962329,1.0
RTS93,external93,4,17,13,0.3,0.16,perfect,independent,0.0,0.0,0,65.0,221_CC_1,28.087108110000003,355.0,0.0174929577464788,0.0694444444444444,0.1527777777777778,3.969851494006084,8.733673286813385,0.0009151107394366,0.001930914472809,0.9990848892605636,0.9980690855271908,0.0347222222222222,0.0902777777777777,0.6177116451280114,0.6177116451280114,0.0,0.0,-0.6177116451280114,0.0,0.0,-4.0459568935300325,5.872117789475416,0.0017400328031774968,0.0017400328031774968,0.0017385206999181691,0.0017385206999181691,-0.15227130368908912,-1.4065733963143685,1.8858606819371508,-0.3202516363592594,-0.7351240313085556,1.0
RTS93,external93,4,17,13,0.3,0.16,perfect,independent,0.0,0.0,0,65.0,223_STEAM_1,20.523671915,155.0,0.0290322580645161,0.7118055555555556,0.65625,24.517746913580247,22.604166666666664,0.3653187151187289,0.4397625956899633,0.6346812848812711,0.5602374043100365,0.46875,0.5520833333333334,5227.718505991785,5227.718505991785,312.2318713330301,0.0,-4915.486634658755,0.0,0.0,-3.5393477201429735,5.043425116919247,33.72721616768894,31.71281699779842,3.547523707127764,3.4877669582273,3.1776654995785,-1.0603691543594995,1.0011376842752469,-0.5133230296807593,0.1244425852121234,1.0
RTS93,external93,4,17,13,0.3,0.16,perfect,independent,0.0,0.0,0,65.0,223_STEAM_2,20.523671915,155.0,0.0290322580645161,0.7291666666666666,0.6631944444444444,25.115740740740737,22.843364197530864,0.4594202526254448,0.4168368659094981,0.5405797473745552,0.5831631340905019,0.46875,0.5520833333333334,6308.096704868976,6308.096704868976,264.5508592065635,0.0,-6043.545845662413,0.0,0.0,-3.5393477201429735,5.043425116919247,40.69739809592888,38.99061835911234,3.730438731076976,3.688644885582698,3.267663791558705,-1.0603691543594995,1.0011376842752469,-0.5133230296807593,0.34641223433735596,1.0
RTS93,external93,4,17,13,0.3,0.16,perfect,independent,0.0,0.0,0,65.0,223_STEAM_3,22.571599727499997,350.0,0.0171428571428571,0.6493055555555556,0.6493055555555556,37.876157407407405,37.876157407407405,0.1267696646180551,0.1025907416736112,0.873230335381945,0.8974092583263887,0.3402777777777778,0.4791666666666667,5774.470927619051,5774.470927619051,438.2155953345672,0.0,-5336.255332284483,0.0,0.0,-4.066173685255407,5.857933154483459,16.49848836462586,15.246443806527095,2.862114498034337,2.7878740421509383,2.8536716484497617,-1.4203890542647535,1.8707169824615488,-0.4610456962059807,-0.43825437428243236,1.0
RTS93,external93,4,17,13,0.3,0.16,perfect,independent,0.0,0.0,0,65.0,223_CT_4,48.87207345,55.0,0.1009090909090909,0.0,0.0,0.0,0.0,0.0,0.0,1.0,1.0,0.0,0.0,0.0,0.0,0.0,0.0,0.0,0.0,0.0,-2.2935352574741277,4.007333185232471,0.0,0.0,0.0,0.0,-0.5122644716099094,-0.20901157555255098,-0.10500744046411228,0.21032495804445406,-0.7372826231352724,1.0
RTS93,external93,4,17,13,0.3,0.16,perfect,independent,0.0,0.0,0,65.0,223_CT_5,48.87207345,55.0,0.1009090909090909,0.0,0.0,0.0,0.0,0.0,0.0,1.0,1.0,0.0,0.0,0.0,0.0,0.0,0.0,0.0,0.0,0.0,-2.2935352574741277,4.007333185232471,0.0,0.0,0.0,0.0,-0.5122644716099094,-0.20901157555255098,-0.10500744046411228,0.21032495804445406,-0.7372826231352724,1.0
RTS93,external93,4,17,13,0.3,0.16,perfect,independent,0.0,0.0,0,65.0,223_CT_6,48.87207345,55.0,0.1009090909090909,0.0,0.0,0.0,0.0,0.0,0.0,1.0,1.0,0.0,0.0,0.0,0.0,0.0,0.0,0.0,0.0,0.0,-2.2935352574741277,4.007333185232471,0.0,0.0,0.0,0.0,-0.5122644716099094,-0.20901157555255098,-0.10500744046411228,0.21032495804445406,-0.7372826231352724,1.0
RTS93,external93,4,17,13,0.3,0.16,perfect,independent,0.0,0.0,0,65.0,301_CT_1,110.83689929999998,20.0,0.225,0.0,0.0,0.0,0.0,0.0,0.0,1.0,1.0,0.0,0.0,0.0,0.0,0.0,0.0,0.0,0.0,0.0,-1.491654876777717,2.995732273553991,0.0,0.0,0.0,0.0,-0.5122644716099094,0.33897374315264334,-1.1850056360038916,1.7920974428434195,-0.7372826231352724,1.0
RTS93,external93,4,17,13,0.3,0.16,perfect,independent,0.0,0.0,0,65.0,301_CT_2,110.83689929999998,20.0,0.225,0.0,0.0,0.0,0.0,0.0,0.0,1.0,1.0,0.0,0.0,0.0,0.0,0.0,0.0,0.0,0.0,0.0,-1.491654876777717,2.995732273553991,0.0,0.0,0.0,0.0,-0.5122644716099094,0.33897374315264334,-1.1850056360038916,1.7920974428434195,-0.7372826231352724,1.0
RTS93,external93,4,17,13,0.3,0.16,perfect,independent,0.0,0.0,0,65.0,301_CT_3,38.095727805,55.0,0.1009090909090909,0.0,0.0,0.0,0.0,0.0,0.0,1.0,1.0,0.0,0.0,0.0,0.0,0.0,0.0,0.0,0.0,0.0,-2.2935352574741277,4.007333185232471,0.0,0.0,0.0,0.0,-0.5122644716099094,-0.20901157555255098,-0.10500744046411228,-0.06476218686590589,-0.7372826231352724,1.0
RTS93,external93,4,17,13,0.3,0.16,perfect,independent,0.0,0.0,0,65.0,301_CT_4,38.095727805,55.0,0.1009090909090909,0.0,0.0,0.0,0.0,0.0,0.0,1.0,1.0,0.0,0.0,0.0,0.0,0.0,0.0,0.0,0.0,0.0,-2.2935352574741277,4.007333185232471,0.0,0.0,0.0,0.0,-0.5122644716099094,-0.20901157555255098,-0.10500744046411228,-0.06476218686590589,-0.7372826231352724,1.0
RTS93,external93,4,17,13,0.3,0.16,perfect,independent,0.0,0.0,0,65.0,302_CT_1,110.83689929999998,20.0,0.225,0.0,0.0,0.0,0.0,0.0,0.0,1.0,1.0,0.0,0.0,0.0,0.0,0.0,0.0,0.0,0.0,0.0,-1.491654876777717,2.995732273553991,0.0,0.0,0.0,0.0,-0.5122644716099094,0.33897374315264334,-1.1850056360038916,1.7920974428434195,-0.7372826231352724,1.0
RTS93,external93,4,17,13,0.3,0.16,perfect,independent,0.0,0.0,0,65.0,302_CT_2,110.83689929999998,20.0,0.225,0.0,0.0,0.0,0.0,0.0,0.0,1.0,1.0,0.0,0.0,0.0,0.0,0.0,0.0,0.0,0.0,0.0,-1.491654876777717,2.995732273553991,0.0,0.0,0.0,0.0,-0.5122644716099094,0.33897374315264334,-1.1850056360038916,1.7920974428434195,-0.7372826231352724,1.0
RTS93,external93,4,17,13,0.3,0.16,perfect,independent,0.0,0.0,0,65.0,302_CT_3,42.663211305,55.0,0.1009090909090909,0.0,0.0,0.0,0.0,0.0,0.0,1.0,1.0,0.0,0.0,0.0,0.0,0.0,0.0,0.0,0.0,0.0,-2.2935352574741277,4.007333185232471,0.0,0.0,0.0,0.0,-0.5122644716099094,-0.20901157555255098,-0.10500744046411228,0.05183169726058796,-0.7372826231352724,1.0
RTS93,external93,4,17,13,0.3,0.16,perfect,independent,0.0,0.0,0,65.0,302_CT_4,42.663211305,55.0,0.1009090909090909,0.0,0.0,0.0,0.0,0.0,0.0,1.0,1.0,0.0,0.0,0.0,0.0,0.0,0.0,0.0,0.0,0.0,-2.2935352574741277,4.007333185232471,0.0,0.0,0.0,0.0,-0.5122644716099094,-0.20901157555255098,-0.10500744046411228,0.05183169726058796,-0.7372826231352724,1.0
RTS93,external93,4,17,13,0.3,0.16,perfect,independent,0.0,0.0,0,65.0,307_CT_1,36.12393546,55.0,0.1009090909090909,0.0,0.0,0.0,0.0,0.0,0.0,1.0,1.0,0.0,0.0,0.0,0.0,0.0,0.0,0.0,0.0,0.0,-2.2935352574741277,4.007333185232471,0.0,0.0,0.0,0.0,-0.5122644716099094,-0.20901157555255098,-0.10500744046411228,-0.11509601471540733,-0.7372826231352724,1.0
RTS93,external93,4,17,13,0.3,0.16,perfect,independent,0.0,0.0,0,65.0,307_CT_2,36.12393546,55.0,0.1009090909090909,0.0,0.0,0.0,0.0,0.0,0.0,1.0,1.0,0.0,0.0,0.0,0.0,0.0,0.0,0.0,0.0,0.0,-2.2935352574741277,4.007333185232471,0.0,0.0,0.0,0.0,-0.5122644716099094,-0.20901157555255098,-0.10500744046411228,-0.11509601471540733,-0.7372826231352724,1.0
RTS93,external93,4,17,13,0.3,0.16,perfect,independent,0.0,0.0,0,65.0,313_CC_1,26.770312335000003,355.0,0.0174929577464788,0.1875,0.3715277777777778,10.718599033816426,21.23870549293255,0.0079602535543822,0.0084841244561815,0.992039746445618,0.9915158755438184,0.1006944444444444,0.2430555555555555,74.14400396308858,74.14400396308858,9.227946725383362,0.0,-64.91605723770522,0.0,0.0,-4.0459568935300325,5.872117789475416,0.20885634919179882,0.18286213306395835,0.18967474670046458,0.16793703810683386,0.4597170817763058,-1.4065733963143685,1.8858606819371508,-0.3538654050808337,-0.7185057281425844,1.0
RTS93,external93,4,17,13,0.3,0.16,perfect,independent,0.0,0.0,0,65.0,315_STEAM_1,112.26770385,12.0,0.125,0.0,0.0,0.0,0.0,0.0,0.0,1.0,1.0,0.0,0.0,0.0,0.0,0.0,0.0,0.0,0.0,0.0,-2.0794415416798357,2.4849066497880004,0.0,0.0,0.0,0.0,-0.5122644716099094,-0.06270519880789859,-1.7303696679395384,1.8286215068954002,-0.7372826231352724,1.0
RTS93,external93,4,17,13,0.3,0.16,perfect,independent,0.0,0.0,0,65.0,315_STEAM_2,112.26770385,12.0,0.125,0.0,0.0,0.0,0.0,0.0,0.0,1.0,1.0,0.0,0.0,0.0,0.0,0.0,0.0,0.0,0.0,0.0,-2.0794415416798357,2.4849066497880004,0.0,0.0,0.0,0.0,-0.5122644716099094,-0.06270519880789859,-1.7303696679395384,1.8286215068954002,-0.7372826231352724,1.0
RTS93,external93,4,17,13,0.3,0.16,perfect,independent,0.0,0.0,0,65.0,315_STEAM_3,112.26770385,12.0,0.125,0.0,0.0,0.0,0.0,0.0,0.0,1.0,1.0,0.0,0.0,0.0,0.0,0.0,0.0,0.0,0.0,0.0,-2.0794415416798357,2.4849066497880004,0.0,0.0,0.0,0.0,-0.5122644716099094,-0.06270519880789859,-1.7303696679395384,1.8286215068954002,-0.7372826231352724,1.0
RTS93,external93,4,17,13,0.3,0.16,perfect,independent,0.0,0.0,0,65.0,315_STEAM_4,112.26770385,12.0,0.125,0.0,0.0,0.0,0.0,0.0,0.0,1.0,1.0,0.0,0.0,0.0,0.0,0.0,0.0,0.0,0.0,0.0,-2.0794415416798357,2.4849066497880004,0.0,0.0,0.0,0.0,-0.5122644716099094,-0.06270519880789859,-1.7303696679395384,1.8286215068954002,-0.7372826231352724,1.0
RTS93,external93,4,17,13,0.3,0.16,perfect,independent,0.0,0.0,0,65.0,315_STEAM_5,112.26770385,12.0,0.125,0.0,0.0,0.0,0.0,0.0,0.0,1.0,1.0,0.0,0.0,0.0,0.0,0.0,0.0,0.0,0.0,0.0,-2.0794415416798357,2.4849066497880004,0.0,0.0,0.0,0.0,-0.5122644716099094,-0.06270519880789859,-1.7303696679395384,1.8286215068954002,-0.7372826231352724,1.0
RTS93,external93,4,17,13,0.3,0.16,perfect,independent,0.0,0.0,0,65.0,315_CT_6,31.33876764,55.0,0.1009090909090909,0.0069444444444444,0.0208333333333333,0.0688188188188188,0.2064564564564564,0.0003503787878787,0.0013894281565657,0.9996496212121212,0.9986105718434344,0.0034722222222222,0.0104166666666666,0.0,0.0,0.0,0.0,0.0,0.0,0.0,-2.2935352574741277,4.007333185232471,0.0,0.0,0.0,0.0,-0.4762651548178275,-0.20901157555255098,-0.10500744046411228,-0.23724671374495118,-0.7364561386944544,1.0
RTS93,external93,4,17,13,0.3,0.16,perfect,independent,0.0,0.0,0,65.0,315_CT_7,31.33876764,55.0,0.1009090909090909,0.0069444444444444,0.0208333333333333,0.0688188188188188,0.2064564564564564,0.0005535407828283,0.0010511363636363,0.9994464592171716,0.9989488636363638,0.0034722222222222,0.0104166666666666,0.0,0.0,0.0,0.0,0.0,0.0,0.0,-2.2935352574741277,4.007333185232471,0.0,0.0,0.0,0.0,-0.4762651548178275,-0.20901157555255098,-0.10500744046411228,-0.23724671374495118,-0.7359769138281089,1.0
RTS93,external93,4,17,13,0.3,0.16,perfect,independent,0.0,0.0,0,65.0,315_CT_8,31.33876764,55.0,0.1009090909090909,0.0138888888888888,0.0277777777777777,0.1376376376376376,0.2752752752752753,0.0007007575757575,0.0014015151515151,0.9992992424242424,0.9985984848484848,0.0034722222222222,0.0104166666666666,0.0,0.0,0.0,0.0,0.0,0.0,0.0,-2.2935352574741277,4.007333185232471,0.0,0.0,0.0,0.0,-0.44026583802574576,-0.20901157555255098,-0.10500744046411228,-0.23724671374495118,-0.735629654253636,1.0
RTS93,external93,4,17,13,0.3,0.16,perfect,independent,0.0,0.0,0,65.0,316_STEAM_1,23.6803874825,155.0,0.0290322580645161,0.3784722222222222,0.5277777777777778,13.036265432098764,18.179012345679013,0.0523240837051974,0.052294425752688,0.9476759162948024,0.947705574247312,0.1597222222222222,0.3368055555555556,284.0110638089854,284.0110638089854,21.60735257933763,0.0,-262.4037112296478,0.0,0.0,-3.5393477201429735,5.043425116919247,1.8323294439289382,1.6929271692235341,1.0410994981367243,0.9906287689867888,1.449698293558562,-1.0603691543594995,1.0011376842752469,-0.43274173604337784,-0.6138589383733409,1.0
RTS93,external93,4,17,13,0.3,0.16,perfect,independent,0.0,0.0,0,65.0,318_CC_1,29.14054473,355.0,0.0174929577464788,0.0416666666666666,0.0729166666666666,2.38191089640365,4.168344068706388,0.0005409333362675,0.0009325961071987,0.9994590666637326,0.9990674038928012,0.0208333333333333,0.0486111111111111,0.7091018133750007,0.7091018133750007,0.0152576525021537,0.0,-0.693844160872847,0.0,0.0,-4.0459568935300325,5.872117789475416,0.001997469896830988,0.0019544905940080196,0.001995477606422218,0.001952583062364354,-0.2962685708574174,-1.4065733963143685,1.8858606819371508,-0.29336062138200003,-0.736006652667278,1.0
RTS93,external93,4,17,13,0.3,0.16,perfect,independent,0.0,0.0,0,65.0,321_CC_1,27.670203765000004,355.0,0.0174929577464788,0.1354166666666666,0.2291666666666666,7.741210413311863,13.100509930220076,0.00286903049687,0.0034636873992566,0.99713096950313,0.9965363126007432,0.0694444444444444,0.1527777777777778,11.285842594035111,11.285842594035111,2.6236264228422144,0.0,-8.662216171192899,0.0,0.0,-4.0459568935300325,5.872117789475416,0.031791105898690455,0.024400608932937738,0.031296229805497885,0.024107669771929685,0.18972220583569013,-1.4065733963143685,1.8858606819371508,-0.3308939291869755,-0.7305150642877416,1.0
RTS93,external93,4,17,13,0.3,0.16,perfect,independent,0.0,0.0,0,65.0,322_CT_5,31.1560683,55.0,0.1009090909090909,0.0138888888888888,0.0277777777777777,0.1376376376376376,0.2752752752752753,0.0007007575757575,0.001482740340909,0.9992992424242424,0.9985172596590908,0.0069444444444444,0.0138888888888888,0.0,0.0,0.0,0.0,0.0,0.0,0.0,-2.2935352574741277,4.007333185232471,0.0,0.0,0.0,0.0,-0.44026583802574576,-0.20901157555255098,-0.10500744046411228,-0.24191046911001093,-0.735629654253636,1.0
RTS93,external93,4,17,13,0.3,0.16,perfect,independent,0.0,0.0,0,65.0,322_CT_6,31.1560683,55.0,0.1009090909090909,0.0138888888888888,0.0347222222222222,0.1376376376376376,0.3440940940940941,0.0008734200126263,0.002377240530303,0.9991265799873736,0.997622759469697,0.0069444444444444,0.0138888888888888,0.0,0.0,0.0,0.0,0.0,0.0,0.0,-2.2935352574741277,4.007333185232471,0.0,0.0,0.0,0.0,-0.44026583802574576,-0.20901157555255098,-0.10500744046411228,-0.24191046911001093,-0.7352223726985802,1.0
RTS93,external93,4,17,13,0.3,0.16,perfect,independent,0.0,0.0,0,65.0,323_CC_1,29.281456455,355.0,0.0174929577464788,0.0208333333333333,0.0486111111111111,1.190955448201825,2.778896045804258,0.0001822183098591,0.0006032608470266,0.9998177816901408,0.9993967391529732,0.0104166666666666,0.03125,0.0,0.0,0.0,0.0,0.0,0.0,0.0,-4.0459568935300325,5.872117789475416,0.0,0.0,0.0,0.0,-0.4042665212336634,-1.4065733963143685,1.8858606819371508,-0.2897635760206507,-0.7368528008882052,1.0
RTS93,external93,4,17,13,0.3,0.16,perfect,independent,0.0,0.0,0,65.0,323_CC_2,29.281456455,355.0,0.0174929577464788,0.0208333333333333,0.0555555555555555,1.190955448201825,3.175881195204867,0.0001822183098591,0.0005466549295774,0.9998177816901408,0.9994533450704226,0.0104166666666666,0.03125,0.0,0.0,0.0,0.0,0.0,0.0,0.0,-4.0459568935300325,5.872117789475416,0.0,0.0,0.0,0.0,-0.4042665212336634,-1.4065733963143685,1.8858606819371508,-0.2897635760206507,-0.7368528008882052,1.0
RTS93,external93,4,17,13,0.3,0.16,perfect,independent,0.0,0.0,0,65.0,121_NUCLEAR_1,2.025875,400.0,0.075,0.3229166666666667,0.1527777777777778,4.305555555555556,2.037037037037037,0.8801547686032992,0.92469667366059,0.1198452313967008,0.0753033263394097,0.6527777777777778,0.7326388888888888,6858.550567997139,6858.550567997139,37.51973367278697,0.0,-6821.030834324352,0.0,0.0,-2.5902671654458267,5.991464547107982,17.146376419992848,17.05257708581088,2.8984708944975024,2.8932884494247006,1.1617037592219057,-0.41179085918916297,2.0132768214430246,-0.9855152094889464,1.338853966544056,1.0
RTS93,external93,4,17,13,0.3,0.16,perfect,independent,0.0,0.0,0,65.0,122_HYDRO_1,0.0,50.0,1.5,0.0,0.0,0.0,0.0,0.9076846920000006,0.9171711009236112,0.0923153079999996,0.0828288990763889,0.84375,0.8576388888888888,0.0,0.0,0.0,0.0,0.0,0.0,0.0,0.4054651081081644,3.912023005428146,0.0,0.0,0.0,0.0,-0.5122644716099094,1.6354188546252855,-0.2067618191097883,-1.0372296021090317,1.4037924106834436,1.0
RTS93,external93,4,17,13,0.3,0.16,perfect,independent,0.0,0.0,0,65.0,122_HYDRO_2,0.0,50.0,1.5,0.0,0.0,0.0,0.0,0.976949046375,0.9726509035138888,0.023050953625,0.0273490964861112,0.84375,0.8576388888888888,0.0,0.0,0.0,0.0,0.0,0.0,0.0,0.4054651081081644,3.912023005428146,0.0,0.0,0.0,0.0,-0.5122644716099094,1.6354188546252855,-0.2067618191097883,-1.0372296021090317,1.5671753356054419,1.0
RTS93,external93,4,17,13,0.3,0.16,perfect,independent,0.0,0.0,0,65.0,122_HYDRO_3,0.0,50.0,1.5,0.0,0.0,0.0,0.0,0.9895833333333334,0.9909337805555556,0.0104166666666666,0.0090662194444444,0.84375,0.8576388888888888,0.0,0.0,0.0,0.0,0.0,0.0,0.0,0.4054651081081644,3.912023005428146,0.0,0.0,0.0,0.0,-0.5122644716099094,1.6354188546252855,-0.2067618191097883,-1.0372296021090317,1.5969774867433935,1.0
RTS93,external93,4,17,13,0.3,0.16,perfect,independent,0.0,0.0,0,65.0,122_HYDRO_4,0.0,50.0,1.5,0.0,0.0,0.0,0.0,0.9895833333333334,0.9954380352777776,0.0104166666666666,0.0045619647222222,0.84375,0.8576388888888888,0.0,0.0,0.0,0.0,0.0,0.0,0.0,0.4054651081081644,3.912023005428146,0.0,0.0,0.0,0.0,-0.5122644716099094,1.6354188546252855,-0.2067618191097883,-1.0372296021090317,1.5969774867433935,1.0
RTS93,external93,4,17,13,0.3,0.16,perfect,independent,0.0,0.0,0,65.0,122_HYDRO_5,0.0,50.0,1.5,0.0,0.0,0.0,0.0,0.9900220357638888,0.9986090543055556,0.0099779642361111,0.0013909456944444,0.84375,0.8576388888888888,0.0,0.0,0.0,0.0,0.0,0.0,0.0,0.4054651081081644,3.912023005428146,0.0,0.0,0.0,0.0,-0.5122644716099094,1.6354188546252855,-0.2067618191097883,-1.0372296021090317,1.5980123117543432,1.0
RTS93,external93,4,17,13,0.3,0.16,perfect,independent,0.0,0.0,0,65.0,122_HYDRO_6,0.0,50.0,1.5,0.0,0.0,0.0,0.0,0.9956423574305556,1.0,0.0043576425694444,0.0,0.84375,0.8576388888888888,0.0,0.0,0.0,0.0,0.0,0.0,0.0,0.4054651081081644,3.912023005428146,0.0,0.0,0.0,0.0,-0.5122644716099094,1.6354188546252855,-0.2067618191097883,-1.0372296021090317,1.6112697022431217,1.0
RTS93,external93,4,17,13,0.3,0.16,perfect,independent,0.0,0.0,0,65.0,201_HYDRO_4,0.0,50.0,1.5,0.0,0.0,0.0,0.0,0.9933012011111112,1.0,0.0066987988888889,0.0,0.84375,0.8576388888888888,0.0,0.0,0.0,0.0,0.0,0.0,0.0,0.4054651081081644,3.912023005428146,0.0,0.0,0.0,0.0,-0.5122644716099094,1.6354188546252855,-0.2067618191097883,-1.0372296021090317,1.605747309511363,1.0
RTS93,external93,4,17,13,0.3,0.16,perfect,independent,0.0,0.0,0,65.0,215_HYDRO_1,0.0,50.0,1.5,0.0,0.0,0.0,0.0,1.0,1.0,0.0,0.0,0.84375,0.8576388888888888,0.0,0.0,0.0,0.0,0.0,0.0,0.0,0.4054651081081644,3.912023005428146,0.0,0.0,0.0,0.0,-0.5122644716099094,1.6354188546252855,-0.2067618191097883,-1.0372296021090317,1.621548645794748,1.0
RTS93,external93,4,17,13,0.3,0.16,perfect,independent,0.0,0.0,0,65.0,215_HYDRO_2,0.0,50.0,1.5,0.0,0.0,0.0,0.0,1.0,1.0,0.0,0.0,0.84375,0.8576388888888888,0.0,0.0,0.0,0.0,0.0,0.0,0.0,0.4054651081081644,3.912023005428146,0.0,0.0,0.0,0.0,-0.5122644716099094,1.6354188546252855,-0.2067618191097883,-1.0372296021090317,1.621548645794748,1.0
RTS93,external93,4,17,13,0.3,0.16,perfect,independent,0.0,0.0,0,65.0,215_HYDRO_3,0.0,50.0,1.5,0.0,0.0,0.0,0.0,1.0,1.0,0.0,0.0,0.84375,0.8576388888888888,0.0,0.0,0.0,0.0,0.0,0.0,0.0,0.4054651081081644,3.912023005428146,0.0,0.0,0.0,0.0,-0.5122644716099094,1.6354188546252855,-0.2067618191097883,-1.0372296021090317,1.621548645794748,1.0
RTS93,external93,4,17,13,0.3,0.16,perfect,independent,0.0,0.0,0,65.0,222_HYDRO_1,0.0,50.0,1.5,0.0,0.0,0.0,0.0,0.9989052099444444,1.0,0.0010947900555555,0.0,0.84375,0.8576388888888888,0.0,0.0,0.0,0.0,0.0,0.0,0.0,0.4054651081081644,3.912023005428146,0.0,0.0,0.0,0.0,-0.5122644716099094,1.6354188546252855,-0.2067618191097883,-1.0372296021090317,1.6189662207787898,1.0
RTS93,external93,4,17,13,0.3,0.16,perfect,independent,0.0,0.0,0,65.0,222_HYDRO_2,0.0,50.0,1.5,0.0,0.0,0.0,0.0,0.999804812972222,1.0,0.0001951870277777,0.0,0.84375,0.8576388888888888,0.0,0.0,0.0,0.0,0.0,0.0,0.0,0.4054651081081644,3.912023005428146,0.0,0.0,0.0,0.0,-0.5122644716099094,1.6354188546252855,-0.2067618191097883,-1.0372296021090317,1.6210882325303355,1.0
RTS93,external93,4,17,13,0.3,0.16,perfect,independent,0.0,0.0,0,65.0,222_HYDRO_3,0.0,50.0,1.5,0.0,0.0,0.0,0.0,1.0,1.0,0.0,0.0,0.84375,0.8576388888888888,0.0,0.0,0.0,0.0,0.0,0.0,0.0,0.4054651081081644,3.912023005428146,0.0,0.0,0.0,0.0,-0.5122644716099094,1.6354188546252855,-0.2067618191097883,-1.0372296021090317,1.621548645794748,1.0
RTS93,external93,4,17,13,0.3,0.16,perfect,independent,0.0,0.0,0,65.0,222_HYDRO_4,0.0,50.0,1.5,0.0,0.0,0.0,0.0,1.0,1.0,0.0,0.0,0.84375,0.8576388888888888,0.0,0.0,0.0,0.0,0.0,0.0,0.0,0.4054651081081644,3.912023005428146,0.0,0.0,0.0,0.0,-0.5122644716099094,1.6354188546252855,-0.2067618191097883,-1.0372296021090317,1.621548645794748,1.0
RTS93,external93,4,17,13,0.3,0.16,perfect,independent,0.0,0.0,0,65.0,222_HYDRO_5,0.0,50.0,1.5,0.0,0.0,0.0,0.0,1.0,1.0,0.0,0.0,0.84375,0.8576388888888888,0.0,0.0,0.0,0.0,0.0,0.0,0.0,0.4054651081081644,3.912023005428146,0.0,0.0,0.0,0.0,-0.5122644716099094,1.6354188546252855,-0.2067618191097883,-1.0372296021090317,1.621548645794748,1.0
RTS93,external93,4,17,13,0.3,0.16,perfect,independent,0.0,0.0,0,65.0,222_HYDRO_6,0.0,50.0,1.5,0.0,0.0,0.0,0.0,1.0,1.0,0.0,0.0,0.84375,0.8576388888888888,0.0,0.0,0.0,0.0,0.0,0.0,0.0,0.4054651081081644,3.912023005428146,0.0,0.0,0.0,0.0,-0.5122644716099094,1.6354188546252855,-0.2067618191097883,-1.0372296021090317,1.621548645794748,1.0
RTS93,external93,4,17,13,0.3,0.16,perfect,independent,0.0,0.0,0,65.0,322_HYDRO_1,0.0,50.0,1.5,0.0,0.0,0.0,0.0,1.0,1.0,0.0,0.0,0.84375,0.8576388888888888,0.0,0.0,0.0,0.0,0.0,0.0,0.0,0.4054651081081644,3.912023005428146,0.0,0.0,0.0,0.0,-0.5122644716099094,1.6354188546252855,-0.2067618191097883,-1.0372296021090317,1.621548645794748,1.0
RTS93,external93,4,17,13,0.3,0.16,perfect,independent,0.0,0.0,0,65.0,322_HYDRO_2,0.0,50.0,1.5,0.0,0.0,0.0,0.0,1.0,1.0,0.0,0.0,0.84375,0.8576388888888888,0.0,0.0,0.0,0.0,0.0,0.0,0.0,0.4054651081081644,3.912023005428146,0.0,0.0,0.0,0.0,-0.5122644716099094,1.6354188546252855,-0.2067618191097883,-1.0372296021090317,1.621548645794748,1.0
RTS93,external93,4,17,13,0.3,0.16,perfect,independent,0.0,0.0,0,65.0,322_HYDRO_3,0.0,50.0,1.5,0.0,0.0,0.0,0.0,0.9965277777777778,1.0,0.0034722222222222,0.0,0.84375,0.8576388888888888,0.0,0.0,0.0,0.0,0.0,0.0,0.0,0.4054651081081644,3.912023005428146,0.0,0.0,0.0,0.0,-0.5122644716099094,1.6354188546252855,-0.2067618191097883,-1.0372296021090317,1.6133582594442961,1.0
RTS93,external93,4,17,13,0.3,0.16,perfect,independent,0.0,0.0,0,65.0,322_HYDRO_4,0.0,50.0,1.5,0.0,0.0,0.0,0.0,1.0,1.0,0.0,0.0,0.84375,0.8576388888888888,0.0,0.0,0.0,0.0,0.0,0.0,0.0,0.4054651081081644,3.912023005428146,0.0,0.0,0.0,0.0,-0.5122644716099094,1.6354188546252855,-0.2067618191097883,-1.0372296021090317,1.621548645794748,1.0
RTS93,external93,7,13,13,0.3,0.16,perfect,independent,0.0,0.0,0,65.0,101_CT_1,109.6984653,20.0,0.225,0.0,0.0,0.0,0.0,0.0,0.0,1.0,1.0,0.0,0.0,0.0,0.0,0.0,0.0,0.0,0.0,0.0,-1.491654876777717,2.995732273553991,0.0,0.0,0.0,0.0,-0.5122644716099094,0.33897374315264334,-1.1850056360038916,1.763036704718879,-0.7372826231352724,1.0
RTS93,external93,7,13,13,0.3,0.16,perfect,independent,0.0,0.0,0,65.0,101_CT_2,109.6984653,20.0,0.225,0.0,0.0,0.0,0.0,0.0,0.0,1.0,1.0,0.0,0.0,0.0,0.0,0.0,0.0,0.0,0.0,0.0,-1.491654876777717,2.995732273553991,0.0,0.0,0.0,0.0,-0.5122644716099094,0.33897374315264334,-1.1850056360038916,1.763036704718879,-0.7372826231352724,1.0
RTS93,external93,7,13,13,0.3,0.16,perfect,independent,0.0,0.0,0,65.0,101_STEAM_3,19.3218686,76.0,0.0394736842105263,0.5486111111111112,0.2361111111111111,13.89814814814815,5.981481481481482,0.9750054453858278,0.9944611138980264,0.0249945546141721,0.0055388861019737,0.8402777777777778,0.8368055555555556,1296.2857973928149,1384.9874331213075,11.533712540624038,0.0,-1284.7520848521908,0.0,0.0,-3.232121051618222,4.330733340286331,17.05639207095809,16.90463269542356,2.8934997534442,2.8850594891614296,2.331681554964572,-0.8504180096263427,0.24025874095513047,-0.5440013926024746,1.5625907088178592,1.0
RTS93,external93,7,13,13,0.3,0.16,perfect,independent,0.0,0.0,0,65.0,101_STEAM_4,19.3218686,76.0,0.0394736842105263,0.5347222222222222,0.2604166666666667,13.546296296296298,6.597222222222223,0.977313654066231,0.993613187088816,0.0226863459337689,0.0063868129111839,0.8402777777777778,0.8368055555555556,1306.3010541680833,1391.0207219700724,11.468926797238964,0.0,-1294.8321273708443,0.0,0.0,-3.232121051618222,4.330733340286331,17.188171765369518,17.0372648338269,2.900771479802574,2.892439886389324,2.2596829213804077,-0.8504180096263427,0.24025874095513047,-0.5440013926024746,1.5680353836284102,1.0
RTS93,external93,7,13,13,0.3,0.16,perfect,independent,0.0,0.0,0,65.0,102_CT_1,108.68163675,20.0,0.225,0.0,0.0,0.0,0.0,0.0,0.0,1.0,1.0,0.0,0.0,0.0,0.0,0.0,0.0,0.0,0.0,0.0,-1.491654876777717,2.995732273553991,0.0,0.0,0.0,0.0,-0.5122644716099094,0.33897374315264334,-1.1850056360038916,1.7370801818030965,-0.7372826231352724,1.0
RTS93,external93,7,13,13,0.3,0.16,perfect,independent,0.0,0.0,0,65.0,102_CT_2,108.68163675,20.0,0.225,0.0,0.0,0.0,0.0,0.0,0.0,1.0,1.0,0.0,0.0,0.0,0.0,0.0,0.0,0.0,0.0,0.0,-1.491654876777717,2.995732273553991,0.0,0.0,0.0,0.0,-0.5122644716099094,0.33897374315264334,-1.1850056360038916,1.7370801818030965,-0.7372826231352724,1.0
RTS93,external93,7,13,13,0.3,0.16,perfect,independent,0.0,0.0,0,65.0,102_STEAM_3,21.582252407499997,76.0,0.0394736842105263,0.6875,0.4583333333333333,17.416666666666668,11.61111111111111,0.9524322697277556,0.9755700402503656,0.0475677302722445,0.0244299597496342,0.7777777777777778,0.7361111111111112,2581.8444746197733,2637.7548608325924,104.7456390792513,0.0,-2477.098835540522,0.0,0.0,-3.232121051618222,4.330733340286331,33.971637823944384,32.59340573079634,3.554537385092778,3.514329789696021,3.051667890806213,-0.8504180096263427,0.24025874095513047,-0.48630070737108666,1.5093443962365487,1.0
RTS93,external93,7,13,13,0.3,0.16,perfect,independent,0.0,0.0,0,65.0,102_STEAM_4,21.582252407499997,76.0,0.0394736842105263,0.6840277777777778,0.4791666666666667,17.328703703703706,12.13888888888889,0.9579106386696672,0.975933806743421,0.0420893613303326,0.024066193256579,0.7777777777777778,0.7361111111111112,2619.9943993816582,2660.9443842134533,104.58795736437332,0.0,-2515.406442017285,0.0,0.0,-3.232121051618222,4.330733340286331,34.47361051817971,33.09745318443796,3.5687890543630183,3.529222694826909,3.033668232410172,-0.8504180096263427,0.24025874095513047,-0.48630070737108666,1.522266944199465,1.0
RTS93,external93,7,13,13,0.3,0.16,perfect,independent,0.0,0.0,0,65.0,107_CC_1,27.15028809,355.0,0.0174929577464788,0.6076388888888888,0.7013888888888888,34.73620057255323,40.095500089461446,0.2942425473041712,0.2652909541471049,0.7057574526958289,0.7347090458528951,0.3715277777777778,0.4618055555555556,9889.212814317612,9928.561487879602,2098.3215178774753,0.0,-7790.891296440137,0.0,0.0,-4.0459568935300325,5.872117789475416,27.856937505120033,21.946172666028556,3.3623504321613646,3.1331511542343953,2.637675747697269,-1.4065733963143685,1.8858606819371508,-0.344165786209885,-0.04321410190457272,1.0
RTS93,external93,7,13,13,0.3,0.16,perfect,independent,0.0,0.0,0,65.0,113_CT_1,34.424248515,55.0,0.1009090909090909,0.0277777777777777,0.0625,0.2752752752752753,0.6193693693693694,0.0035037878787878,0.0051055683712121,0.9964962121212122,0.9948944316287878,0.0138888888888888,0.0208333333333333,28.938135415999795,28.93813541599999,0.0,0.0,-28.938135415999795,0.0,0.0,-2.2935352574741277,4.007333185232471,0.5261479166545417,0.5261479166545417,0.4227468591310417,0.4227468591310417,-0.3682672044415816,-0.20901157555255098,-0.10500744046411228,-0.15848382393609617,-0.7290177787270897,1.0
RTS93,external93,7,13,13,0.3,0.16,perfect,independent,0.0,0.0,0,65.0,113_CT_2,34.424248515,55.0,0.1009090909090909,0.0277777777777777,0.0555555555555555,0.2752752752752753,0.5505505505505506,0.0035037878787878,0.0044508628787879,0.9964962121212122,0.9955491371212122,0.0138888888888888,0.0208333333333333,28.938135415999795,28.93813541599999,0.0,0.0,-28.938135415999795,0.0,0.0,-2.2935352574741277,4.007333185232471,0.5261479166545417,0.5261479166545417,0.4227468591310417,0.4227468591310417,-0.3682672044415816,-0.20901157555255098,-0.10500744046411228,-0.15848382393609617,-0.7290177787270897,1.0
RTS93,external93,7,13,13,0.3,0.16,perfect,independent,0.0,0.0,0,65.0,113_CT_3,34.424248515,55.0,0.1009090909090909,0.0277777777777777,0.0763888888888889,0.2752752752752753,0.7570070070070071,0.004771555492424,0.0063101938762625,0.995228444507576,0.9936898061237373,0.0138888888888888,0.0208333333333333,31.507011962577735,31.507011962577806,0.0,0.0,-31.507011962577735,0.0,0.0,-2.2935352574741277,4.007333185232471,0.5728547629559588,0.5728547629559588,0.45289228857111075,0.45289228857111075,-0.3682672044415816,-0.20901157555255098,-0.10500744046411228,-0.15848382393609617,-0.7260273288383079,1.0
RTS93,external93,7,13,13,0.3,0.16,perfect,independent,0.0,0.0,0,65.0,113_CT_4,34.424248515,55.0,0.1009090909090909,0.0416666666666666,0.0555555555555555,0.4129129129129129,0.5505505505505506,0.004905303030303,0.0042045454545454,0.9950946969696968,0.9957954545454546,0.0138888888888888,0.0208333333333333,31.628152393812343,31.6281523938125,0.0,0.0,-31.628152393812343,0.0,0.0,-2.2935352574741277,4.007333185232471,0.5750573162511335,0.5750573162511335,0.45429166288601114,0.45429166288601114,-0.2962685708574174,-0.20901157555255098,-0.10500744046411228,-0.15848382393609617,-0.7257118409638165,1.0
RTS93,external93,7,13,13,0.3,0.16,perfect,independent,0.0,0.0,0,65.0,115_STEAM_1,140.6638701,12.0,0.125,0.0,0.0,0.0,0.0,0.0,0.0,1.0,1.0,0.0,0.0,0.0,0.0,0.0,0.0,0.0,0.0,0.0,-2.0794415416798357,2.4849066497880004,0.0,0.0,0.0,0.0,-0.5122644716099094,-0.06270519880789859,-1.7303696679395384,2.553488781706389,-0.7372826231352724,1.0
RTS93,external93,7,13,13,0.3,0.16,perfect,independent,0.0,0.0,0,65.0,115_STEAM_2,140.6638701,12.0,0.125,0.0,0.0,0.0,0.0,0.0,0.0,1.0,1.0,0.0,0.0,0.0,0.0,0.0,0.0,0.0,0.0,0.0,-2.0794415416798357,2.4849066497880004,0.0,0.0,0.0,0.0,-0.5122644716099094,-0.06270519880789859,-1.7303696679395384,2.553488781706389,-0.7372826231352724,1.0
RTS93,external93,7,13,13,0.3,0.16,perfect,independent,0.0,0.0,0,65.0,115_STEAM_3,23.535050669999997,155.0,0.0290322580645161,0.7673611111111112,0.6805555555555556,26.43132716049383,23.44135802469136,0.6510622132891313,0.6440190439740143,0.3489377867108686,0.3559809560259857,0.5833333333333334,0.625,3669.4030883749488,3917.29665916056,271.4173905792568,0.0,-3397.985697795692,0.0,0.0,-3.5393477201429735,5.043425116919247,23.673568312096442,21.92248837287543,3.205732561836679,3.132118453705469,3.4656600339151566,-1.0603691543594995,1.0011376842752469,-0.43645174035449125,0.7984632835899166,1.0
RTS93,external93,7,13,13,0.3,0.16,perfect,independent,0.0,0.0,0,65.0,116_STEAM_1,23.254946994999997,155.0,0.0290322580645161,0.8506944444444444,0.6875,29.301697530864196,23.680555555555554,0.707107777911623,0.6979779089605742,0.2928922220883769,0.3020220910394257,0.6006944444444444,0.6354166666666666,4326.695408769151,4453.823602982755,315.5457930227294,0.0,-4011.1496157464217,0.0,0.0,-3.5393477201429735,5.043425116919247,27.91416392754291,25.87838461771885,3.3643315763570336,3.2913224177821006,3.897651835420141,-1.0603691543594995,1.0011376842752469,-0.4436019304813642,0.9306653139062883,1.0
RTS93,external93,7,13,13,0.3,0.16,perfect,independent,0.0,0.0,0,65.0,118_CC_1,27.75086358,355.0,0.0174929577464788,0.5381944444444444,0.6180555555555556,30.766349078547147,35.33167829665415,0.1505694047223685,0.1605313772789512,0.8494305952776315,0.8394686227210487,0.2777777777777778,0.3993055555555556,5313.82176319442,5324.180218467856,800.8707359918249,0.0,-4512.951027202595,0.0,0.0,-4.0459568935300325,5.872117789475416,14.968512008998365,12.71253810479604,2.770618783746828,2.6183106044340265,2.277682579776449,-1.4065733963143685,1.8858606819371508,-0.32883493080772047,-0.38211480313197016,1.0
RTS93,external93,7,13,13,0.3,0.16,perfect,independent,0.0,0.0,0,65.0,123_STEAM_2,24.654408375,155.0,0.0290322580645161,0.71875,0.6875,24.756944444444443,23.680555555555554,0.4701628320304045,0.4752901921370959,0.5298371679695955,0.5247098078629041,0.4548611111111111,0.5486111111111112,2351.311276866334,2586.896501282896,112.99211427822776,0.0,-2238.3191625881063,0.0,0.0,-3.5393477201429735,5.043425116919247,15.169750173331188,14.440768790891008,2.783142223459223,2.7370113355131953,3.2136648163705823,-1.0603691543594995,1.0011376842752469,-0.40787796169653473,0.3717521665467386,1.0
RTS93,external93,7,13,13,0.3,0.16,perfect,independent,0.0,0.0,0,65.0,123_STEAM_3,22.665143785,350.0,0.0171428571428571,0.8090277777777778,0.5972222222222222,47.19328703703704,34.83796296296296,0.8982354453092642,0.9217042881944444,0.1017645546907355,0.0782957118055556,0.6319444444444444,0.6458333333333334,11112.320720797788,11132.35285549494,1137.8392006419745,0.0,-9974.481520155812,0.0,0.0,-4.066173685255407,5.857933154483459,31.749487773707965,28.498518629016612,3.48888732146148,3.384340046119372,3.6816559346676487,-1.4203890542647535,1.8707169824615488,-0.45865780252210037,1.3815032321215013,1.0
RTS93,external93,7,13,13,0.3,0.16,perfect,independent,0.0,0.0,0,65.0,123_CT_1,34.156030335000004,55.0,0.1009090909090909,0.0590277777777777,0.1458333333333333,0.58495995995996,1.4451951951951951,0.0076724088256516,0.0094751263257576,0.9923275911743484,0.9905248736742424,0.03125,0.0694444444444444,41.27117092600042,41.271170926000515,0.0,0.0,-41.27117092600042,0.0,0.0,-2.2935352574741277,4.007333185232471,0.7503849259272805,0.7503849259272805,0.5598357214210122,0.5598357214210122,-0.2062702788772124,-0.20901157555255098,-0.10500744046411228,-0.16533061372735405,-0.7191847052893107,1.0
RTS93,external93,7,13,13,0.3,0.16,perfect,independent,0.0,0.0,0,65.0,123_CT_4,34.156030335000004,55.0,0.1009090909090909,0.0833333333333333,0.1284722222222222,0.8258258258258258,1.273148148148148,0.011273572222222,0.0087065414141413,0.988726427777778,0.9912934585858588,0.03125,0.0694444444444444,51.28472606865603,51.28472606865624,0.0,0.0,-51.28472606865603,0.0,0.0,-2.2935352574741277,4.007333185232471,0.932449564884655,0.932449564884655,0.6587884027609439,0.6587884027609439,-0.080272670104925,-0.20901157555255098,-0.10500744046411228,-0.16533061372735405,-0.7106901684649543,1.0
RTS93,external93,7,13,13,0.3,0.16,perfect,independent,0.0,0.0,0,65.0,123_CT_5,34.156030335000004,55.0,0.1009090909090909,0.1041666666666666,0.1215277777777777,1.0322822822822824,1.2043293293293291,0.0126892514773078,0.0080477310606061,0.9873107485226922,0.9919522689393936,0.03125,0.0694444444444444,54.09160259771852,54.09160259771874,0.0,0.0,-54.09160259771852,0.0,0.0,-2.2935352574741277,4.007333185232471,0.9834836835948821,0.9834836835948821,0.6848547348707967,0.6848547348707967,0.02772528027132095,-0.20901157555255098,-0.10500744046411228,-0.16533061372735405,-0.7073508199712822,1.0
RTS93,external93,7,13,13,0.3,0.16,perfect,independent,0.0,0.0,0,65.0,201_CT_1,105.65443725,20.0,0.225,0.0,0.0,0.0,0.0,0.0,0.0,1.0,1.0,0.0,0.0,0.0,0.0,0.0,0.0,0.0,0.0,0.0,-1.491654876777717,2.995732273553991,0.0,0.0,0.0,0.0,-0.5122644716099094,0.33897374315264334,-1.1850056360038916,1.6598050372446584,-0.7372826231352724,1.0
RTS93,external93,7,13,13,0.3,0.16,perfect,independent,0.0,0.0,0,65.0,201_CT_2,105.65443725,20.0,0.225,0.0,0.0,0.0,0.0,0.0,0.0,1.0,1.0,0.0,0.0,0.0,0.0,0.0,0.0,0.0,0.0,0.0,-1.491654876777717,2.995732273553991,0.0,0.0,0.0,0.0,-0.5122644716099094,0.33897374315264334,-1.1850056360038916,1.6598050372446584,-0.7372826231352724,1.0
RTS93,external93,7,13,13,0.3,0.16,perfect,independent,0.0,0.0,0,65.0,201_STEAM_3,24.7120146025,76.0,0.0394736842105263,0.625,0.6597222222222222,15.833333333333334,16.712962962962962,0.4324671146651105,0.4462357936312148,0.5675328853348893,0.5537642063687852,0.4409722222222222,0.5277777777777778,718.3865921803244,884.9568856769924,30.357931663319732,0.0,-688.0286605170047,0.0,0.0,-3.232121051618222,4.330733340286331,9.452455160267426,9.05300869101322,2.346836894382163,2.3078719619422787,2.7276740396774746,-0.8504180096263427,0.24025874095513047,-0.4064074508968571,0.2828343297207348,1.0
RTS93,external93,7,13,13,0.3,0.16,perfect,independent,0.0,0.0,0,65.0,202_CT_1,101.92865324999998,20.0,0.225,0.0,0.0,0.0,0.0,0.0,0.0,1.0,1.0,0.0,0.0,0.0,0.0,0.0,0.0,0.0,0.0,0.0,-1.491654876777717,2.995732273553991,0.0,0.0,0.0,0.0,-0.5122644716099094,0.33897374315264334,-1.1850056360038916,1.564697167018888,-0.7372826231352724,1.0
RTS93,external93,7,13,13,0.3,0.16,perfect,independent,0.0,0.0,0,65.0,202_CT_2,101.92865324999998,20.0,0.225,0.0,0.0,0.0,0.0,0.0,0.0,1.0,1.0,0.0,0.0,0.0,0.0,0.0,0.0,0.0,0.0,0.0,-1.491654876777717,2.995732273553991,0.0,0.0,0.0,0.0,-0.5122644716099094,0.33897374315264334,-1.1850056360038916,1.564697167018888,-0.7372826231352724,1.0
RTS93,external93,7,13,13,0.3,0.16,perfect,independent,0.0,0.0,0,65.0,202_STEAM_3,23.6803874825,76.0,0.0394736842105263,0.6840277777777778,0.6493055555555556,17.328703703703706,16.449074074074076,0.4659977620065015,0.566355355171784,0.5340022379934984,0.4336446448282159,0.4791666666666667,0.5798611111111112,617.5583322054831,825.7683777504817,37.320025065645495,0.0,-580.2383071398376,0.0,0.0,-3.232121051618222,4.330733340286331,8.125767529019514,7.634714567629442,2.211102008700536,2.1557906557690893,3.033668232410172,-0.8504180096263427,0.24025874095513047,-0.43274173604337784,0.3619274691370731,1.0
RTS93,external93,7,13,13,0.3,0.16,perfect,independent,0.0,0.0,0,65.0,202_STEAM_4,23.6803874825,76.0,0.0394736842105263,0.6493055555555556,0.6527777777777778,16.449074074074076,16.537037037037038,0.4873473447174988,0.5911148404148382,0.5126526552825011,0.4088851595851617,0.4791666666666667,0.5798611111111112,642.4789141500587,852.6217735693558,46.40154261185808,0.0,-596.0773715382006,0.0,0.0,-3.232121051618222,4.330733340286331,8.453669923027087,7.8431233097131665,2.246403017759748,2.1796401298267134,2.8536716484497617,-0.8504180096263427,0.24025874095513047,-0.43274173604337784,0.41228753241438126,1.0
RTS93,external93,7,13,13,0.3,0.16,perfect,independent,0.0,0.0,0,65.0,207_CT_1,41.098605255,55.0,0.1009090909090909,0.0138888888888888,0.0069444444444444,0.1376376376376376,0.0688188188188188,0.0014015151515151,0.0007007575757575,0.9985984848484848,0.9992992424242424,0.0069444444444444,0.0034722222222222,7.2675978622185085,7.267597862218747,0.0,0.0,-7.2675978622185085,0.0,0.0,-2.2935352574741277,4.007333185232471,0.13213814294942744,0.13213814294942744,0.12410800674302003,0.12410800674302003,-0.44026583802574576,-0.20901157555255098,-0.10500744046411228,0.01189209014491675,-0.7339766853719993,1.0
RTS93,external93,7,13,13,0.3,0.16,perfect,independent,0.0,0.0,0,65.0,207_CT_2,41.098605255,55.0,0.1009090909090909,0.0138888888888888,0.0034722222222222,0.1376376376376376,0.0344094094094094,0.0014015151515151,0.0003760510732323,0.9985984848484848,0.9996239489267676,0.0069444444444444,0.0034722222222222,7.2675978622185085,7.267597862218747,0.0,0.0,-7.2675978622185085,0.0,0.0,-2.2935352574741277,4.007333185232471,0.13213814294942744,0.13213814294942744,0.12410800674302003,0.12410800674302003,-0.44026583802574576,-0.20901157555255098,-0.10500744046411228,0.01189209014491675,-0.7339766853719993,1.0
RTS93,external93,7,13,13,0.3,0.16,perfect,independent,0.0,0.0,0,65.0,213_CC_3,29.04336423,355.0,0.0174929577464788,0.4270833333333333,0.4826388888888889,24.414586688137415,27.59046788334228,0.0514378726818439,0.0170380718896711,0.9485621273181564,0.9829619281103288,0.21875,0.3194444444444444,1212.4903043921645,1212.490304392165,2.511494826925315,0.0,-1209.978809565239,0.0,0.0,-4.0459568935300325,5.872117789475416,3.4154656461751114,3.4083910128598283,1.485113297616782,1.4835097731932636,1.7016935111031362,-1.4065733963143685,1.8858606819371508,-0.2958413423208615,-0.6159493606460977,1.0
RTS93,external93,7,13,13,0.3,0.16,perfect,independent,0.0,0.0,0,65.0,213_CT_1,34.424248515,55.0,0.1009090909090909,0.0416666666666666,0.0277777777777777,0.4129129129129129,0.2752752752752753,0.0054178341540406,0.0034660529040404,0.9945821658459594,0.9965339470959595,0.0138888888888888,0.0208333333333333,31.628152393812343,31.6281523938125,0.0,0.0,-31.628152393812343,0.0,0.0,-2.2935352574741277,4.007333185232471,0.5750573162511335,0.5750573162511335,0.45429166288601114,0.45429166288601114,-0.2962685708574174,-0.20901157555255098,-0.10500744046411228,-0.15848382393609617,-0.7245028665228443,1.0
RTS93,external93,7,13,13,0.3,0.16,perfect,independent,0.0,0.0,0,65.0,213_CT_2,34.424248515,55.0,0.1009090909090909,0.0555555555555555,0.0416666666666666,0.5505505505505506,0.4129129129129129,0.0059859229543341,0.0039052301136361,0.9940140770456658,0.9960947698863638,0.0138888888888888,0.0208333333333333,31.83721879572477,31.837218795724965,0.0,0.0,-31.83721879572477,0.0,0.0,-2.2935352574741277,4.007333185232471,0.5788585235586322,0.5788585235586322,0.45670213249972214,0.45670213249972214,-0.2242699372732533,-0.20901157555255098,-0.10500744046411228,-0.15848382393609617,-0.7231628408971832,1.0
RTS93,external93,7,13,13,0.3,0.16,perfect,independent,0.0,0.0,0,65.0,215_CT_4,35.281380525,55.0,0.1009090909090909,0.0104166666666666,0.0243055555555555,0.1032282282282282,0.2408658658658658,0.0017857423611108,0.0024793768308082,0.9982142576388892,0.997520623169192,0.0069444444444444,0.0173611111111111,23.477418493092273,23.4774184930924,0.0,0.0,-23.477418493092273,0.0,0.0,-2.2935352574741277,4.007333185232471,0.42686215441985953,0.42686215441985953,0.3554777356647174,0.3554777356647174,-0.4582654964217866,-0.20901157555255098,-0.10500744046411228,-0.13660386525533708,-0.7330703582156314,1.0
RTS93,external93,7,13,13,0.3,0.16,perfect,independent,0.0,0.0,0,65.0,215_CT_5,35.281380525,55.0,0.1009090909090909,0.0277777777777777,0.0277777777777777,0.2752752752752753,0.2752752752752753,0.0035037878787878,0.0028030303030303,0.9964962121212122,0.9971969696969696,0.0069444444444444,0.0173611111111111,26.163170533624907,26.163170533624992,0.0,0.0,-26.163170533624907,0.0,0.0,-2.2935352574741277,4.007333185232471,0.47569400970227105,0.47569400970227105,0.38912839418667233,0.38912839418667233,-0.3682672044415816,-0.20901157555255098,-0.10500744046411228,-0.13660386525533708,-0.7290177787270897,1.0
RTS93,external93,7,13,13,0.3,0.16,perfect,independent,0.0,0.0,0,65.0,216_STEAM_1,21.7693405225,155.0,0.0290322580645161,0.6979166666666666,0.5034722222222222,24.03935185185185,17.34182098765432,0.9499036936831072,0.9777257336917564,0.0500963063168927,0.0222742663082437,0.7326388888888888,0.7118055555555556,5084.243318457133,5184.794098767478,201.97816804338257,0.0,-4882.26515041375,0.0,0.0,-3.5393477201429735,5.043425116919247,32.80156979649763,31.498484841379035,3.5205072450938606,3.481193467983673,3.1056668659943356,-1.0603691543594995,1.0011376842752469,-0.4815249200033262,1.5033799119965645,1.0
RTS93,external93,7,13,13,0.3,0.16,perfect,independent,0.0,0.0,0,65.0,218_CC_1,29.15998083,355.0,0.0174929577464788,0.2986111111111111,0.4236111111111111,17.07036142422616,24.21609411343711,0.0155446796068074,0.0102569945520343,0.9844553203931924,0.9897430054479656,0.1493055555555555,0.2708333333333333,725.7054822082991,725.705482208299,4.953423380885425,0.0,-720.7520588274137,0.0,0.0,-4.0459568935300325,5.872117789475416,2.0442407949529553,2.0302874896546865,1.113251541651687,1.1086574960945073,1.0357061504496186,-1.4065733963143685,1.8858606819371508,-0.2928644771942277,-0.7006153468132363,1.0
RTS93,external93,7,13,13,0.3,0.16,perfect,independent,0.0,0.0,0,65.0,221_CC_1,28.087108110000003,355.0,0.0174929577464788,0.4861111111111111,0.5798611111111112,27.788960458042585,33.148259974950804,0.0957536947531336,0.0960981157081381,0.9042463052468664,0.9039018842918618,0.2430555555555555,0.3680555555555556,3183.6502877876273,3183.6502877876287,281.41962304316957,0.0,-2902.230664744458,0.0,0.0,-4.0459568935300325,5.872117789475416,8.968028979683456,8.175297647167488,2.299382869312486,2.216514834522606,2.007687703835834,-1.4065733963143685,1.8858606819371508,-0.3202516363592594,-0.5114158138360004,1.0
RTS93,external93,7,13,13,0.3,0.16,perfect,independent,0.0,0.0,0,65.0,223_STEAM_1,20.523671915,155.0,0.0290322580645161,0.6388888888888888,0.3402777777777778,22.00617283950617,11.72067901234568,0.9759407737768944,0.9911319771953404,0.0240592262231055,0.0088680228046594,0.8055555555555556,0.7777777777777778,3608.395905885976,3684.634977379703,44.09688935167287,0.0,-3564.2990165343035,0.0,0.0,-3.5393477201429735,5.043425116919247,23.279973586361134,22.995477526027763,3.189651878314311,3.177865376176064,2.7996726732616386,-1.0603691543594995,1.0011376842752469,-0.5133230296807593,1.5647969906734251,1.0
RTS93,external93,7,13,13,0.3,0.16,perfect,independent,0.0,0.0,0,65.0,223_STEAM_2,20.523671915,155.0,0.0290322580645161,0.625,0.3715277777777778,21.52777777777778,12.797067901234568,0.9780995027464034,0.9899898443324372,0.0219004972535966,0.0100101556675627,0.8055555555555556,0.7777777777777778,3619.438686069409,3715.6295781324334,43.39553083949613,0.0,-3576.0431552299124,0.0,0.0,-3.5393477201429735,5.043425116919247,23.351217329480058,23.07124616277363,3.192581841276118,3.181018022900768,2.7276740396774746,-1.0603691543594995,1.0011376842752469,-0.5133230296807593,1.5698890680678483,1.0
RTS93,external93,7,13,13,0.3,0.16,perfect,independent,0.0,0.0,0,65.0,223_STEAM_3,22.571599727499997,350.0,0.0171428571428571,0.7465277777777778,0.5763888888888888,43.5474537037037,33.62268518518518,0.9474983570375934,0.9625686579563492,0.0525016429624066,0.0374313420436508,0.6770833333333334,0.6805555555555556,12317.193730118455,12324.368079825936,1269.6637643769427,0.0,-11047.529965741514,0.0,0.0,-4.066173685255407,5.857933154483459,35.19198208605273,31.564371330690037,3.5888376049637802,3.483218786751066,3.3576620835389104,-1.4203890542647535,1.8707169824615488,-0.4610456962059807,1.4977061287048237,1.0
RTS93,external93,7,13,13,0.3,0.16,perfect,independent,0.0,0.0,0,65.0,223_CT_4,48.87207345,55.0,0.1009090909090909,0.0138888888888888,0.0,0.1376376376376376,0.0,0.0014015151515151,0.0,0.9985984848484848,1.0,0.0069444444444444,0.0,0.0,0.0,0.0,0.0,0.0,0.0,0.0,-2.2935352574741277,4.007333185232471,0.0,0.0,0.0,0.0,-0.44026583802574576,-0.20901157555255098,-0.10500744046411228,0.21032495804445406,-0.7339766853719993,1.0
RTS93,external93,7,13,13,0.3,0.16,perfect,independent,0.0,0.0,0,65.0,223_CT_5,48.87207345,55.0,0.1009090909090909,0.0138888888888888,0.0,0.1376376376376376,0.0,0.0014015151515151,0.0,0.9985984848484848,1.0,0.0069444444444444,0.0,0.0,0.0,0.0,0.0,0.0,0.0,0.0,-2.2935352574741277,4.007333185232471,0.0,0.0,0.0,0.0,-0.44026583802574576,-0.20901157555255098,-0.10500744046411228,0.21032495804445406,-0.7339766853719993,1.0
RTS93,external93,7,13,13,0.3,0.16,perfect,independent,0.0,0.0,0,65.0,223_CT_6,48.87207345,55.0,0.1009090909090909,0.0138888888888888,0.0,0.1376376376376376,0.0,0.0014015151515151,0.0,0.9985984848484848,1.0,0.0069444444444444,0.0,0.0,0.0,0.0,0.0,0.0,0.0,0.0,-2.2935352574741277,4.007333185232471,0.0,0.0,0.0,0.0,-0.44026583802574576,-0.20901157555255098,-0.10500744046411228,0.21032495804445406,-0.7339766853719993,1.0
RTS93,external93,7,13,13,0.3,0.16,perfect,independent,0.0,0.0,0,65.0,301_CT_1,110.83689929999998,20.0,0.225,0.0,0.0,0.0,0.0,0.0,0.0,1.0,1.0,0.0,0.0,0.0,0.0,0.0,0.0,0.0,0.0,0.0,-1.491654876777717,2.995732273553991,0.0,0.0,0.0,0.0,-0.5122644716099094,0.33897374315264334,-1.1850056360038916,1.7920974428434195,-0.7372826231352724,1.0
RTS93,external93,7,13,13,0.3,0.16,perfect,independent,0.0,0.0,0,65.0,301_CT_2,110.83689929999998,20.0,0.225,0.0,0.0,0.0,0.0,0.0,0.0,1.0,1.0,0.0,0.0,0.0,0.0,0.0,0.0,0.0,0.0,0.0,-1.491654876777717,2.995732273553991,0.0,0.0,0.0,0.0,-0.5122644716099094,0.33897374315264334,-1.1850056360038916,1.7920974428434195,-0.7372826231352724,1.0
RTS93,external93,7,13,13,0.3,0.16,perfect,independent,0.0,0.0,0,65.0,301_CT_3,38.095727805,55.0,0.1009090909090909,0.0138888888888888,0.0138888888888888,0.1376376376376376,0.1376376376376376,0.0014015151515151,0.0017057995580806,0.9985984848484848,0.9982942004419194,0.0069444444444444,0.0069444444444444,14.211751965343636,14.211751965343758,0.0,0.0,-14.211751965343636,0.0,0.0,-2.2935352574741277,4.007333185232471,0.2583954902789752,0.2583954902789752,0.22983748906111603,0.22983748906111603,-0.44026583802574576,-0.20901157555255098,-0.10500744046411228,-0.06476218686590589,-0.7339766853719993,1.0
RTS93,external93,7,13,13,0.3,0.16,perfect,independent,0.0,0.0,0,65.0,301_CT_4,38.095727805,55.0,0.1009090909090909,0.0138888888888888,0.0138888888888888,0.1376376376376376,0.1376376376376376,0.0014015151515151,0.0014015151515151,0.9985984848484848,0.9985984848484848,0.0069444444444444,0.0069444444444444,14.211751965343636,14.211751965343758,0.0,0.0,-14.211751965343636,0.0,0.0,-2.2935352574741277,4.007333185232471,0.2583954902789752,0.2583954902789752,0.22983748906111603,0.22983748906111603,-0.44026583802574576,-0.20901157555255098,-0.10500744046411228,-0.06476218686590589,-0.7339766853719993,1.0
RTS93,external93,7,13,13,0.3,0.16,perfect,independent,0.0,0.0,0,65.0,302_CT_1,110.83689929999998,20.0,0.225,0.0,0.0,0.0,0.0,0.0,0.0,1.0,1.0,0.0,0.0,0.0,0.0,0.0,0.0,0.0,0.0,0.0,-1.491654876777717,2.995732273553991,0.0,0.0,0.0,0.0,-0.5122644716099094,0.33897374315264334,-1.1850056360038916,1.7920974428434195,-0.7372826231352724,1.0
RTS93,external93,7,13,13,0.3,0.16,perfect,independent,0.0,0.0,0,65.0,302_CT_2,110.83689929999998,20.0,0.225,0.0,0.0,0.0,0.0,0.0,0.0,1.0,1.0,0.0,0.0,0.0,0.0,0.0,0.0,0.0,0.0,0.0,-1.491654876777717,2.995732273553991,0.0,0.0,0.0,0.0,-0.5122644716099094,0.33897374315264334,-1.1850056360038916,1.7920974428434195,-0.7372826231352724,1.0
RTS93,external93,7,13,13,0.3,0.16,perfect,independent,0.0,0.0,0,65.0,302_CT_3,42.663211305,55.0,0.1009090909090909,0.0138888888888888,0.0069444444444444,0.1376376376376376,0.0688188188188188,0.0014015151515151,0.0003503787878787,0.9985984848484848,0.9996496212121212,0.0069444444444444,0.0034722222222222,3.6494463715935126,3.649446371593743,0.0,0.0,-3.6494463715935126,0.0,0.0,-2.2935352574741277,4.007333185232471,0.06635357039260932,0.06635357039260932,0.06424495029293853,0.06424495029293853,-0.44026583802574576,-0.20901157555255098,-0.10500744046411228,0.05183169726058796,-0.7339766853719993,1.0
RTS93,external93,7,13,13,0.3,0.16,perfect,independent,0.0,0.0,0,65.0,302_CT_4,42.663211305,55.0,0.1009090909090909,0.0138888888888888,0.0069444444444444,0.1376376376376376,0.0688188188188188,0.0014015151515151,0.0003503787878787,0.9985984848484848,0.9996496212121212,0.0069444444444444,0.0034722222222222,3.6494463715935126,3.649446371593743,0.0,0.0,-3.6494463715935126,0.0,0.0,-2.2935352574741277,4.007333185232471,0.06635357039260932,0.06635357039260932,0.06424495029293853,0.06424495029293853,-0.44026583802574576,-0.20901157555255098,-0.10500744046411228,0.05183169726058796,-0.7339766853719993,1.0
RTS93,external93,7,13,13,0.3,0.16,perfect,independent,0.0,0.0,0,65.0,307_CT_1,36.12393546,55.0,0.1009090909090909,0.0138888888888888,0.0277777777777777,0.1376376376376376,0.2752752752752753,0.0014015151515151,0.0024526515151515,0.9985984848484848,0.9975473484848484,0.0069444444444444,0.0138888888888888,18.771521763156215,18.77152176315625,0.0,0.0,-18.771521763156215,0.0,0.0,-2.2935352574741277,4.007333185232471,0.34130039569374937,0.34130039569374937,0.2936395879335054,0.2936395879335054,-0.44026583802574576,-0.20901157555255098,-0.10500744046411228,-0.11509601471540733,-0.7339766853719993,1.0
RTS93,external93,7,13,13,0.3,0.16,perfect,independent,0.0,0.0,0,65.0,307_CT_2,36.12393546,55.0,0.1009090909090909,0.0138888888888888,0.0243055555555555,0.1376376376376376,0.2408658658658658,0.0014015151515151,0.0021592110479797,0.9985984848484848,0.9978407889520204,0.0069444444444444,0.0138888888888888,18.771521763156215,18.77152176315625,0.0,0.0,-18.771521763156215,0.0,0.0,-2.2935352574741277,4.007333185232471,0.34130039569374937,0.34130039569374937,0.2936395879335054,0.2936395879335054,-0.44026583802574576,-0.20901157555255098,-0.10500744046411228,-0.11509601471540733,-0.7339766853719993,1.0
RTS93,external93,7,13,13,0.3,0.16,perfect,independent,0.0,0.0,0,65.0,313_CC_1,26.770312335000003,355.0,0.0174929577464788,0.7083333333333334,0.7152777777777778,40.49248523886206,40.889470388262666,0.3492939344718364,0.3009022519366202,0.6507060655281636,0.6990977480633798,0.4131944444444444,0.4756944444444444,10227.402036589814,10284.952929562634,2066.2658051476387,0.0,-8161.136231442175,0.0,0.0,-4.0459568935300325,5.872117789475416,28.809583201661447,22.989116144907534,3.3948299257626946,3.177600233526274,3.159665841182459,-1.4065733963143685,1.8858606819371508,-0.3538654050808337,0.08664283154448874,1.0
RTS93,external93,7,13,13,0.3,0.16,perfect,independent,0.0,0.0,0,65.0,315_STEAM_1,112.26770385,12.0,0.125,0.0,0.0,0.0,0.0,0.0,0.0,1.0,1.0,0.0,0.0,0.0,0.0,0.0,0.0,0.0,0.0,0.0,-2.0794415416798357,2.4849066497880004,0.0,0.0,0.0,0.0,-0.5122644716099094,-0.06270519880789859,-1.7303696679395384,1.8286215068954002,-0.7372826231352724,1.0
RTS93,external93,7,13,13,0.3,0.16,perfect,independent,0.0,0.0,0,65.0,315_STEAM_2,112.26770385,12.0,0.125,0.0,0.0,0.0,0.0,0.0,0.0,1.0,1.0,0.0,0.0,0.0,0.0,0.0,0.0,0.0,0.0,0.0,-2.0794415416798357,2.4849066497880004,0.0,0.0,0.0,0.0,-0.5122644716099094,-0.06270519880789859,-1.7303696679395384,1.8286215068954002,-0.7372826231352724,1.0
RTS93,external93,7,13,13,0.3,0.16,perfect,independent,0.0,0.0,0,65.0,315_STEAM_3,112.26770385,12.0,0.125,0.0,0.0,0.0,0.0,0.0,0.0,1.0,1.0,0.0,0.0,0.0,0.0,0.0,0.0,0.0,0.0,0.0,-2.0794415416798357,2.4849066497880004,0.0,0.0,0.0,0.0,-0.5122644716099094,-0.06270519880789859,-1.7303696679395384,1.8286215068954002,-0.7372826231352724,1.0
RTS93,external93,7,13,13,0.3,0.16,perfect,independent,0.0,0.0,0,65.0,315_STEAM_4,112.26770385,12.0,0.125,0.0,0.0,0.0,0.0,0.0,0.0,1.0,1.0,0.0,0.0,0.0,0.0,0.0,0.0,0.0,0.0,0.0,-2.0794415416798357,2.4849066497880004,0.0,0.0,0.0,0.0,-0.5122644716099094,-0.06270519880789859,-1.7303696679395384,1.8286215068954002,-0.7372826231352724,1.0
RTS93,external93,7,13,13,0.3,0.16,perfect,independent,0.0,0.0,0,65.0,315_STEAM_5,112.26770385,12.0,0.125,0.0,0.0,0.0,0.0,0.0,0.0,1.0,1.0,0.0,0.0,0.0,0.0,0.0,0.0,0.0,0.0,0.0,-2.0794415416798357,2.4849066497880004,0.0,0.0,0.0,0.0,-0.5122644716099094,-0.06270519880789859,-1.7303696679395384,1.8286215068954002,-0.7372826231352724,1.0
RTS93,external93,7,13,13,0.3,0.16,perfect,independent,0.0,0.0,0,65.0,315_CT_6,31.33876764,55.0,0.1009090909090909,0.1180555555555555,0.2152777777777778,1.16991991991992,2.1333833833833835,0.0129640151515151,0.0186511416035354,0.9870359848484848,0.9813488583964646,0.0590277777777777,0.1041666666666666,78.98569496531218,86.725469834125,0.8553220231875116,0.0,-78.13037294212467,0.0,0.0,-2.2935352574741277,4.007333185232471,1.4361035448238577,1.4205522353113575,0.89039985502962,0.8839957105454066,0.09972391385548507,-0.20901157555255098,-0.10500744046411228,-0.23724671374495118,-0.706702698824996,1.0
RTS93,external93,7,13,13,0.3,0.16,perfect,independent,0.0,0.0,0,65.0,315_CT_7,31.33876764,55.0,0.1009090909090909,0.1180555555555555,0.1909722222222222,1.16991991991992,1.8925175175175175,0.0134701773611463,0.0171988613636365,0.9865298226388536,0.9828011386363636,0.0590277777777777,0.1041666666666666,78.98569496531218,86.725469834125,0.8553220231875116,0.0,-78.13037294212467,0.0,0.0,-2.2935352574741277,4.007333185232471,1.4361035448238577,1.4205522353113575,0.89039985502962,0.8839957105454066,0.09972391385548507,-0.20901157555255098,-0.10500744046411228,-0.23724671374495118,-0.7055087475777672,1.0
RTS93,external93,7,13,13,0.3,0.16,perfect,independent,0.0,0.0,0,65.0,315_CT_8,31.33876764,55.0,0.1009090909090909,0.1354166666666666,0.25,1.341966966966967,2.4774774774774775,0.0147021525503645,0.0199384156565655,0.9852978474496354,0.9800615843434344,0.0590277777777777,0.1041666666666666,79.59391106680323,87.33368593561593,0.8553220231875116,0.0,-78.73858904361572,0.0,0.0,-2.2935352574741277,4.007333185232471,1.4471620193964223,1.4316107098839221,0.8949289937097745,0.8885538813423138,0.18972220583569013,-0.20901157555255098,-0.10500744046411228,-0.23724671374495118,-0.7026027259788934,1.0
RTS93,external93,7,13,13,0.3,0.16,perfect,independent,0.0,0.0,0,65.0,316_STEAM_1,23.6803874825,155.0,0.0290322580645161,0.7222222222222222,0.6909722222222222,24.87654320987654,23.80015432098765,0.5606361504000744,0.5889502603494622,0.4393638495999254,0.4110497396505377,0.4791666666666667,0.5798611111111112,2651.0874420733726,2949.323585203793,145.71395385132655,0.0,-2505.373488222046,0.0,0.0,-3.5393477201429735,5.043425116919247,17.103789948860467,16.1636999240132,2.8961213057926756,2.8427966841060948,3.231664474766623,-1.0603691543594995,1.0011376842752469,-0.43274173604337784,0.5851634589209768,1.0
RTS93,external93,7,13,13,0.3,0.16,perfect,independent,0.0,0.0,0,65.0,318_CC_1,29.14054473,355.0,0.0174929577464788,0.3645833333333333,0.4722222222222222,20.84172034353194,26.994990159241368,0.0334069950882842,0.0121255181240219,0.9665930049117158,0.9878744818759784,0.1770833333333333,0.3020833333333333,835.3880835640321,835.3880835640321,3.2776318627310843,0.0,-832.1104517013009,0.0,0.0,-4.0459568935300325,5.872117789475416,2.3532058691944564,2.3439731033839464,1.209916864106425,1.2071596519436807,1.3776996599743978,-1.4065733963143685,1.8858606819371508,-0.29336062138200003,-0.658481158520036,1.0
RTS93,external93,7,13,13,0.3,0.16,perfect,independent,0.0,0.0,0,65.0,321_CC_1,27.670203765000004,355.0,0.0174929577464788,0.5902777777777778,0.6597222222222222,33.743737699051714,37.71358919305779,0.2712694178086007,0.2088459540199526,0.7287305821913992,0.7911540459800475,0.3263888888888889,0.4131944444444444,10021.801717209786,10036.987488346693,1299.3982668296544,0.0,-8722.403450380132,0.0,0.0,-4.0459568935300325,5.872117789475416,28.230427372421932,24.570150564451076,3.3752102000365194,3.2414256776100094,2.5476774557170643,-1.4065733963143685,1.8858606819371508,-0.3308939291869755,-0.09740383810390298,1.0
RTS93,external93,7,13,13,0.3,0.16,perfect,independent,0.0,0.0,0,65.0,322_CT_5,31.1560683,55.0,0.1009090909090909,0.1458333333333333,0.2638888888888889,1.4451951951951951,2.615115115115115,0.0199634252530511,0.0219496429292924,0.9800365747469488,0.9780503570707074,0.0763888888888889,0.1527777777777778,91.23392768987787,102.24706573369032,1.612304808123696,0.0,-89.62162288175418,0.0,0.0,-2.2935352574741277,4.007333185232471,1.6587986852705068,1.6294840523955305,0.9778743987028848,0.966787649147916,0.2437211810238133,-0.20901157555255098,-0.10500744046411228,-0.24191046911001093,-0.6901922714134282,1.0
RTS93,external93,7,13,13,0.3,0.16,perfect,independent,0.0,0.0,0,65.0,322_CT_6,31.1560683,55.0,0.1009090909090909,0.1840277777777778,0.2881944444444444,1.823698698698699,2.8559809809809806,0.0266209774746772,0.0252448210858578,0.9733790225253228,0.9747551789141422,0.0763888888888889,0.1527777777777778,98.4011359692238,109.41427401303618,0.9199063887256926,0.0,-97.4812295804981,0.0,0.0,-2.2935352574741277,4.007333185232471,1.7891115630767964,1.7723859923726928,1.025723108948519,1.0197083185214046,0.4417174233802648,-0.20901157555255098,-0.10500744046411228,-0.24191046911001093,-0.6744882290585221,1.0
RTS93,external93,7,13,13,0.3,0.16,perfect,independent,0.0,0.0,0,65.0,323_CC_1,29.281456455,355.0,0.0174929577464788,0.2083333333333333,0.3888888888888889,11.909554482018253,22.23116836643407,0.0054789353463095,0.0079036283059465,0.9945210646536904,0.9920963716940534,0.1041666666666666,0.2152777777777778,626.6102087592635,626.6102087592637,4.388038941350629,0.0,-622.2221698179129,0.0,0.0,-4.0459568935300325,5.872117789475416,1.765099179603559,1.7527385065293322,1.017076503988704,1.0125962367342365,0.5677150321525517,-1.4065733963143685,1.8858606819371508,-0.2897635760206507,-0.7243587391199516,1.0
RTS93,external93,7,13,13,0.3,0.16,perfect,independent,0.0,0.0,0,65.0,323_CC_2,29.281456455,355.0,0.0174929577464788,0.2361111111111111,0.3715277777777778,13.497495079620684,21.23870549293255,0.0088607080848926,0.0081505881748826,0.9911392919151074,0.9918494118251174,0.1041666666666666,0.2152777777777778,630.7664828144079,630.7664828144082,3.5711574303375073,0.0,-627.1953253840704,0.0,0.0,-4.0459568935300325,5.872117789475416,1.7768069938434026,1.7667473954480857,1.0213017042324644,1.0176724047863628,0.7117122993208801,-1.4065733963143685,1.8858606819371508,-0.2897635760206507,-0.7163817078397667,1.0
RTS93,external93,7,13,13,0.3,0.16,perfect,independent,0.0,0.0,0,65.0,121_NUCLEAR_1,2.025875,400.0,0.075,0.3229166666666667,0.0138888888888888,4.305555555555556,0.1851851851851851,0.9733543276007618,0.9989168664496528,0.026645672399238,0.0010831335503472,0.8680555555555556,0.9305555555555556,762.0900343584653,4863.207395627396,0.0,0.0,-762.0900343584653,0.0,0.0,-2.5902671654458267,5.991464547107982,1.9052250858961635,1.9052250858961635,1.066510869538482,1.066510869538482,1.1617037592219057,-0.41179085918916297,2.0132768214430246,-0.9855152094889464,1.558696000557759,1.0
RTS93,external93,7,13,13,0.3,0.16,perfect,independent,0.0,0.0,0,65.0,122_HYDRO_1,0.0,50.0,1.5,0.0,0.0,0.0,0.0,0.9661419953750384,0.9952428645833334,0.0338580046249615,0.0047571354166667,0.9201388888888888,0.9895833333333334,0.0,57.637428693389666,0.0,0.0,0.0,0.0,0.0,0.4054651081081644,3.912023005428146,0.0,0.0,0.0,0.0,-0.5122644716099094,1.6354188546252855,-0.2067618191097883,-1.0372296021090317,1.541683325781811,1.0
RTS93,external93,7,13,13,0.3,0.16,perfect,independent,0.0,0.0,0,65.0,122_HYDRO_2,0.0,50.0,1.5,0.0,0.0,0.0,0.0,0.9861418513472606,0.9990027155555556,0.0138581486527392,0.0009972844444442,0.9201388888888888,0.9895833333333334,0.0,587.2364271560946,0.0,0.0,0.0,0.0,0.0,0.4054651081081644,3.912023005428146,0.0,0.0,0.0,0.0,-0.5122644716099094,1.6354188546252855,-0.2067618191097883,-1.0372296021090317,1.5888596114231859,1.0
RTS93,external93,7,13,13,0.3,0.16,perfect,independent,0.0,0.0,0,65.0,122_HYDRO_3,0.0,50.0,1.5,0.0,0.0,0.0,0.0,0.9994783190277778,1.0,0.0005216809722221,0.0,0.9201388888888888,0.9895833333333334,0.0,0.0,0.0,0.0,0.0,0.0,0.0,0.4054651081081644,3.912023005428146,0.0,0.0,0.0,0.0,-0.5122644716099094,1.6354188546252855,-0.2067618191097883,-1.0372296021090317,1.6203180884050645,1.0
RTS93,external93,7,13,13,0.3,0.16,perfect,independent,0.0,0.0,0,65.0,122_HYDRO_4,0.0,50.0,1.5,0.0,0.0,0.0,0.0,0.986645914333372,1.0,0.013354085666628,0.0,0.9201388888888888,0.9895833333333334,0.0,414.8035579987809,0.0,0.0,0.0,0.0,0.0,0.4054651081081644,3.912023005428146,0.0,0.0,0.0,0.0,-0.5122644716099094,1.6354188546252855,-0.2067618191097883,-1.0372296021090317,1.5900486109563354,1.0
RTS93,external93,7,13,13,0.3,0.16,perfect,independent,0.0,0.0,0,65.0,122_HYDRO_5,0.0,50.0,1.5,0.0,0.0,0.0,0.0,0.9965277777777778,1.0,0.0034722222222222,0.0,0.9201388888888888,0.9895833333333334,0.0,121.01401762497336,0.0,0.0,0.0,0.0,0.0,0.4054651081081644,3.912023005428146,0.0,0.0,0.0,0.0,-0.5122644716099094,1.6354188546252855,-0.2067618191097883,-1.0372296021090317,1.6133582594442961,1.0
RTS93,external93,7,13,13,0.3,0.16,perfect,independent,0.0,0.0,0,65.0,122_HYDRO_6,0.0,50.0,1.5,0.0,0.0,0.0,0.0,0.9967255592222992,1.0,0.0032744407777008,0.0,0.9201388888888888,0.9895833333333334,0.0,130.05181995631938,0.0,0.0,0.0,0.0,0.0,0.4054651081081644,3.912023005428146,0.0,0.0,0.0,0.0,-0.5122644716099094,1.6354188546252855,-0.2067618191097883,-1.0372296021090317,1.6138247925000477,1.0
RTS93,external93,7,13,13,0.3,0.16,perfect,independent,0.0,0.0,0,65.0,201_HYDRO_4,0.0,50.0,1.5,0.0,0.0,0.0,0.0,0.9993553877083332,1.0,0.0006446122916666,0.0,0.9201388888888888,0.9895833333333334,0.0,26.628352468964295,0.0,0.0,0.0,0.0,0.0,0.4054651081081644,3.912023005428146,0.0,0.0,0.0,0.0,-0.5122644716099094,1.6354188546252855,-0.2067618191097883,-1.0372296021090317,1.6200281141648276,1.0
RTS93,external93,7,13,13,0.3,0.16,perfect,independent,0.0,0.0,0,65.0,215_HYDRO_1,0.0,50.0,1.5,0.0,0.0,0.0,0.0,0.995970269777855,1.0,0.0040297302221449,0.0,0.9201388888888888,0.9895833333333334,0.0,289.3019770359424,0.0,0.0,0.0,0.0,0.0,0.4054651081081644,3.912023005428146,0.0,0.0,0.0,0.0,-0.5122644716099094,1.6354188546252855,-0.2067618191097883,-1.0372296021090317,1.6120431921413998,1.0
RTS93,external93,7,13,13,0.3,0.16,perfect,independent,0.0,0.0,0,65.0,215_HYDRO_2,0.0,50.0,1.5,0.0,0.0,0.0,0.0,1.0,1.0,0.0,0.0,0.9201388888888888,0.9895833333333334,0.0,0.0,0.0,0.0,0.0,0.0,0.0,0.4054651081081644,3.912023005428146,0.0,0.0,0.0,0.0,-0.5122644716099094,1.6354188546252855,-0.2067618191097883,-1.0372296021090317,1.621548645794748,1.0
RTS93,external93,7,13,13,0.3,0.16,perfect,independent,0.0,0.0,0,65.0,215_HYDRO_3,0.0,50.0,1.5,0.0,0.0,0.0,0.0,0.9700557782918986,1.0,0.0299442217081014,0.0,0.9201388888888888,0.9895833333333334,0.0,1390.9031632906008,0.0,0.0,0.0,0.0,0.0,0.4054651081081644,3.912023005428146,0.0,0.0,0.0,0.0,-0.5122644716099094,1.6354188546252855,-0.2067618191097883,-1.0372296021090317,1.5509152793059051,1.0
RTS93,external93,7,13,13,0.3,0.16,perfect,independent,0.0,0.0,0,65.0,222_HYDRO_1,0.0,50.0,1.5,0.0,0.0,0.0,0.0,0.996336758708372,1.0,0.0036632412916279,0.0,0.9201388888888888,0.9895833333333334,0.0,86.15526391930689,0.0,0.0,0.0,0.0,0.0,0.4054651081081644,3.912023005428146,0.0,0.0,0.0,0.0,-0.5122644716099094,1.6354188546252855,-0.2067618191097883,-1.0372296021090317,1.6129076776904203,1.0
RTS93,external93,7,13,13,0.3,0.16,perfect,independent,0.0,0.0,0,65.0,222_HYDRO_2,0.0,50.0,1.5,0.0,0.0,0.0,0.0,0.9912337786389276,1.0,0.0087662213610724,0.0,0.9201388888888888,0.9895833333333334,0.0,541.6666666666424,0.0,0.0,0.0,0.0,0.0,0.4054651081081644,3.912023005428146,0.0,0.0,0.0,0.0,-0.5122644716099094,1.6354188546252855,-0.2067618191097883,-1.0372296021090317,1.6008706087378881,1.0
RTS93,external93,7,13,13,0.3,0.16,perfect,independent,0.0,0.0,0,65.0,222_HYDRO_3,0.0,50.0,1.5,0.0,0.0,0.0,0.0,0.962624688652932,1.0,0.037375311347068,0.0,0.9201388888888888,0.9895833333333334,0.0,1218.0176489001024,0.0,0.0,0.0,0.0,0.0,0.4054651081081644,3.912023005428146,0.0,0.0,0.0,0.0,-0.5122644716099094,1.6354188546252855,-0.2067618191097883,-1.0372296021090317,1.5333865927032888,1.0
RTS93,external93,7,13,13,0.3,0.16,perfect,independent,0.0,0.0,0,65.0,222_HYDRO_4,0.0,50.0,1.5,0.0,0.0,0.0,0.0,0.9883707595417052,1.0,0.0116292404582947,0.0,0.9201388888888888,0.9895833333333334,0.0,730.4358737240436,0.0,0.0,0.0,0.0,0.0,0.4054651081081644,3.912023005428146,0.0,0.0,0.0,0.0,-0.5122644716099094,1.6354188546252855,-0.2067618191097883,-1.0372296021090317,1.5941172297678157,1.0
RTS93,external93,7,13,13,0.3,0.16,perfect,independent,0.0,0.0,0,65.0,222_HYDRO_5,0.0,50.0,1.5,0.0,0.0,0.0,0.0,0.9930555555555556,1.0,0.0069444444444444,0.0,0.9201388888888888,0.9895833333333334,0.0,290.4401209999778,0.0,0.0,0.0,0.0,0.0,0.4054651081081644,3.912023005428146,0.0,0.0,0.0,0.0,-0.5122644716099094,1.6354188546252855,-0.2067618191097883,-1.0372296021090317,1.605167873093845,1.0
RTS93,external93,7,13,13,0.3,0.16,perfect,independent,0.0,0.0,0,65.0,222_HYDRO_6,0.0,50.0,1.5,0.0,0.0,0.0,0.0,0.9970553808611496,1.0,0.0029446191388503,0.0,0.9201388888888888,0.9895833333333334,0.0,120.69180075789336,0.0,0.0,0.0,0.0,0.0,0.4054651081081644,3.912023005428146,0.0,0.0,0.0,0.0,-0.5122644716099094,1.6354188546252855,-0.2067618191097883,-1.0372296021090317,1.6146027860949377,1.0
RTS93,external93,7,13,13,0.3,0.16,perfect,independent,0.0,0.0,0,65.0,322_HYDRO_1,0.0,50.0,1.5,0.0,0.0,0.0,0.0,0.999160435972222,1.0,0.0008395640277779,0.0,0.9201388888888888,0.9895833333333334,0.0,0.0,0.0,0.0,0.0,0.0,0.0,0.4054651081081644,3.912023005428146,0.0,0.0,0.0,0.0,-0.5122644716099094,1.6354188546252855,-0.2067618191097883,-1.0372296021090317,1.619568255913756,1.0
RTS93,external93,7,13,13,0.3,0.16,perfect,independent,0.0,0.0,0,65.0,322_HYDRO_2,0.0,50.0,1.5,0.0,0.0,0.0,0.0,1.0,1.0,0.0,0.0,0.9201388888888888,0.9895833333333334,0.0,0.0,0.0,0.0,0.0,0.0,0.0,0.4054651081081644,3.912023005428146,0.0,0.0,0.0,0.0,-0.5122644716099094,1.6354188546252855,-0.2067618191097883,-1.0372296021090317,1.621548645794748,1.0
RTS93,external93,7,13,13,0.3,0.16,perfect,independent,0.0,0.0,0,65.0,322_HYDRO_3,0.0,50.0,1.5,0.0,0.0,0.0,0.0,0.9897228230277392,1.0,0.0102771769722608,0.0,0.9201388888888888,0.9895833333333334,0.0,541.6666666666424,0.0,0.0,0.0,0.0,0.0,0.4054651081081644,3.912023005428146,0.0,0.0,0.0,0.0,-0.5122644716099094,1.6354188546252855,-0.2067618191097883,-1.0372296021090317,1.5973065193962512,1.0
RTS93,external93,7,13,13,0.3,0.16,perfect,independent,0.0,0.0,0,65.0,322_HYDRO_4,0.0,50.0,1.5,0.0,0.0,0.0,0.0,0.9894984210000388,1.0,0.0105015789999614,0.0,0.9201388888888888,0.9895833333333334,0.0,685.101035479147,0.0,0.0,0.0,0.0,0.0,0.4054651081081644,3.912023005428146,0.0,0.0,0.0,0.0,-0.5122644716099094,1.6354188546252855,-0.2067618191097883,-1.0372296021090317,1.5967771928765007,1.0
RTS93,external93,7,15,13,0.3,0.16,perfect,independent,0.0,0.0,0,65.0,101_CT_1,109.6984653,20.0,0.225,0.0,0.0,0.0,0.0,0.0,0.0,1.0,1.0,0.0,0.0,0.0,0.0,0.0,0.0,0.0,0.0,0.0,-1.491654876777717,2.995732273553991,0.0,0.0,0.0,0.0,-0.5122644716099094,0.33897374315264334,-1.1850056360038916,1.763036704718879,-0.7372826231352724,1.0
RTS93,external93,7,15,13,0.3,0.16,perfect,independent,0.0,0.0,0,65.0,101_CT_2,109.6984653,20.0,0.225,0.0,0.0,0.0,0.0,0.0,0.0,1.0,1.0,0.0,0.0,0.0,0.0,0.0,0.0,0.0,0.0,0.0,-1.491654876777717,2.995732273553991,0.0,0.0,0.0,0.0,-0.5122644716099094,0.33897374315264334,-1.1850056360038916,1.763036704718879,-0.7372826231352724,1.0
RTS93,external93,7,15,13,0.3,0.16,perfect,independent,0.0,0.0,0,65.0,101_STEAM_3,19.3218686,76.0,0.0394736842105263,0.3784722222222222,0.1597222222222222,9.587962962962964,4.046296296296296,0.9586155969532776,0.9932482091557016,0.0413844030467221,0.0067517908442983,0.8368055555555556,0.8854166666666666,1874.0540902048344,1964.150121917959,122.66238114251246,0.0,-1751.3917090623218,0.0,0.0,-3.232121051618222,4.330733340286331,24.658606450063612,23.044627750820027,3.244879049453336,3.1799115932548303,1.449698293558562,-0.8504180096263427,0.24025874095513047,-0.5440013926024746,1.523929821842136,1.0
RTS93,external93,7,15,13,0.3,0.16,perfect,independent,0.0,0.0,0,65.0,101_STEAM_4,19.3218686,76.0,0.0394736842105263,0.3611111111111111,0.1875,9.148148148148149,4.75,0.9636878700754352,0.9923445983644008,0.0363121299245647,0.0076554016355992,0.8368055555555556,0.8854166666666666,1931.5144343374332,2018.0389165615989,122.12386857551974,0.0,-1809.3905657619136,0.0,0.0,-3.232121051618222,4.330733340286331,25.41466360970307,23.80777060213044,3.2739192957141823,3.2111569348241806,1.359700001578357,-0.8504180096263427,0.24025874095513047,-0.5440013926024746,1.535894458287235,1.0
RTS93,external93,7,15,13,0.3,0.16,perfect,independent,0.0,0.0,0,65.0,102_CT_1,108.68163675,20.0,0.225,0.0,0.0,0.0,0.0,0.0,0.0,1.0,1.0,0.0,0.0,0.0,0.0,0.0,0.0,0.0,0.0,0.0,-1.491654876777717,2.995732273553991,0.0,0.0,0.0,0.0,-0.5122644716099094,0.33897374315264334,-1.1850056360038916,1.7370801818030965,-0.7372826231352724,1.0
RTS93,external93,7,15,13,0.3,0.16,perfect,independent,0.0,0.0,0,65.0,102_CT_2,108.68163675,20.0,0.225,0.0,0.0,0.0,0.0,0.0,0.0,1.0,1.0,0.0,0.0,0.0,0.0,0.0,0.0,0.0,0.0,0.0,-1.491654876777717,2.995732273553991,0.0,0.0,0.0,0.0,-0.5122644716099094,0.33897374315264334,-1.1850056360038916,1.7370801818030965,-0.7372826231352724,1.0
RTS93,external93,7,15,13,0.3,0.16,perfect,independent,0.0,0.0,0,65.0,102_STEAM_3,21.582252407499997,76.0,0.0394736842105263,0.5243055555555556,0.3506944444444444,13.282407407407408,8.88425925925926,0.907958392459694,0.942512926854902,0.092041607540306,0.0574870731450979,0.7465277777777778,0.7708333333333334,1988.3011240008132,2058.1684414720708,184.5953243427111,0.0,-1803.705799658102,0.0,0.0,-3.232121051618222,4.330733340286331,26.16185689474754,23.73297104813292,3.30181366908496,3.208137213748335,2.205683946192285,-0.8504180096263427,0.24025874095513047,-0.48630070737108666,1.4044380238860887,1.0
RTS93,external93,7,15,13,0.3,0.16,perfect,independent,0.0,0.0,0,65.0,102_STEAM_4,21.582252407499997,76.0,0.0394736842105263,0.4826388888888889,0.375,12.226851851851851,9.5,0.9193460418566228,0.9587342656706792,0.080653958143377,0.0412657343293206,0.7465277777777778,0.7708333333333334,2172.0643486517715,2240.49939571514,270.26926939158966,0.0,-1901.795079260182,0.0,0.0,-3.232121051618222,4.330733340286331,28.57979406120752,25.02361946394976,3.3870914951626614,3.2590045665599043,1.9896880454397927,-0.8504180096263427,0.24025874095513047,-0.48630070737108666,1.4312995673631768,1.0
RTS93,external93,7,15,13,0.3,0.16,perfect,independent,0.0,0.0,0,65.0,107_CC_1,27.15028809,355.0,0.0174929577464788,0.5486111111111112,0.53125,31.361826802648064,30.36936392914654,0.1206673946613391,0.1253794983372431,0.8793326053386608,0.8746205016627567,0.2777777777777778,0.2847222222222222,3825.200607710723,3825.200607710723,214.9355680389808,0.0,-3610.265039671742,0.0,0.0,-4.0459568935300325,5.872117789475416,10.775212979466826,10.169760675131668,2.4659967271670866,2.413210187169541,2.331681554964572,-1.4065733963143685,1.8858606819371508,-0.344165786209885,-0.4526485994677863,1.0
RTS93,external93,7,15,13,0.3,0.16,perfect,independent,0.0,0.0,0,65.0,113_CT_1,34.424248515,55.0,0.1009090909090909,0.0416666666666666,0.0833333333333333,0.4129129129129129,0.8258258258258258,0.0029026852272727,0.005972961300505,0.9970973147727272,0.9940270386994948,0.0208333333333333,0.0347222222222222,41.151689074062574,41.151689074062496,0.2086097427812454,0.0,-40.943079331281325,0.0,0.0,-2.2935352574741277,4.007333185232471,0.7482125286193195,0.7444196242051151,0.5585938537209523,0.5564219067541488,-0.2962685708574174,-0.20901157555255098,-0.10500744046411228,-0.15848382393609617,-0.7304356784573203,1.0
RTS93,external93,7,15,13,0.3,0.16,perfect,independent,0.0,0.0,0,65.0,113_CT_2,34.424248515,55.0,0.1009090909090909,0.0486111111111111,0.0694444444444444,0.4817317317317317,0.6881881881881883,0.003153409090909,0.0058383888257585,0.996846590909091,0.9941616111742414,0.0208333333333333,0.0347222222222222,41.151689074062574,41.151689074062496,0.8714275438331107,0.0,-40.28026153022947,0.0,0.0,-2.2935352574741277,4.007333185232471,0.7482125286193195,0.7323683914587176,0.5585938537209523,0.5494894846704778,-0.26026925406533513,-0.20901157555255098,-0.10500744046411228,-0.15848382393609617,-0.7298442631679081,1.0
RTS93,external93,7,15,13,0.3,0.16,perfect,independent,0.0,0.0,0,65.0,113_CT_3,34.424248515,55.0,0.1009090909090909,0.0486111111111111,0.0972222222222222,0.4817317317317317,0.9634634634634636,0.003153409090909,0.0086464385732323,0.996846590909091,0.9913535614267678,0.0208333333333333,0.0347222222222222,41.151689074062574,41.151689074062496,2.641735172531252,0.0,-38.50995390153132,0.0,0.0,-2.2935352574741277,4.007333185232471,0.7482125286193195,0.7001809800278421,0.5585938537209523,0.5307347042357374,-0.26026925406533513,-0.20901157555255098,-0.10500744046411228,-0.15848382393609617,-0.7298442631679081,1.0
RTS93,external93,7,15,13,0.3,0.16,perfect,independent,0.0,0.0,0,65.0,113_CT_4,34.424248515,55.0,0.1009090909090909,0.0486111111111111,0.0833333333333333,0.4817317317317317,0.8258258258258258,0.003153409090909,0.0056060606060606,0.996846590909091,0.9943939393939394,0.0208333333333333,0.0347222222222222,41.151689074062574,41.151689074062496,0.2086097427812454,0.0,-40.943079331281325,0.0,0.0,-2.2935352574741277,4.007333185232471,0.7482125286193195,0.7444196242051151,0.5585938537209523,0.5564219067541488,-0.26026925406533513,-0.20901157555255098,-0.10500744046411228,-0.15848382393609617,-0.7298442631679081,1.0
RTS93,external93,7,15,13,0.3,0.16,perfect,independent,0.0,0.0,0,65.0,115_STEAM_1,140.6638701,12.0,0.125,0.0,0.0,0.0,0.0,0.0,0.0,1.0,1.0,0.0,0.0,0.0,0.0,0.0,0.0,0.0,0.0,0.0,-2.0794415416798357,2.4849066497880004,0.0,0.0,0.0,0.0,-0.5122644716099094,-0.06270519880789859,-1.7303696679395384,2.553488781706389,-0.7372826231352724,1.0
RTS93,external93,7,15,13,0.3,0.16,perfect,independent,0.0,0.0,0,65.0,115_STEAM_2,140.6638701,12.0,0.125,0.0,0.0,0.0,0.0,0.0,0.0,1.0,1.0,0.0,0.0,0.0,0.0,0.0,0.0,0.0,0.0,0.0,-2.0794415416798357,2.4849066497880004,0.0,0.0,0.0,0.0,-0.5122644716099094,-0.06270519880789859,-1.7303696679395384,2.553488781706389,-0.7372826231352724,1.0
RTS93,external93,7,15,13,0.3,0.16,perfect,independent,0.0,0.0,0,65.0,115_STEAM_3,23.535050669999997,155.0,0.0290322580645161,0.7638888888888888,0.6736111111111112,26.311728395061724,23.20216049382716,0.7340284061184276,0.7094319866711472,0.2659715938815725,0.2905680133288529,0.5972222222222222,0.5416666666666666,4741.400941934547,4820.915973098036,267.8186041041763,0.0,-4473.58233783037,0.0,0.0,-3.5393477201429735,5.043425116919247,30.589683496351913,28.861821534389485,3.4528305956549676,3.3965807927417435,3.4476603755191153,-1.0603691543594995,1.0011376842752469,-0.43645174035449125,0.9941665334997383,1.0
RTS93,external93,7,15,13,0.3,0.16,perfect,independent,0.0,0.0,0,65.0,116_STEAM_1,23.254946994999997,155.0,0.0290322580645161,0.7361111111111112,0.65625,25.35493827160494,22.604166666666664,0.7633581660595872,0.765214089583333,0.2366418339404127,0.234785910416667,0.6284722222222222,0.5833333333333334,5129.571447409926,5216.348841176407,276.60794151518985,0.0,-4852.963505894736,0.0,0.0,-3.5393477201429735,5.043425116919247,33.09400933812855,31.309441973514428,3.5291216896223,3.475359508672542,3.3036631083507877,-1.0603691543594995,1.0011376842752469,-0.4436019304813642,1.0633504883591567,1.0
RTS93,external93,7,15,13,0.3,0.16,perfect,independent,0.0,0.0,0,65.0,118_CC_1,27.75086358,355.0,0.0174929577464788,0.3541666666666667,0.4236111111111111,20.24624261943103,24.21609411343711,0.0528929720456657,0.0327787606220658,0.9471070279543344,0.967221239377934,0.1736111111111111,0.2465277777777778,1217.2590395761126,1217.2590395761126,25.840875761515576,0.0,-1191.418163814597,0.0,0.0,-4.0459568935300325,5.872117789475416,3.428898703031303,3.35610750370309,1.4881509533837998,1.471578884220518,1.323700684786275,-1.4065733963143685,1.8858606819371508,-0.32883493080772047,-0.6125170267673147,1.0
RTS93,external93,7,15,13,0.3,0.16,perfect,independent,0.0,0.0,0,65.0,123_STEAM_2,24.654408375,155.0,0.0290322580645161,0.6597222222222222,0.6840277777777778,22.72376543209876,23.560956790123456,0.3779435396045907,0.3789741090725839,0.6220564603954092,0.6210258909274162,0.4201388888888889,0.4583333333333333,3441.1151368406345,3517.552669313387,114.69432789129678,0.0,-3326.4208089493377,0.0,0.0,-3.5393477201429735,5.043425116919247,22.200742818326674,21.460779412576372,3.1441842961910202,3.11177065096003,2.907670623637885,-1.0603691543594995,1.0011376842752469,-0.40787796169653473,0.15422241597412764,1.0
RTS93,external93,7,15,13,0.3,0.16,perfect,independent,0.0,0.0,0,65.0,123_STEAM_3,22.665143785,350.0,0.0171428571428571,0.75,0.6354166666666666,43.75,37.06597222222222,0.7602282463303566,0.7872743799999999,0.2397717536696433,0.21272562,0.6631944444444444,0.6180555555555556,13242.02156402584,13355.10934091166,1283.229843083271,0.0,-11958.791720942569,0.0,0.0,-4.066173685255407,5.857933154483459,37.834347325788116,34.167976345550194,3.6593050953904345,3.5601359056081034,3.3756617419349513,-1.4203890542647535,1.8707169824615488,-0.45865780252210037,1.0559675358326066,1.0
RTS93,external93,7,15,13,0.3,0.16,perfect,independent,0.0,0.0,0,65.0,123_CT_1,34.156030335000004,55.0,0.1009090909090909,0.0486111111111111,0.1319444444444444,0.4817317317317317,1.3075575575575575,0.0040583159090909,0.0109457853535354,0.995941684090909,0.9890542146464646,0.0243055555555555,0.0520833333333333,43.04340255252771,43.043402552527624,1.688819980250006,0.0,-41.35458257227771,0.0,0.0,-2.2935352574741277,4.007333185232471,0.7826073191368674,0.7519015013141401,0.5780770785833466,0.560701770222649,-0.26026925406533513,-0.20901157555255098,-0.10500744046411228,-0.16533061372735405,-0.7277097406697126,1.0
RTS93,external93,7,15,13,0.3,0.16,perfect,independent,0.0,0.0,0,65.0,123_CT_4,34.156030335000004,55.0,0.1009090909090909,0.0555555555555555,0.1041666666666666,0.5505505505505506,1.0322822822822824,0.0047936217171718,0.0100859356060604,0.995206378282828,0.9899140643939396,0.0243055555555555,0.0520833333333333,43.913363948275446,43.913363948275375,1.688819980250006,0.0,-42.22454396802544,0.0,0.0,-2.2935352574741277,4.007333185232471,0.7984247990595535,0.7677189812368262,0.5869111701348125,0.5696900043177581,-0.2242699372732533,-0.20901157555255098,-0.10500744046411228,-0.16533061372735405,-0.7259752783373855,1.0
RTS93,external93,7,15,13,0.3,0.16,perfect,independent,0.0,0.0,0,65.0,123_CT_5,34.156030335000004,55.0,0.1009090909090909,0.0590277777777777,0.1006944444444444,0.58495995995996,0.997872872872873,0.00774939520202,0.0093627409090908,0.99225060479798,0.990637259090909,0.0243055555555555,0.0520833333333333,52.41907404800497,52.419074048004866,1.6888199802500097,0.0,-50.73025406775496,0.0,0.0,-2.2935352574741277,4.007333185232471,0.9530740736000904,0.9223682557773629,0.6694045792859347,0.6535578924955044,-0.2062702788772124,-0.20901157555255098,-0.10500744046411228,-0.16533061372735405,-0.7190031074174513,1.0
RTS93,external93,7,15,13,0.3,0.16,perfect,independent,0.0,0.0,0,65.0,201_CT_1,105.65443725,20.0,0.225,0.0,0.0,0.0,0.0,0.0,0.0,1.0,1.0,0.0,0.0,0.0,0.0,0.0,0.0,0.0,0.0,0.0,-1.491654876777717,2.995732273553991,0.0,0.0,0.0,0.0,-0.5122644716099094,0.33897374315264334,-1.1850056360038916,1.6598050372446584,-0.7372826231352724,1.0
RTS93,external93,7,15,13,0.3,0.16,perfect,independent,0.0,0.0,0,65.0,201_CT_2,105.65443725,20.0,0.225,0.0,0.0,0.0,0.0,0.0,0.0,1.0,1.0,0.0,0.0,0.0,0.0,0.0,0.0,0.0,0.0,0.0,-1.491654876777717,2.995732273553991,0.0,0.0,0.0,0.0,-0.5122644716099094,0.33897374315264334,-1.1850056360038916,1.6598050372446584,-0.7372826231352724,1.0
RTS93,external93,7,15,13,0.3,0.16,perfect,independent,0.0,0.0,0,65.0,201_STEAM_3,24.7120146025,76.0,0.0394736842105263,0.6180555555555556,0.625,15.657407407407408,15.833333333333334,0.3478757840707281,0.3715888681926169,0.6521242159292717,0.6284111318073831,0.3993055555555556,0.4131944444444444,1283.8366181693273,1339.9732151747437,12.039734335711271,0.0,-1271.796883833616,0.0,0.0,-3.232121051618222,4.330733340286331,16.89258708117536,16.734169524126525,2.8843864975281117,2.8754932601839496,2.691674722885393,-0.8504180096263427,0.24025874095513047,-0.4064074508968571,0.08329765403430892,1.0
RTS93,external93,7,15,13,0.3,0.16,perfect,independent,0.0,0.0,0,65.0,202_CT_1,101.92865324999998,20.0,0.225,0.0,0.0,0.0,0.0,0.0,0.0,1.0,1.0,0.0,0.0,0.0,0.0,0.0,0.0,0.0,0.0,0.0,-1.491654876777717,2.995732273553991,0.0,0.0,0.0,0.0,-0.5122644716099094,0.33897374315264334,-1.1850056360038916,1.564697167018888,-0.7372826231352724,1.0
RTS93,external93,7,15,13,0.3,0.16,perfect,independent,0.0,0.0,0,65.0,202_CT_2,101.92865324999998,20.0,0.225,0.0,0.0,0.0,0.0,0.0,0.0,1.0,1.0,0.0,0.0,0.0,0.0,0.0,0.0,0.0,0.0,0.0,-1.491654876777717,2.995732273553991,0.0,0.0,0.0,0.0,-0.5122644716099094,0.33897374315264334,-1.1850056360038916,1.564697167018888,-0.7372826231352724,1.0
RTS93,external93,7,15,13,0.3,0.16,perfect,independent,0.0,0.0,0,65.0,202_STEAM_3,23.6803874825,76.0,0.0394736842105263,0.6979166666666666,0.7118055555555556,17.680555555555557,18.03240740740741,0.4336861708865319,0.4795701407163741,0.5663138291134682,0.5204298592836258,0.4583333333333333,0.4756944444444444,1765.9286041944893,1836.037779829843,48.2407335902476,0.0,-1717.6878706042417,0.0,0.0,-3.232121051618222,4.330733340286331,23.235902686769595,22.601156192161074,3.1878351158398903,3.161295702024801,3.1056668659943356,-0.8504180096263427,0.24025874095513047,-0.43274173604337784,0.2857098776544072,1.0
RTS93,external93,7,15,13,0.3,0.16,perfect,independent,0.0,0.0,0,65.0,202_STEAM_4,23.6803874825,76.0,0.0394736842105263,0.7430555555555556,0.6875,18.824074074074076,17.416666666666668,0.4768017848373538,0.5274856897386703,0.5231982151626462,0.4725143102613297,0.4583333333333333,0.4756944444444444,1802.0609875365635,1874.854759788562,75.60014135592382,0.0,-1726.4608461806397,0.0,0.0,-3.232121051618222,4.330733340286331,23.711328783375837,22.716590081324206,3.207261793681189,3.1661748066843596,3.3396624251428695,-0.8504180096263427,0.24025874095513047,-0.43274173604337784,0.38741233602072134,1.0
RTS93,external93,7,15,13,0.3,0.16,perfect,independent,0.0,0.0,0,65.0,207_CT_1,41.098605255,55.0,0.1009090909090909,0.0208333333333333,0.0347222222222222,0.2064564564564564,0.3440940940940941,0.0013788543560604,0.0019074643939395,0.9986211456439396,0.9980925356060604,0.0104166666666666,0.0138888888888888,4.9583026137501065,4.958302613749993,0.0,0.0,-4.9583026137501065,0.0,0.0,-2.2935352574741277,4.007333185232471,0.0901509566136383,0.0901509566136383,0.08631617895796843,0.08631617895796843,-0.4042665212336634,-0.20901157555255098,-0.10500744046411228,0.01189209014491675,-0.7340301383648967,1.0
RTS93,external93,7,15,13,0.3,0.16,perfect,independent,0.0,0.0,0,65.0,207_CT_2,41.098605255,55.0,0.1009090909090909,0.0277777777777777,0.0277777777777777,0.2752752752752753,0.2752752752752753,0.0014015151515151,0.0015112976641417,0.9985984848484848,0.9984887023358584,0.0104166666666666,0.0138888888888888,4.9583026137501065,4.958302613749993,0.0,0.0,-4.9583026137501065,0.0,0.0,-2.2935352574741277,4.007333185232471,0.0901509566136383,0.0901509566136383,0.08631617895796843,0.08631617895796843,-0.3682672044415816,-0.20901157555255098,-0.10500744046411228,0.01189209014491675,-0.7339766853719993,1.0
RTS93,external93,7,15,13,0.3,0.16,perfect,independent,0.0,0.0,0,65.0,213_CC_3,29.04336423,355.0,0.0174929577464788,0.2569444444444444,0.3229166666666667,14.688450527822509,18.45980944712829,0.0165257503469615,0.0140530356611894,0.9834742496530384,0.9859469643388103,0.1284722222222222,0.1979166666666666,571.1871366963103,571.1871366963105,22.06160494804925,0.0,-549.125531748261,0.0,0.0,-4.0459568935300325,5.872117789475416,1.6089778498487615,1.5468324837979182,0.9589585162177323,0.9348504238296348,0.8197102496971261,-1.4065733963143685,1.8858606819371508,-0.2958413423208615,-0.6983011664743284,1.0
RTS93,external93,7,15,13,0.3,0.16,perfect,independent,0.0,0.0,0,65.0,213_CT_1,34.424248515,55.0,0.1009090909090909,0.0486111111111111,0.0694444444444444,0.4817317317317317,0.6881881881881883,0.003153409090909,0.004905303030303,0.996846590909091,0.9950946969696972,0.0208333333333333,0.0347222222222222,41.151689074062574,41.151689074062496,0.2086097427812454,0.0,-40.943079331281325,0.0,0.0,-2.2935352574741277,4.007333185232471,0.7482125286193195,0.7444196242051151,0.5585938537209523,0.5564219067541488,-0.26026925406533513,-0.20901157555255098,-0.10500744046411228,-0.15848382393609617,-0.7298442631679081,1.0
RTS93,external93,7,15,13,0.3,0.16,perfect,independent,0.0,0.0,0,65.0,213_CT_2,34.424248515,55.0,0.1009090909090909,0.0486111111111111,0.0694444444444444,0.4817317317317317,0.6881881881881883,0.003153409090909,0.0073263607323233,0.996846590909091,0.9926736392676768,0.0208333333333333,0.0347222222222222,41.151689074062574,41.151689074062496,2.641735172531252,0.0,-38.50995390153132,0.0,0.0,-2.2935352574741277,4.007333185232471,0.7482125286193195,0.7001809800278421,0.5585938537209523,0.5307347042357374,-0.26026925406533513,-0.20901157555255098,-0.10500744046411228,-0.15848382393609617,-0.7298442631679081,1.0
RTS93,external93,7,15,13,0.3,0.16,perfect,independent,0.0,0.0,0,65.0,215_CT_4,35.281380525,55.0,0.1009090909090909,0.0347222222222222,0.0555555555555555,0.3440940940940941,0.5505505505505506,0.0024767862373737,0.003153409090909,0.9975232137626262,0.996846590909091,0.0173611111111111,0.03125,32.033947317687534,32.03394731768749,0.0,0.0,-32.033947317687534,0.0,0.0,-2.2935352574741277,4.007333185232471,0.582435405776137,0.582435405776137,0.45896505636813917,0.45896505636813917,-0.33226788764949927,-0.20901157555255098,-0.10500744046411228,-0.13660386525533708,-0.7314403023120998,1.0
RTS93,external93,7,15,13,0.3,0.16,perfect,independent,0.0,0.0,0,65.0,215_CT_5,35.281380525,55.0,0.1009090909090909,0.0416666666666666,0.0520833333333333,0.4129129129129129,0.5161411411411412,0.0028030303030303,0.0031980457702019,0.9971969696969696,0.996801954229798,0.0173611111111111,0.03125,32.033947317687534,32.03394731768749,0.0,0.0,-32.033947317687534,0.0,0.0,-2.2935352574741277,4.007333185232471,0.582435405776137,0.582435405776137,0.45896505636813917,0.45896505636813917,-0.2962685708574174,-0.20901157555255098,-0.10500744046411228,-0.13660386525533708,-0.7306707476087261,1.0
RTS93,external93,7,15,13,0.3,0.16,perfect,independent,0.0,0.0,0,65.0,216_STEAM_1,21.7693405225,155.0,0.0290322580645161,0.5555555555555556,0.4479166666666667,19.135802469135804,15.42824074074074,0.9308220577650338,0.9458600653225806,0.0691779422349662,0.0541399346774193,0.7326388888888888,0.7326388888888888,4767.546800393499,4863.86210835241,443.1050239861015,0.0,-4324.441776407398,0.0,0.0,-3.5393477201429735,5.043425116919247,30.75836645415161,27.899624363918697,3.4581562009929216,3.363828597245634,2.3676808717566544,-1.0603691543594995,1.0011376842752469,-0.4815249200033262,1.4583695525306746,1.0
RTS93,external93,7,15,13,0.3,0.16,perfect,independent,0.0,0.0,0,65.0,218_CC_1,29.15998083,355.0,0.0174929577464788,0.1909722222222222,0.2881944444444444,10.91709160851673,16.474883700125247,0.011638339917906,0.0103449452464788,0.9883616600820938,0.9896550547535212,0.0972222222222222,0.1805555555555555,495.3438259875651,495.3438259875652,19.959278177332635,0.0,-475.3845478102325,0.0,0.0,-4.0459568935300325,5.872117789475416,1.3953347210917326,1.339111402282345,0.8735229793822477,0.8497711146347422,0.4777167401723468,-1.4065733963143685,1.8858606819371508,-0.2928644771942277,-0.7098297430184792,1.0
RTS93,external93,7,15,13,0.3,0.16,perfect,independent,0.0,0.0,0,65.0,221_CC_1,28.087108110000003,355.0,0.0174929577464788,0.2881944444444444,0.40625,16.474883700125247,23.22363123993559,0.0257196868097517,0.0215197062402191,0.9742803131902484,0.9784802937597809,0.1458333333333333,0.2291666666666666,683.4493613875118,683.449361387512,21.072462926226365,0.0,-662.3768984612855,0.0,0.0,-4.0459568935300325,5.872117789475416,1.9252094686972163,1.8658504182008042,1.0733660913495324,1.052865136208909,0.9817071752614953,-1.4065733963143685,1.8858606819371508,-0.3202516363592594,-0.6766142216613431,1.0
RTS93,external93,7,15,13,0.3,0.16,perfect,independent,0.0,0.0,0,65.0,223_STEAM_1,20.523671915,155.0,0.0290322580645161,0.3784722222222222,0.2256944444444444,13.036265432098764,7.773919753086419,0.9590742634656012,0.989685139941756,0.0409257365343987,0.0103148600582438,0.7881944444444444,0.84375,4624.497497676304,4745.664113612752,488.5455495525584,0.0,-4135.951948123746,0.0,0.0,-3.5393477201429735,5.043425116919247,29.835467726943897,26.68356095563707,3.4286655770309875,3.320838769716346,1.449698293558562,-1.0603691543594995,1.0011376842752469,-0.5133230296807593,1.5250117387534161,1.0
RTS93,external93,7,15,13,0.3,0.16,perfect,independent,0.0,0.0,0,65.0,223_STEAM_2,20.523671915,155.0,0.0290322580645161,0.3819444444444444,0.2534722222222222,13.155864197530862,8.730709876543209,0.9627146213367682,0.9880248474910396,0.0372853786632318,0.0119751525089603,0.7881944444444444,0.84375,4737.584231940753,4857.798800704285,484.0987263490297,0.0,-4253.485505591723,0.0,0.0,-3.5393477201429735,5.043425116919247,30.565059560908082,27.441841971559505,3.4520507987466247,3.347861369770225,1.467697951954603,-1.0603691543594995,1.0011376842752469,-0.5133230296807593,1.5335987287300203,1.0
RTS93,external93,7,15,13,0.3,0.16,perfect,independent,0.0,0.0,0,65.0,223_STEAM_3,22.571599727499997,350.0,0.0171428571428571,0.5972222222222222,0.5451388888888888,34.83796296296296,31.799768518518515,0.9502633716164686,0.9281884855456348,0.0497366283835314,0.071811514454365,0.7013888888888888,0.6493055555555556,13041.235846115556,13148.131292782196,1063.029475895095,0.0,-11978.20637022046,0.0,0.0,-4.066173685255407,5.857933154483459,37.26067384604445,34.22344677205846,3.644422576142544,3.56171196233586,2.5836767725091465,-1.4203890542647535,1.8707169824615488,-0.4610456962059807,1.5042283315525216,1.0
RTS93,external93,7,15,13,0.3,0.16,perfect,independent,0.0,0.0,0,65.0,223_CT_4,48.87207345,55.0,0.1009090909090909,0.0138888888888888,0.0,0.1376376376376376,0.0,0.0007007575757575,0.0,0.9992992424242424,1.0,0.0069444444444444,0.0,0.0,0.0,0.0,0.0,0.0,0.0,0.0,-2.2935352574741277,4.007333185232471,0.0,0.0,0.0,0.0,-0.44026583802574576,-0.20901157555255098,-0.10500744046411228,0.21032495804445406,-0.735629654253636,1.0
RTS93,external93,7,15,13,0.3,0.16,perfect,independent,0.0,0.0,0,65.0,223_CT_5,48.87207345,55.0,0.1009090909090909,0.0138888888888888,0.0,0.1376376376376376,0.0,0.0007007575757575,0.0,0.9992992424242424,1.0,0.0069444444444444,0.0,0.0,0.0,0.0,0.0,0.0,0.0,0.0,-2.2935352574741277,4.007333185232471,0.0,0.0,0.0,0.0,-0.44026583802574576,-0.20901157555255098,-0.10500744046411228,0.21032495804445406,-0.735629654253636,1.0
RTS93,external93,7,15,13,0.3,0.16,perfect,independent,0.0,0.0,0,65.0,223_CT_6,48.87207345,55.0,0.1009090909090909,0.0138888888888888,0.0,0.1376376376376376,0.0,0.0007007575757575,0.0,0.9992992424242424,1.0,0.0069444444444444,0.0,0.0,0.0,0.0,0.0,0.0,0.0,0.0,-2.2935352574741277,4.007333185232471,0.0,0.0,0.0,0.0,-0.44026583802574576,-0.20901157555255098,-0.10500744046411228,0.21032495804445406,-0.735629654253636,1.0
RTS93,external93,7,15,13,0.3,0.16,perfect,independent,0.0,0.0,0,65.0,301_CT_1,110.83689929999998,20.0,0.225,0.0,0.0,0.0,0.0,0.0,0.0,1.0,1.0,0.0,0.0,0.0,0.0,0.0,0.0,0.0,0.0,0.0,-1.491654876777717,2.995732273553991,0.0,0.0,0.0,0.0,-0.5122644716099094,0.33897374315264334,-1.1850056360038916,1.7920974428434195,-0.7372826231352724,1.0
RTS93,external93,7,15,13,0.3,0.16,perfect,independent,0.0,0.0,0,65.0,301_CT_2,110.83689929999998,20.0,0.225,0.0,0.0,0.0,0.0,0.0,0.0,1.0,1.0,0.0,0.0,0.0,0.0,0.0,0.0,0.0,0.0,0.0,-1.491654876777717,2.995732273553991,0.0,0.0,0.0,0.0,-0.5122644716099094,0.33897374315264334,-1.1850056360038916,1.7920974428434195,-0.7372826231352724,1.0
RTS93,external93,7,15,13,0.3,0.16,perfect,independent,0.0,0.0,0,65.0,301_CT_3,38.095727805,55.0,0.1009090909090909,0.0277777777777777,0.0486111111111111,0.2752752752752753,0.4817317317317317,0.0014015151515151,0.0028030303030303,0.9985984848484848,0.9971969696969696,0.0138888888888888,0.0243055555555555,13.291287537500011,13.291287537499992,0.0,0.0,-13.291287537500011,0.0,0.0,-2.2935352574741277,4.007333185232471,0.24165977340909112,0.24165977340909112,0.2164490115311635,0.2164490115311635,-0.3682672044415816,-0.20901157555255098,-0.10500744046411228,-0.06476218686590589,-0.7339766853719993,1.0
RTS93,external93,7,15,13,0.3,0.16,perfect,independent,0.0,0.0,0,65.0,301_CT_4,38.095727805,55.0,0.1009090909090909,0.0277777777777777,0.0416666666666666,0.2752752752752753,0.4129129129129129,0.0014015151515151,0.0026668952020204,0.9985984848484848,0.9973331047979797,0.0138888888888888,0.0243055555555555,13.291287537500011,13.291287537499992,0.0,0.0,-13.291287537500011,0.0,0.0,-2.2935352574741277,4.007333185232471,0.24165977340909112,0.24165977340909112,0.2164490115311635,0.2164490115311635,-0.3682672044415816,-0.20901157555255098,-0.10500744046411228,-0.06476218686590589,-0.7339766853719993,1.0
RTS93,external93,7,15,13,0.3,0.16,perfect,independent,0.0,0.0,0,65.0,302_CT_1,110.83689929999998,20.0,0.225,0.0,0.0,0.0,0.0,0.0,0.0,1.0,1.0,0.0,0.0,0.0,0.0,0.0,0.0,0.0,0.0,0.0,-1.491654876777717,2.995732273553991,0.0,0.0,0.0,0.0,-0.5122644716099094,0.33897374315264334,-1.1850056360038916,1.7920974428434195,-0.7372826231352724,1.0
RTS93,external93,7,15,13,0.3,0.16,perfect,independent,0.0,0.0,0,65.0,302_CT_2,110.83689929999998,20.0,0.225,0.0,0.0,0.0,0.0,0.0,0.0,1.0,1.0,0.0,0.0,0.0,0.0,0.0,0.0,0.0,0.0,0.0,-1.491654876777717,2.995732273553991,0.0,0.0,0.0,0.0,-0.5122644716099094,0.33897374315264334,-1.1850056360038916,1.7920974428434195,-0.7372826231352724,1.0
RTS93,external93,7,15,13,0.3,0.16,perfect,independent,0.0,0.0,0,65.0,302_CT_3,42.663211305,55.0,0.1009090909090909,0.0138888888888888,0.0138888888888888,0.1376376376376376,0.1376376376376376,0.0007007575757575,0.0009163820075757,0.9992992424242424,0.9990836179924244,0.0069444444444444,0.0,1.1172880750001468,1.117288074999994,0.0,0.0,-1.1172880750001468,0.0,0.0,-2.2935352574741277,4.007333185232471,0.020314328636366306,0.020314328636366306,0.020110745152768172,0.020110745152768172,-0.44026583802574576,-0.20901157555255098,-0.10500744046411228,0.05183169726058796,-0.735629654253636,1.0
RTS93,external93,7,15,13,0.3,0.16,perfect,independent,0.0,0.0,0,65.0,302_CT_4,42.663211305,55.0,0.1009090909090909,0.0138888888888888,0.0208333333333333,0.1376376376376376,0.2064564564564564,0.0008783191919192,0.001228697979798,0.9991216808080808,0.9987713020202018,0.0069444444444444,0.0,1.1172880750001468,1.117288074999994,0.0,0.0,-1.1172880750001468,0.0,0.0,-2.2935352574741277,4.007333185232471,0.020314328636366306,0.020314328636366306,0.020110745152768172,0.020110745152768172,-0.44026583802574576,-0.20901157555255098,-0.10500744046411228,0.05183169726058796,-0.735210816361272,1.0
RTS93,external93,7,15,13,0.3,0.16,perfect,independent,0.0,0.0,0,65.0,307_CT_1,36.12393546,55.0,0.1009090909090909,0.0243055555555555,0.0555555555555555,0.2408658658658658,0.5505505505505506,0.0015186125631314,0.003153409090909,0.9984813874368684,0.996846590909091,0.0138888888888888,0.0277777777777777,25.68135134668762,25.68135134668752,0.0,0.0,-25.68135134668762,0.0,0.0,-2.2935352574741277,4.007333185232471,0.46693366084886584,0.46693366084886584,0.3831742771764278,0.3831742771764278,-0.3862668628376225,-0.20901157555255098,-0.10500744046411228,-0.11509601471540733,-0.733700472335968,1.0
RTS93,external93,7,15,13,0.3,0.16,perfect,independent,0.0,0.0,0,65.0,307_CT_2,36.12393546,55.0,0.1009090909090909,0.0347222222222222,0.0486111111111111,0.3440940940940941,0.4817317317317317,0.0024526515151515,0.0031057362373737,0.9975473484848484,0.9968942637626262,0.0138888888888888,0.0277777777777777,26.591507467000156,26.59150746700002,0.0,0.0,-26.591507467000156,0.0,0.0,-2.2935352574741277,4.007333185232471,0.4834819539454574,0.4834819539454574,0.3943919961620834,0.3943919961620834,-0.33226788764949927,-0.20901157555255098,-0.10500744046411228,-0.11509601471540733,-0.7314972320495444,1.0
RTS93,external93,7,15,13,0.3,0.16,perfect,independent,0.0,0.0,0,65.0,313_CC_1,26.770312335000003,355.0,0.0174929577464788,0.6666666666666666,0.6006944444444444,38.1105743424584,34.33921542315262,0.2583447314414223,0.232090586971831,0.7416552685585778,0.767909413028169,0.3333333333333333,0.3125,9363.742496964427,9363.742496964427,1339.2184685682362,0.0,-8024.524028396193,0.0,0.0,-4.0459568935300325,5.872117789475416,26.37673942806881,22.60429303773575,3.309693726869409,3.161428603866875,2.9436699404299667,-1.4065733963143685,1.8858606819371508,-0.3538654050808337,-0.127890992447917,1.0
RTS93,external93,7,15,13,0.3,0.16,perfect,independent,0.0,0.0,0,65.0,315_STEAM_1,112.26770385,12.0,0.125,0.0,0.0,0.0,0.0,0.0,0.0,1.0,1.0,0.0,0.0,0.0,0.0,0.0,0.0,0.0,0.0,0.0,-2.0794415416798357,2.4849066497880004,0.0,0.0,0.0,0.0,-0.5122644716099094,-0.06270519880789859,-1.7303696679395384,1.8286215068954002,-0.7372826231352724,1.0
RTS93,external93,7,15,13,0.3,0.16,perfect,independent,0.0,0.0,0,65.0,315_STEAM_2,112.26770385,12.0,0.125,0.0,0.0,0.0,0.0,0.0,0.0,1.0,1.0,0.0,0.0,0.0,0.0,0.0,0.0,0.0,0.0,0.0,-2.0794415416798357,2.4849066497880004,0.0,0.0,0.0,0.0,-0.5122644716099094,-0.06270519880789859,-1.7303696679395384,1.8286215068954002,-0.7372826231352724,1.0
RTS93,external93,7,15,13,0.3,0.16,perfect,independent,0.0,0.0,0,65.0,315_STEAM_3,112.26770385,12.0,0.125,0.0,0.0,0.0,0.0,0.0,0.0,1.0,1.0,0.0,0.0,0.0,0.0,0.0,0.0,0.0,0.0,0.0,-2.0794415416798357,2.4849066497880004,0.0,0.0,0.0,0.0,-0.5122644716099094,-0.06270519880789859,-1.7303696679395384,1.8286215068954002,-0.7372826231352724,1.0
RTS93,external93,7,15,13,0.3,0.16,perfect,independent,0.0,0.0,0,65.0,315_STEAM_4,112.26770385,12.0,0.125,0.0,0.0,0.0,0.0,0.0,0.0,1.0,1.0,0.0,0.0,0.0,0.0,0.0,0.0,0.0,0.0,0.0,-2.0794415416798357,2.4849066497880004,0.0,0.0,0.0,0.0,-0.5122644716099094,-0.06270519880789859,-1.7303696679395384,1.8286215068954002,-0.7372826231352724,1.0
RTS93,external93,7,15,13,0.3,0.16,perfect,independent,0.0,0.0,0,65.0,315_STEAM_5,112.26770385,12.0,0.125,0.0,0.0,0.0,0.0,0.0,0.0,1.0,1.0,0.0,0.0,0.0,0.0,0.0,0.0,0.0,0.0,0.0,-2.0794415416798357,2.4849066497880004,0.0,0.0,0.0,0.0,-0.5122644716099094,-0.06270519880789859,-1.7303696679395384,1.8286215068954002,-0.7372826231352724,1.0
RTS93,external93,7,15,13,0.3,0.16,perfect,independent,0.0,0.0,0,65.0,315_CT_6,31.33876764,55.0,0.1009090909090909,0.0833333333333333,0.1736111111111111,0.8258258258258258,1.7204704704704703,0.010031801568322,0.0150012977272726,0.989968198431678,0.9849987022727276,0.0416666666666666,0.0798611111111111,129.73526326743763,129.84572510243748,0.0,0.0,-129.73526326743763,0.0,0.0,-2.2935352574741277,4.007333185232471,2.358822968498866,2.358822968498866,1.2115906056088994,1.2115906056088994,-0.080272670104925,-0.20901157555255098,-0.10500744046411228,-0.23724671374495118,-0.7136192959122132,1.0
RTS93,external93,7,15,13,0.3,0.16,perfect,independent,0.0,0.0,0,65.0,315_CT_7,31.33876764,55.0,0.1009090909090909,0.0902777777777777,0.1701388888888889,0.8946446446446447,1.6860610610610611,0.0144108212752528,0.0145557442550505,0.9855891787247472,0.9854442557449494,0.0416666666666666,0.0798611111111111,127.46715294887088,127.5776147838708,0.0,0.0,-127.46715294887088,0.0,0.0,-2.2935352574741277,4.007333185232471,2.3175845990703796,2.3175845990703796,1.1992369877492364,1.1992369877492364,-0.04427335331284317,-0.20901157555255098,-0.10500744046411228,-0.23724671374495118,-0.7032899273002441,1.0
RTS93,external93,7,15,13,0.3,0.16,perfect,independent,0.0,0.0,0,65.0,315_CT_8,31.33876764,55.0,0.1009090909090909,0.1041666666666666,0.1875,1.0322822822822824,1.858108108108108,0.0150934420354937,0.0163153232323231,0.9849065579645064,0.9836846767676768,0.0416666666666666,0.0798611111111111,127.3171694761876,127.42763131118748,0.0,0.0,-127.3171694761876,0.0,0.0,-2.2935352574741277,4.007333185232471,2.3148576268397747,2.3148576268397747,1.1984146745525632,1.1984146745525632,0.02772528027132095,-0.20901157555255098,-0.10500744046411228,-0.23724671374495118,-0.7016797401061671,1.0
RTS93,external93,7,15,13,0.3,0.16,perfect,independent,0.0,0.0,0,65.0,316_STEAM_1,23.6803874825,155.0,0.0290322580645161,0.7673611111111112,0.7048611111111112,26.43132716049383,24.27854938271605,0.5943721016672663,0.4819985637320795,0.4056278983327337,0.5180014362679205,0.4583333333333333,0.4756944444444444,4513.112623208348,4619.82804619672,209.3433158945345,0.0,-4303.769307313813,0.0,0.0,-3.5393477201429735,5.043425116919247,29.116855633602245,27.76625359557299,3.405085002847474,3.3592029499522313,3.4656600339151566,-1.0603691543594995,1.0011376842752469,-0.43274173604337784,0.6647408756571282,1.0
RTS93,external93,7,15,13,0.3,0.16,perfect,independent,0.0,0.0,0,65.0,318_CC_1,29.14054473,355.0,0.0174929577464788,0.2256944444444444,0.3194444444444444,12.902017355519773,18.261316872427983,0.0153404548070552,0.0118604732687795,0.9846595451929446,0.9881395267312204,0.1145833333333333,0.1979166666666666,550.6938633150417,550.6938633150418,20.923977169902855,0.0,-529.7698861451388,0.0,0.0,-4.0459568935300325,5.872117789475416,1.5512503191973004,1.4923095384370106,0.9365835602559912,0.913209806067372,0.6577133241327567,-1.4065733963143685,1.8858606819371508,-0.29336062138200003,-0.7010970786567827,1.0
RTS93,external93,7,15,13,0.3,0.16,perfect,independent,0.0,0.0,0,65.0,321_CC_1,27.670203765000004,355.0,0.0174929577464788,0.4201388888888889,0.4965277777777778,24.017601538736805,28.384438182143494,0.076647265249066,0.0365579195324728,0.923352734750934,0.9634420804675272,0.21875,0.2743055555555556,1946.173023571928,1946.173023571928,24.23373975473629,0.0,-1921.9392838171916,0.0,0.0,-4.0459568935300325,5.872117789475416,5.48217753118853,5.413913475541386,1.8690564926794655,1.8584696112425527,1.6656941943110544,-1.4065733963143685,1.8858606819371508,-0.3308939291869755,-0.5564846571878022,1.0
RTS93,external93,7,15,13,0.3,0.16,perfect,independent,0.0,0.0,0,65.0,322_CT_5,31.1560683,55.0,0.1009090909090909,0.1111111111111111,0.1909722222222222,1.1011011011011012,1.8925175175175175,0.0185311659722231,0.0174619667297981,0.9814688340277768,0.9825380332702016,0.0555555555555555,0.1145833333333333,157.62169472054666,157.74669313867167,0.0816215830118807,0.0,-157.54007313753476,0.0,0.0,-2.2935352574741277,4.007333185232471,2.86584899491903,2.8643649661369963,1.352181320250661,1.3517973648238792,0.06372459706340329,-0.20901157555255098,-0.10500744046411228,-0.24191046911001093,-0.6935707293902605,1.0
RTS93,external93,7,15,13,0.3,0.16,perfect,independent,0.0,0.0,0,65.0,322_CT_6,31.1560683,55.0,0.1009090909090909,0.1388888888888889,0.2083333333333333,1.3763763763763766,2.0645645645645647,0.0197083316221938,0.0197530277777778,0.9802916683778062,0.980246972222222,0.0555555555555555,0.1145833333333333,153.31534739353162,153.44034581165658,0.0,0.0,-153.31534739353162,0.0,0.0,-2.2935352574741277,4.007333185232471,2.787551770791484,2.787551770791484,1.3317198395979069,1.3317198395979069,0.20772186423173153,-0.20901157555255098,-0.10500744046411228,-0.24191046911001093,-0.6907939942463993,1.0
RTS93,external93,7,15,13,0.3,0.16,perfect,independent,0.0,0.0,0,65.0,323_CC_1,29.281456455,355.0,0.0174929577464788,0.1597222222222222,0.2604166666666667,9.130658436213992,14.886943102522816,0.0043145863829331,0.0077401831964005,0.9956854136170668,0.9922598168035994,0.0798611111111111,0.1527777777777778,326.23438737662946,326.23438737662946,13.934570869912449,0.0,-312.299816506717,0.0,0.0,-4.0459568935300325,5.872117789475416,0.9189701052862802,0.8797177929766675,0.6517886386271385,0.6311216554554124,0.31571981460797754,-1.4065733963143685,1.8858606819371508,-0.2897635760206507,-0.7271052418627102,1.0
RTS93,external93,7,15,13,0.3,0.16,perfect,independent,0.0,0.0,0,65.0,323_CC_2,29.281456455,355.0,0.0174929577464788,0.1666666666666666,0.2569444444444444,9.5276435856146,14.688450527822509,0.0055002966714049,0.0083196238458531,0.9944997033285952,0.9916803761541472,0.0798611111111111,0.1527777777777778,387.39525960436936,387.3952596043693,13.266807762466044,0.0,-374.1284518419033,0.0,0.0,-4.0459568935300325,5.872117789475416,1.0912542524066742,1.0538829629349389,0.7377640067450058,0.7197321298123168,0.35171913140005934,-1.4065733963143685,1.8858606819371508,-0.2897635760206507,-0.7243083513583708,1.0
RTS93,external93,7,15,13,0.3,0.16,perfect,independent,0.0,0.0,0,65.0,121_NUCLEAR_1,2.025875,400.0,0.075,0.1805555555555555,0.0208333333333333,2.407407407407407,0.2777777777777778,0.9756453672094524,0.9986561378038196,0.0243546327905477,0.0013438621961805,0.8576388888888888,0.9375,799.8845342911372,2852.415624357469,0.0,0.0,-799.8845342911372,0.0,0.0,-2.5902671654458267,5.991464547107982,1.999711335727843,1.999711335727843,1.0985160626144792,1.0985160626144792,0.4237177649842235,-0.41179085918916297,2.0132768214430246,-0.9855152094889464,1.5641001764250955,1.0
RTS93,external93,7,15,13,0.3,0.16,perfect,independent,0.0,0.0,0,65.0,122_HYDRO_1,0.0,50.0,1.5,0.0,0.0,0.0,0.0,0.9515161475475308,0.996297815,0.0484838524524693,0.003702185,0.9236111111111112,0.9861111111111112,0.0,21.674478623914183,0.0,0.0,0.0,0.0,0.0,0.4054651081081644,3.912023005428146,0.0,0.0,0.0,0.0,-0.5122644716099094,1.6354188546252855,-0.2067618191097883,-1.0372296021090317,1.5071834185916737,1.0
RTS93,external93,7,15,13,0.3,0.16,perfect,independent,0.0,0.0,0,65.0,122_HYDRO_2,0.0,50.0,1.5,0.0,0.0,0.0,0.0,0.9728114344444444,1.0,0.0271885655555556,0.0,0.9236111111111112,0.9861111111111112,0.0,209.93321942061448,0.0,0.0,0.0,0.0,0.0,0.4054651081081644,3.912023005428146,0.0,0.0,0.0,0.0,-0.5122644716099094,1.6354188546252855,-0.2067618191097883,-1.0372296021090317,1.5574154072049493,1.0
RTS93,external93,7,15,13,0.3,0.16,perfect,independent,0.0,0.0,0,65.0,122_HYDRO_3,0.0,50.0,1.5,0.0,0.0,0.0,0.0,0.9956441868640432,1.0,0.0043558131359568,0.0,0.9236111111111112,0.9861111111111112,0.0,0.0,0.0,0.0,0.0,0.0,0.0,0.4054651081081644,3.912023005428146,0.0,0.0,0.0,0.0,-0.5122644716099094,1.6354188546252855,-0.2067618191097883,-1.0372296021090317,1.6112740175680367,1.0
RTS93,external93,7,15,13,0.3,0.16,perfect,independent,0.0,0.0,0,65.0,122_HYDRO_4,0.0,50.0,1.5,0.0,0.0,0.0,0.0,1.0,1.0,0.0,0.0,0.9236111111111112,0.9861111111111112,0.0,0.0,0.0,0.0,0.0,0.0,0.0,0.4054651081081644,3.912023005428146,0.0,0.0,0.0,0.0,-0.5122644716099094,1.6354188546252855,-0.2067618191097883,-1.0372296021090317,1.621548645794748,1.0
RTS93,external93,7,15,13,0.3,0.16,perfect,independent,0.0,0.0,0,65.0,122_HYDRO_5,0.0,50.0,1.5,0.0,0.0,0.0,0.0,1.0,1.0,0.0,0.0,0.9236111111111112,0.9861111111111112,0.0,0.0,0.0,0.0,0.0,0.0,0.0,0.4054651081081644,3.912023005428146,0.0,0.0,0.0,0.0,-0.5122644716099094,1.6354188546252855,-0.2067618191097883,-1.0372296021090317,1.621548645794748,1.0
RTS93,external93,7,15,13,0.3,0.16,perfect,independent,0.0,0.0,0,65.0,122_HYDRO_6,0.0,50.0,1.5,0.0,0.0,0.0,0.0,0.9965277777777778,1.0,0.0034722222222222,0.0,0.9236111111111112,0.9861111111111112,0.0,115.62859824999032,0.0,0.0,0.0,0.0,0.0,0.4054651081081644,3.912023005428146,0.0,0.0,0.0,0.0,-0.5122644716099094,1.6354188546252855,-0.2067618191097883,-1.0372296021090317,1.6133582594442961,1.0
RTS93,external93,7,15,13,0.3,0.16,perfect,independent,0.0,0.0,0,65.0,201_HYDRO_4,0.0,50.0,1.5,0.0,0.0,0.0,0.0,0.9965277777777778,1.0,0.0034722222222222,0.0,0.9236111111111112,0.9861111111111112,0.0,142.31679306249862,0.0,0.0,0.0,0.0,0.0,0.4054651081081644,3.912023005428146,0.0,0.0,0.0,0.0,-0.5122644716099094,1.6354188546252855,-0.2067618191097883,-1.0372296021090317,1.6133582594442961,1.0
RTS93,external93,7,15,13,0.3,0.16,perfect,independent,0.0,0.0,0,65.0,215_HYDRO_1,0.0,50.0,1.5,0.0,0.0,0.0,0.0,0.9965277777777778,1.0,0.0034722222222222,0.0,0.9236111111111112,0.9861111111111112,0.0,142.31679306249862,0.0,0.0,0.0,0.0,0.0,0.4054651081081644,3.912023005428146,0.0,0.0,0.0,0.0,-0.5122644716099094,1.6354188546252855,-0.2067618191097883,-1.0372296021090317,1.6133582594442961,1.0
RTS93,external93,7,15,13,0.3,0.16,perfect,independent,0.0,0.0,0,65.0,215_HYDRO_2,0.0,50.0,1.5,0.0,0.0,0.0,0.0,0.9965277777777778,1.0,0.0034722222222222,0.0,0.9236111111111112,0.9861111111111112,0.0,142.31679306249862,0.0,0.0,0.0,0.0,0.0,0.4054651081081644,3.912023005428146,0.0,0.0,0.0,0.0,-0.5122644716099094,1.6354188546252855,-0.2067618191097883,-1.0372296021090317,1.6133582594442961,1.0
RTS93,external93,7,15,13,0.3,0.16,perfect,independent,0.0,0.0,0,65.0,215_HYDRO_3,0.0,50.0,1.5,0.0,0.0,0.0,0.0,0.97702316709429,1.0,0.0229768329057098,0.0,0.9236111111111112,0.9861111111111112,0.0,1124.5031499557915,0.0,0.0,0.0,0.0,0.0,0.4054651081081644,3.912023005428146,0.0,0.0,0.0,0.0,-0.5122644716099094,1.6354188546252855,-0.2067618191097883,-1.0372296021090317,1.5673501738757787,1.0
RTS93,external93,7,15,13,0.3,0.16,perfect,independent,0.0,0.0,0,65.0,222_HYDRO_1,0.0,50.0,1.5,0.0,0.0,0.0,0.0,0.9965277777777778,1.0,0.0034722222222222,0.0,0.9236111111111112,0.9861111111111112,0.0,142.31679306249862,0.0,0.0,0.0,0.0,0.0,0.4054651081081644,3.912023005428146,0.0,0.0,0.0,0.0,-0.5122644716099094,1.6354188546252855,-0.2067618191097883,-1.0372296021090317,1.6133582594442961,1.0
RTS93,external93,7,15,13,0.3,0.16,perfect,independent,0.0,0.0,0,65.0,222_HYDRO_2,0.0,50.0,1.5,0.0,0.0,0.0,0.0,0.9962065748501544,1.0,0.0037934251498457,0.0,0.9236111111111112,0.9861111111111112,0.0,115.62859824999032,0.0,0.0,0.0,0.0,0.0,0.4054651081081644,3.912023005428146,0.0,0.0,0.0,0.0,-0.5122644716099094,1.6354188546252855,-0.2067618191097883,-1.0372296021090317,1.6126005959349463,1.0
RTS93,external93,7,15,13,0.3,0.16,perfect,independent,0.0,0.0,0,65.0,222_HYDRO_3,0.0,50.0,1.5,0.0,0.0,0.0,0.0,0.9984674975694444,1.0,0.0015325024305555,0.0,0.9236111111111112,0.9861111111111112,0.0,0.0,0.0,0.0,0.0,0.0,0.0,0.4054651081081644,3.912023005428146,0.0,0.0,0.0,0.0,-0.5122644716099094,1.6354188546252855,-0.2067618191097883,-1.0372296021090317,1.6179337311418418,1.0
RTS93,external93,7,15,13,0.3,0.16,perfect,independent,0.0,0.0,0,65.0,222_HYDRO_4,0.0,50.0,1.5,0.0,0.0,0.0,0.0,0.9940804425804012,1.0,0.0059195574195988,0.0,0.9236111111111112,0.9861111111111112,0.0,376.9221877961499,0.0,0.0,0.0,0.0,0.0,0.4054651081081644,3.912023005428146,0.0,0.0,0.0,0.0,-0.5122644716099094,1.6354188546252855,-0.2067618191097883,-1.0372296021090317,1.6075854086551713,1.0
RTS93,external93,7,15,13,0.3,0.16,perfect,independent,0.0,0.0,0,65.0,222_HYDRO_5,0.0,50.0,1.5,0.0,0.0,0.0,0.0,1.0,1.0,0.0,0.0,0.9236111111111112,0.9861111111111112,0.0,0.0,0.0,0.0,0.0,0.0,0.0,0.4054651081081644,3.912023005428146,0.0,0.0,0.0,0.0,-0.5122644716099094,1.6354188546252855,-0.2067618191097883,-1.0372296021090317,1.621548645794748,1.0
RTS93,external93,7,15,13,0.3,0.16,perfect,independent,0.0,0.0,0,65.0,222_HYDRO_6,0.0,50.0,1.5,0.0,0.0,0.0,0.0,0.989686648702469,1.0,0.0103133512975308,0.0,0.9236111111111112,0.9861111111111112,0.0,485.1127206868987,0.0,0.0,0.0,0.0,0.0,0.4054651081081644,3.912023005428146,0.0,0.0,0.0,0.0,-0.5122644716099094,1.6354188546252855,-0.2067618191097883,-1.0372296021090317,1.5972211902666715,1.0
RTS93,external93,7,15,13,0.3,0.16,perfect,independent,0.0,0.0,0,65.0,322_HYDRO_1,0.0,50.0,1.5,0.0,0.0,0.0,0.0,0.9930555555555556,1.0,0.0069444444444444,0.0,0.9236111111111112,0.9861111111111112,0.0,115.62859824999032,0.0,0.0,0.0,0.0,0.0,0.4054651081081644,3.912023005428146,0.0,0.0,0.0,0.0,-0.5122644716099094,1.6354188546252855,-0.2067618191097883,-1.0372296021090317,1.605167873093845,1.0
RTS93,external93,7,15,13,0.3,0.16,perfect,independent,0.0,0.0,0,65.0,322_HYDRO_2,0.0,50.0,1.5,0.0,0.0,0.0,0.0,1.0,1.0,0.0,0.0,0.9236111111111112,0.9861111111111112,0.0,0.0,0.0,0.0,0.0,0.0,0.0,0.4054651081081644,3.912023005428146,0.0,0.0,0.0,0.0,-0.5122644716099094,1.6354188546252855,-0.2067618191097883,-1.0372296021090317,1.621548645794748,1.0
RTS93,external93,7,15,13,0.3,0.16,perfect,independent,0.0,0.0,0,65.0,322_HYDRO_3,0.0,50.0,1.5,0.0,0.0,0.0,0.0,0.9965277777777778,1.0,0.0034722222222222,0.0,0.9236111111111112,0.9861111111111112,0.0,0.0,0.0,0.0,0.0,0.0,0.0,0.4054651081081644,3.912023005428146,0.0,0.0,0.0,0.0,-0.5122644716099094,1.6354188546252855,-0.2067618191097883,-1.0372296021090317,1.6133582594442961,1.0
RTS93,external93,7,15,13,0.3,0.16,perfect,independent,0.0,0.0,0,65.0,322_HYDRO_4,0.0,50.0,1.5,0.0,0.0,0.0,0.0,0.9941820192470678,1.0,0.0058179807529321,0.0,0.9236111111111112,0.9861111111111112,0.0,353.258004858435,0.0,0.0,0.0,0.0,0.0,0.4054651081081644,3.912023005428146,0.0,0.0,0.0,0.0,-0.5122644716099094,1.6354188546252855,-0.2067618191097883,-1.0372296021090317,1.6078250108726986,1.0
RTS93,external93,7,17,13,0.3,0.16,perfect,independent,0.0,0.0,0,65.0,101_CT_1,109.6984653,20.0,0.225,0.0,0.0,0.0,0.0,0.0,0.0,1.0,1.0,0.0,0.0,0.0,0.0,0.0,0.0,0.0,0.0,0.0,-1.491654876777717,2.995732273553991,0.0,0.0,0.0,0.0,-0.5122644716099094,0.33897374315264334,-1.1850056360038916,1.763036704718879,-0.7372826231352724,1.0
RTS93,external93,7,17,13,0.3,0.16,perfect,independent,0.0,0.0,0,65.0,101_CT_2,109.6984653,20.0,0.225,0.0,0.0,0.0,0.0,0.0,0.0,1.0,1.0,0.0,0.0,0.0,0.0,0.0,0.0,0.0,0.0,0.0,-1.491654876777717,2.995732273553991,0.0,0.0,0.0,0.0,-0.5122644716099094,0.33897374315264334,-1.1850056360038916,1.763036704718879,-0.7372826231352724,1.0
RTS93,external93,7,17,13,0.3,0.16,perfect,independent,0.0,0.0,0,65.0,101_STEAM_3,19.3218686,76.0,0.0394736842105263,0.0208333333333333,0.0625,0.5277777777777778,1.5833333333333337,0.9209155701754383,0.9984923245614034,0.0790844298245614,0.0015076754385964,0.9930555555555556,0.9652777777777778,7.803519654367847,1193.544304139392,0.0456047312582086,0.0,-7.757914923109638,0.0,0.0,-3.232121051618222,4.330733340286331,0.10267789018905062,0.10207782793565313,0.09774166696848471,0.09719733249797528,-0.4042665212336634,-0.8504180096263427,0.24025874095513047,-0.5440013926024746,1.43500181983907,1.0
RTS93,external93,7,17,13,0.3,0.16,perfect,independent,0.0,0.0,0,65.0,101_STEAM_4,19.3218686,76.0,0.0394736842105263,0.0208333333333333,0.0625,0.5277777777777778,1.5833333333333337,0.9209155701754383,0.9984923245614034,0.0790844298245614,0.0015076754385964,0.9930555555555556,0.9652777777777778,7.803519654367847,1193.544304139392,0.0456047312582086,0.0,-7.757914923109638,0.0,0.0,-3.232121051618222,4.330733340286331,0.10267789018905062,0.10207782793565313,0.09774166696848471,0.09719733249797528,-0.4042665212336634,-0.8504180096263427,0.24025874095513047,-0.5440013926024746,1.43500181983907,1.0
RTS93,external93,7,17,13,0.3,0.16,perfect,independent,0.0,0.0,0,65.0,102_CT_1,108.68163675,20.0,0.225,0.0,0.0,0.0,0.0,0.0,0.0,1.0,1.0,0.0,0.0,0.0,0.0,0.0,0.0,0.0,0.0,0.0,-1.491654876777717,2.995732273553991,0.0,0.0,0.0,0.0,-0.5122644716099094,0.33897374315264334,-1.1850056360038916,1.7370801818030965,-0.7372826231352724,1.0
RTS93,external93,7,17,13,0.3,0.16,perfect,independent,0.0,0.0,0,65.0,102_CT_2,108.68163675,20.0,0.225,0.0,0.0,0.0,0.0,0.0,0.0,1.0,1.0,0.0,0.0,0.0,0.0,0.0,0.0,0.0,0.0,0.0,-1.491654876777717,2.995732273553991,0.0,0.0,0.0,0.0,-0.5122644716099094,0.33897374315264334,-1.1850056360038916,1.7370801818030965,-0.7372826231352724,1.0
RTS93,external93,7,17,13,0.3,0.16,perfect,independent,0.0,0.0,0,65.0,102_STEAM_3,21.582252407499997,76.0,0.0394736842105263,0.0347222222222222,0.0902777777777777,0.8796296296296298,2.287037037037037,0.920549254842836,0.9978468279422512,0.0794507451571637,0.0021531720577485,0.9756944444444444,0.9444444444444444,24.411875590620184,885.2224877475091,6.285735978137382,0.0,-18.1261396124828,0.0,0.0,-3.232121051618222,4.330733340286331,0.3212088893502656,0.23850183700635266,0.2785471427515433,0.21390245319716844,-0.33226788764949927,-0.8504180096263427,0.24025874095513047,-0.48630070737108666,1.4341377437782392,1.0
RTS93,external93,7,17,13,0.3,0.16,perfect,independent,0.0,0.0,0,65.0,102_STEAM_4,21.582252407499997,76.0,0.0394736842105263,0.0486111111111111,0.1006944444444444,1.2314814814814816,2.550925925925926,0.9202637097496345,0.9976073633954676,0.0797362902503654,0.0023926366045321,0.9756944444444444,0.9444444444444444,24.411875590620184,885.2224877475091,6.285735978137382,0.0,-18.1261396124828,0.0,0.0,-3.232121051618222,4.330733340286331,0.3212088893502656,0.23850183700635266,0.2785471427515433,0.21390245319716844,-0.26026925406533513,-0.8504180096263427,0.24025874095513047,-0.48630070737108666,1.4334641910837058,1.0
RTS93,external93,7,17,13,0.3,0.16,perfect,independent,0.0,0.0,0,65.0,107_CC_1,27.15028809,355.0,0.0174929577464788,0.59375,0.59375,33.94223027375202,33.94223027375202,0.5922241779227987,0.5296833325117384,0.4077758220772013,0.4703166674882616,0.5763888888888888,0.5625,3498.4688911865396,3790.8475343332657,538.8642197125632,0.0,-2959.6046714739764,0.0,0.0,-4.0459568935300325,5.872117789475416,9.854841947004337,8.336914567532327,2.3846112428377326,2.2339758515758463,2.565677114113105,-1.4065733963143685,1.8858606819371508,-0.344165786209885,0.6596742859654009,1.0
RTS93,external93,7,17,13,0.3,0.16,perfect,independent,0.0,0.0,0,65.0,113_CT_1,34.424248515,55.0,0.1009090909090909,0.0486111111111111,0.0208333333333333,0.4817317317317317,0.2064564564564564,0.0059564393939393,0.0021022727272727,0.9940435606060604,0.9978977272727272,0.0243055555555555,0.0138888888888888,100.19503150686796,100.21141828040618,0.0,0.0,-100.19503150686796,0.0,0.0,-2.2935352574741277,4.007333185232471,1.8217278455794175,1.8217278455794175,1.0373494085175294,1.0373494085175294,-0.26026925406533513,-0.20901157555255098,-0.10500744046411228,-0.15848382393609617,-0.7232323876413618,1.0
RTS93,external93,7,17,13,0.3,0.16,perfect,independent,0.0,0.0,0,65.0,113_CT_2,34.424248515,55.0,0.1009090909090909,0.0486111111111111,0.0208333333333333,0.4817317317317317,0.2064564564564564,0.0059564393939393,0.0021022727272727,0.9940435606060604,0.9978977272727272,0.0243055555555555,0.0138888888888888,100.19503150686796,100.21141828040618,0.0,0.0,-100.19503150686796,0.0,0.0,-2.2935352574741277,4.007333185232471,1.8217278455794175,1.8217278455794175,1.0373494085175294,1.0373494085175294,-0.26026925406533513,-0.20901157555255098,-0.10500744046411228,-0.15848382393609617,-0.7232323876413618,1.0
RTS93,external93,7,17,13,0.3,0.16,perfect,independent,0.0,0.0,0,65.0,113_CT_3,34.424248515,55.0,0.1009090909090909,0.0486111111111111,0.0277777777777777,0.4817317317317317,0.2752752752752753,0.0059564393939393,0.0028030303030303,0.9940435606060604,0.9971969696969696,0.0243055555555555,0.0138888888888888,100.19503150686796,100.21141828040618,0.0,0.0,-100.19503150686796,0.0,0.0,-2.2935352574741277,4.007333185232471,1.8217278455794175,1.8217278455794175,1.0373494085175294,1.0373494085175294,-0.26026925406533513,-0.20901157555255098,-0.10500744046411228,-0.15848382393609617,-0.7232323876413618,1.0
RTS93,external93,7,17,13,0.3,0.16,perfect,independent,0.0,0.0,0,65.0,113_CT_4,34.424248515,55.0,0.1009090909090909,0.0451388888888888,0.0208333333333333,0.4473223223223223,0.2064564564564564,0.0061090814461279,0.0021022727272727,0.993890918553872,0.9978977272727272,0.0243055555555555,0.0138888888888888,100.19503150686796,100.21141828040618,0.0,0.0,-100.19503150686796,0.0,0.0,-2.2935352574741277,4.007333185232471,1.8217278455794175,1.8217278455794175,1.0373494085175294,1.0373494085175294,-0.2782689124613765,-0.20901157555255098,-0.10500744046411228,-0.15848382393609617,-0.7228723307957057,1.0
RTS93,external93,7,17,13,0.3,0.16,perfect,independent,0.0,0.0,0,65.0,115_STEAM_1,140.6638701,12.0,0.125,0.0,0.0,0.0,0.0,0.0,0.0,1.0,1.0,0.0,0.0,0.0,0.0,0.0,0.0,0.0,0.0,0.0,-2.0794415416798357,2.4849066497880004,0.0,0.0,0.0,0.0,-0.5122644716099094,-0.06270519880789859,-1.7303696679395384,2.553488781706389,-0.7372826231352724,1.0
RTS93,external93,7,17,13,0.3,0.16,perfect,independent,0.0,0.0,0,65.0,115_STEAM_2,140.6638701,12.0,0.125,0.0,0.0,0.0,0.0,0.0,0.0,1.0,1.0,0.0,0.0,0.0,0.0,0.0,0.0,0.0,0.0,0.0,-2.0794415416798357,2.4849066497880004,0.0,0.0,0.0,0.0,-0.5122644716099094,-0.06270519880789859,-1.7303696679395384,2.553488781706389,-0.7372826231352724,1.0
RTS93,external93,7,17,13,0.3,0.16,perfect,independent,0.0,0.0,0,65.0,115_STEAM_3,23.535050669999997,155.0,0.0290322580645161,0.1875,0.2465277777777778,6.458333333333333,8.491512345679013,0.9327755111135,0.9883522760304664,0.0672244888864996,0.0116477239695337,0.8784722222222222,0.8298611111111112,124.10563455032388,994.2494274340644,47.73292148390465,0.0,-76.37271306641924,0.0,0.0,-3.5393477201429735,5.043425116919247,0.800681513227896,0.49272718107367247,0.5881652117041789,0.4006047698258121,0.4597170817763058,-1.0603691543594995,1.0011376842752469,-0.43645174035449125,1.4629774193714329,1.0
RTS93,external93,7,17,13,0.3,0.16,perfect,independent,0.0,0.0,0,65.0,116_STEAM_1,23.254946994999997,155.0,0.0290322580645161,0.1423611111111111,0.2222222222222222,4.903549382716049,7.65432098765432,0.9392443689540022,0.99427047562724,0.0607556310459976,0.00572952437276,0.9097222222222222,0.8541666666666666,101.38269701400714,1031.923844819601,35.91393690771838,0.0,-65.46876010628876,0.0,0.0,-3.5393477201429735,5.043425116919247,0.6540819162194009,0.42237909745992747,0.5032461215053515,0.35233089040794585,0.22572152262777248,-1.0603691543594995,1.0011376842752469,-0.4436019304813642,1.4782363635198728,1.0
RTS93,external93,7,17,13,0.3,0.16,perfect,independent,0.0,0.0,0,65.0,118_CC_1,27.75086358,355.0,0.0174929577464788,0.5069444444444444,0.5625,28.97991590624441,32.15579710144928,0.3877680423212066,0.3430026794405325,0.6122319576787933,0.6569973205594677,0.4305555555555556,0.4166666666666667,3884.770245605878,4104.856919037486,1025.0199229991313,0.0,-2859.7503226067465,0.0,0.0,-4.0459568935300325,5.872117789475416,10.943014776354586,8.0556347115683,2.4801465699252954,2.2033871840271755,2.1156856542120797,-1.4065733963143685,1.8858606819371508,-0.32883493080772047,0.17739676018376915,1.0
RTS93,external93,7,17,13,0.3,0.16,perfect,independent,0.0,0.0,0,65.0,123_STEAM_2,24.654408375,155.0,0.0290322580645161,0.3888888888888889,0.4131944444444444,13.395061728395062,14.232253086419751,0.8465047320955784,0.8926840245071672,0.1534952679044214,0.1073159754928328,0.7569444444444444,0.7118055555555556,421.4629831557286,1050.2452708988658,126.10973712718987,0.0,-295.3532460285387,0.0,0.0,-3.5393477201429735,5.043425116919247,2.719116020359539,1.9055048130873464,1.3134860111112183,1.0666071490752225,1.5036972687466852,-1.0603691543594995,1.0011376842752469,-0.40787796169653473,1.2594792082290074,1.0
RTS93,external93,7,17,13,0.3,0.16,perfect,independent,0.0,0.0,0,65.0,123_STEAM_3,22.665143785,350.0,0.0171428571428571,0.09375,0.1666666666666666,5.46875,9.72222222222222,0.9648547325396828,0.9978886186210318,0.0351452674603175,0.0021113813789682,0.9305555555555556,0.8819444444444444,91.0782376074203,1501.3681908900107,33.18066817003273,0.0,-57.897569437387574,0.0,0.0,-4.066173685255407,5.857933154483459,0.26022353602120085,0.1654216269639645,0.2312891147688107,0.15308293310052418,-0.026273694916801777,-1.4203890542647535,1.8707169824615488,-0.45865780252210037,1.538646889954443,1.0
RTS93,external93,7,17,13,0.3,0.16,perfect,independent,0.0,0.0,0,65.0,123_CT_1,34.156030335000004,55.0,0.1009090909090909,0.0625,0.0277777777777777,0.6193693693693694,0.2752752752752753,0.0094602272727272,0.0028030303030302,0.9905397727272728,0.9971969696969696,0.03125,0.0138888888888888,117.48441426186764,117.66843739790612,0.0,0.0,-117.48441426186764,0.0,0.0,-2.2935352574741277,4.007333185232471,2.1360802593066843,2.1360802593066843,1.142973695051831,1.142973695051831,-0.18827062048117096,-0.20901157555255098,-0.10500744046411228,-0.16533061372735405,-0.7149675432331788,1.0
RTS93,external93,7,17,13,0.3,0.16,perfect,independent,0.0,0.0,0,65.0,123_CT_4,34.156030335000004,55.0,0.1009090909090909,0.0625,0.0277777777777777,0.6193693693693694,0.2752752752752753,0.0095524642045453,0.0028030303030303,0.9904475357954546,0.9971969696969696,0.03125,0.0138888888888888,117.48441426186764,117.66843739790612,0.0,0.0,-117.48441426186764,0.0,0.0,-2.2935352574741277,4.007333185232471,2.1360802593066843,2.1360802593066843,1.142973695051831,1.142973695051831,-0.18827062048117096,-0.20901157555255098,-0.10500744046411228,-0.16533061372735405,-0.7147499718742562,1.0
RTS93,external93,7,17,13,0.3,0.16,perfect,independent,0.0,0.0,0,65.0,123_CT_5,34.156030335000004,55.0,0.1009090909090909,0.0694444444444444,0.0277777777777777,0.6881881881881883,0.2752752752752753,0.009810606060606,0.0028030303030303,0.9901893939393938,0.9971969696969696,0.03125,0.0138888888888888,117.48441426186764,117.66843739790612,0.0,0.0,-117.48441426186764,0.0,0.0,-2.2935352574741277,4.007333185232471,2.1360802593066843,2.1360802593066843,1.142973695051831,1.142973695051831,-0.15227130368908912,-0.20901157555255098,-0.10500744046411228,-0.16533061372735405,-0.7141410587923606,1.0
RTS93,external93,7,17,13,0.3,0.16,perfect,independent,0.0,0.0,0,65.0,201_CT_1,105.65443725,20.0,0.225,0.0,0.0,0.0,0.0,0.0,0.0,1.0,1.0,0.0,0.0,0.0,0.0,0.0,0.0,0.0,0.0,0.0,-1.491654876777717,2.995732273553991,0.0,0.0,0.0,0.0,-0.5122644716099094,0.33897374315264334,-1.1850056360038916,1.6598050372446584,-0.7372826231352724,1.0
RTS93,external93,7,17,13,0.3,0.16,perfect,independent,0.0,0.0,0,65.0,201_CT_2,105.65443725,20.0,0.225,0.0,0.0,0.0,0.0,0.0,0.0,1.0,1.0,0.0,0.0,0.0,0.0,0.0,0.0,0.0,0.0,0.0,-1.491654876777717,2.995732273553991,0.0,0.0,0.0,0.0,-0.5122644716099094,0.33897374315264334,-1.1850056360038916,1.6598050372446584,-0.7372826231352724,1.0
RTS93,external93,7,17,13,0.3,0.16,perfect,independent,0.0,0.0,0,65.0,201_STEAM_3,24.7120146025,76.0,0.0394736842105263,0.4722222222222222,0.4513888888888889,11.962962962962964,11.435185185185183,0.7137567936312129,0.7476487475785812,0.286243206368787,0.2523512524214187,0.7291666666666666,0.6805555555555556,518.7861811632902,933.9882597057812,33.861767660538135,0.0,-484.924413502752,0.0,0.0,-3.232121051618222,4.330733340286331,6.826133962674871,6.380584388194106,2.0574686412848116,1.9988528208695386,1.9356890702516696,-0.8504180096263427,0.24025874095513047,-0.4064074508968571,0.9463492200932642,1.0
RTS93,external93,7,17,13,0.3,0.16,perfect,independent,0.0,0.0,0,65.0,202_CT_1,101.92865324999998,20.0,0.225,0.0,0.0,0.0,0.0,0.0,0.0,1.0,1.0,0.0,0.0,0.0,0.0,0.0,0.0,0.0,0.0,0.0,-1.491654876777717,2.995732273553991,0.0,0.0,0.0,0.0,-0.5122644716099094,0.33897374315264334,-1.1850056360038916,1.564697167018888,-0.7372826231352724,1.0
RTS93,external93,7,17,13,0.3,0.16,perfect,independent,0.0,0.0,0,65.0,202_CT_2,101.92865324999998,20.0,0.225,0.0,0.0,0.0,0.0,0.0,0.0,1.0,1.0,0.0,0.0,0.0,0.0,0.0,0.0,0.0,0.0,0.0,-1.491654876777717,2.995732273553991,0.0,0.0,0.0,0.0,-0.5122644716099094,0.33897374315264334,-1.1850056360038916,1.564697167018888,-0.7372826231352724,1.0
RTS93,external93,7,17,13,0.3,0.16,perfect,independent,0.0,0.0,0,65.0,202_STEAM_3,23.6803874825,76.0,0.0394736842105263,0.3506944444444444,0.28125,8.88425925925926,7.125,0.8346745321180511,0.9779469750548244,0.1653254678819487,0.0220530249451753,0.8055555555555556,0.7430555555555556,204.23235256872977,763.4360476943548,38.49010824994912,0.0,-165.74224431878065,0.0,0.0,-3.232121051618222,4.330733340286331,2.6872677969569705,2.180819004194482,1.3048857493664707,1.1571387121209977,1.3057010263902338,-0.8504180096263427,0.24025874095513047,-0.43274173604337784,1.231573762604321,1.0
RTS93,external93,7,17,13,0.3,0.16,perfect,independent,0.0,0.0,0,65.0,202_STEAM_4,23.6803874825,76.0,0.0394736842105263,0.3194444444444444,0.3090277777777778,8.092592592592592,7.828703703703704,0.858028396929826,0.9737766737938602,0.1419716030701739,0.0262233262061394,0.8055555555555556,0.7430555555555556,167.0953997112956,726.2990948369206,40.62476844083449,0.0,-126.47063127046113,0.0,0.0,-3.232121051618222,4.330733340286331,2.1986236804117842,1.664087253558699,1.1627206174148845,0.9798615049791297,1.1437041008258646,-0.8504180096263427,0.24025874095513047,-0.43274173604337784,1.2866615891727,1.0
RTS93,external93,7,17,13,0.3,0.16,perfect,independent,0.0,0.0,0,65.0,207_CT_1,41.098605255,55.0,0.1009090909090909,0.0347222222222222,0.0138888888888888,0.3440940940940941,0.1376376376376376,0.003153409090909,0.0007007575757575,0.996846590909091,0.9992992424242424,0.0173611111111111,0.0069444444444444,18.119058324160505,18.11905832415624,0.0,0.0,-18.119058324160505,0.0,0.0,-2.2935352574741277,4.007333185232471,0.3294374240756456,0.3294374240756456,0.2847558633315961,0.2847558633315961,-0.33226788764949927,-0.20901157555255098,-0.10500744046411228,0.01189209014491675,-0.7298442631679081,1.0
RTS93,external93,7,17,13,0.3,0.16,perfect,independent,0.0,0.0,0,65.0,207_CT_2,41.098605255,55.0,0.1009090909090909,0.0347222222222222,0.0138888888888888,0.3440940940940941,0.1376376376376376,0.003153409090909,0.0007007575757575,0.996846590909091,0.9992992424242424,0.0173611111111111,0.0069444444444444,18.119058324160505,18.11905832415624,0.0,0.0,-18.119058324160505,0.0,0.0,-2.2935352574741277,4.007333185232471,0.3294374240756456,0.3294374240756456,0.2847558633315961,0.2847558633315961,-0.33226788764949927,-0.20901157555255098,-0.10500744046411228,0.01189209014491675,-0.7298442631679081,1.0
RTS93,external93,7,17,13,0.3,0.16,perfect,independent,0.0,0.0,0,65.0,213_CC_3,29.04336423,355.0,0.0174929577464788,0.4965277777777778,0.4652777777777778,28.384438182143494,26.59800500984076,0.2528308479362286,0.1938690170872443,0.7471691520637714,0.8061309829127558,0.2777777777777778,0.2673611111111111,4210.115722733742,4280.090602138548,566.4859890850612,0.0,-3643.629733648681,0.0,0.0,-4.0459568935300325,5.872117789475416,11.85948090910913,10.263745728587832,2.554081353228786,2.421589225349445,2.061686679023957,-1.4065733963143685,1.8858606819371508,-0.2958413423208615,-0.14089731327320526,1.0
RTS93,external93,7,17,13,0.3,0.16,perfect,independent,0.0,0.0,0,65.0,213_CT_1,34.424248515,55.0,0.1009090909090909,0.0555555555555555,0.0208333333333333,0.5505505505505506,0.2064564564564564,0.0084863007575759,0.0021022727272727,0.991513699242424,0.9978977272727272,0.0243055555555555,0.0138888888888888,107.13433948813416,107.15072626167272,0.0,0.0,-107.13433948813416,0.0,0.0,-2.2935352574741277,4.007333185232471,1.9478970816024392,1.9478970816024392,1.081092062456633,1.081092062456633,-0.2242699372732533,-0.20901157555255098,-0.10500744046411228,-0.15848382393609617,-0.7172648715507578,1.0
RTS93,external93,7,17,13,0.3,0.16,perfect,independent,0.0,0.0,0,65.0,213_CT_2,34.424248515,55.0,0.1009090909090909,0.0625,0.0208333333333333,0.6193693693693694,0.2064564564564564,0.0094602272727272,0.0026105021464645,0.9905397727272728,0.9973894978535356,0.0243055555555555,0.0138888888888888,110.82925067061842,110.8456374441562,0.0,0.0,-110.82925067061842,0.0,0.0,-2.2935352574741277,4.007333185232471,2.015077284920335,2.015077284920335,1.1036254633233649,1.1036254633233649,-0.18827062048117096,-0.20901157555255098,-0.10500744046411228,-0.15848382393609617,-0.7149675432331788,1.0
RTS93,external93,7,17,13,0.3,0.16,perfect,independent,0.0,0.0,0,65.0,215_CT_4,35.281380525,55.0,0.1009090909090909,0.0347222222222222,0.0138888888888888,0.3440940940940941,0.1376376376376376,0.004494415530303,0.00170531729798,0.995505584469697,0.99829468270202,0.0173611111111111,0.0138888888888888,76.68879481875138,76.68879481874794,0.4425013328571303,0.0,-76.24629348589424,0.0,0.0,-2.2935352574741277,4.007333185232471,1.3943417239772977,1.3862962451980771,0.8731083387942872,0.8697424757330304,-0.33226788764949927,-0.20901157555255098,-0.10500744046411228,-0.13660386525533708,-0.7266810552468289,1.0
RTS93,external93,7,17,13,0.3,0.16,perfect,independent,0.0,0.0,0,65.0,215_CT_5,35.281380525,55.0,0.1009090909090909,0.0416666666666666,0.0208333333333333,0.4129129129129129,0.2064564564564564,0.0053795601010101,0.0021022727272727,0.9946204398989896,0.9978977272727272,0.0173611111111111,0.0138888888888888,78.17883037303,78.17883037302656,0.0,0.0,-78.17883037303,0.0,0.0,-2.2935352574741277,4.007333185232471,1.4214332795096363,1.4214332795096363,0.8843596291095185,0.8843596291095185,-0.2962685708574174,-0.20901157555255098,-0.10500744046411228,-0.13660386525533708,-0.7245931485559214,1.0
RTS93,external93,7,17,13,0.3,0.16,perfect,independent,0.0,0.0,0,65.0,216_STEAM_1,21.7693405225,155.0,0.0290322580645161,0.0555555555555555,0.1041666666666666,1.91358024691358,3.587962962962963,0.941135619175627,0.9980958754928316,0.0588643808243727,0.0019041245071684,0.9652777777777778,0.9409722222222222,40.55746709724917,1291.4325105356438,11.152765812184953,0.0,-29.40470128506422,0.0,0.0,-3.5393477201429735,5.043425116919247,0.26166107804676886,0.18970775022622077,0.23242916865807225,0.17370768891656307,-0.2242699372732533,-1.0603691543594995,1.0011376842752469,-0.4815249200033262,1.4826975036800123,1.0
RTS93,external93,7,17,13,0.3,0.16,perfect,independent,0.0,0.0,0,65.0,218_CC_1,29.15998083,355.0,0.0174929577464788,0.3854166666666667,0.3090277777777778,22.03267579173377,17.665839148327073,0.135873951457354,0.0855005113262926,0.8641260485426459,0.9144994886737076,0.1909722222222222,0.2118055555555555,2812.35890039845,2868.5071755456433,34.88803277085853,0.0,-2777.4708676275914,0.0,0.0,-4.0459568935300325,5.872117789475416,7.922137747601267,7.823861598950962,2.188535575681407,2.177459597212485,1.485697610350644,-1.4065733963143685,1.8858606819371508,-0.2928644771942277,-0.41677889780458605,1.0
RTS93,external93,7,17,13,0.3,0.16,perfect,independent,0.0,0.0,0,65.0,221_CC_1,28.087108110000003,355.0,0.0174929577464788,0.5138888888888888,0.5,29.376901055645018,28.5829307568438,0.3046937257433517,0.2920117238262896,0.6953062742566483,0.7079882761737104,0.3298611111111111,0.3368055555555556,5245.367540166864,5423.946812236637,1028.196149946338,0.0,-4217.1713902205265,0.0,0.0,-4.0459568935300325,5.872117789475416,14.775683211737645,11.879356028790216,2.7584697172667823,2.555625721661543,2.1516849710041615,-1.4065733963143685,1.8858606819371508,-0.3202516363592594,-0.01856153540506657,1.0
RTS93,external93,7,17,13,0.3,0.16,perfect,independent,0.0,0.0,0,65.0,223_STEAM_1,20.523671915,155.0,0.0290322580645161,0.0277777777777777,0.0694444444444444,0.95679012345679,2.3919753086419755,0.941656435035842,0.9986974960125448,0.0583435649641577,0.0013025039874551,0.9861111111111112,0.9583333333333334,20.486954941006843,1539.9592918715823,3.6401141034439206,0.0,-16.846840837562922,0.0,0.0,-3.5393477201429735,5.043425116919247,0.13217390284520544,0.1086892957262124,0.12413959240352772,0.10317850295224201,-0.3682672044415816,-1.0603691543594995,1.0011376842752469,-0.5133230296807593,1.4839260204164417,1.0
RTS93,external93,7,17,13,0.3,0.16,perfect,independent,0.0,0.0,0,65.0,223_STEAM_2,20.523671915,155.0,0.0290322580645161,0.0208333333333333,0.0763888888888889,0.7175925925925926,2.631172839506173,0.941751804301075,0.9986449494623656,0.0582481956989247,0.0013550505376343,0.9861111111111112,0.9583333333333334,20.486954941006843,1539.9592918715823,3.6401141034439206,0.0,-16.846840837562922,0.0,0.0,-3.5393477201429735,5.043425116919247,0.13217390284520544,0.1086892957262124,0.12413959240352772,0.10317850295224201,-0.4042665212336634,-1.0603691543594995,1.0011376842752469,-0.5133230296807593,1.4841509804213682,1.0
RTS93,external93,7,17,13,0.3,0.16,perfect,independent,0.0,0.0,0,65.0,223_STEAM_3,22.571599727499997,350.0,0.0171428571428571,0.0763888888888889,0.1076388888888889,4.456018518518519,6.278935185185185,0.9651343180158732,0.998489312718254,0.0348656819841269,0.001510687281746,0.9548611111111112,0.90625,85.9103679697655,1523.0942377837418,30.748522675065033,0.0,-55.16184529470047,0.0,0.0,-4.066173685255407,5.857933154483459,0.24545819419933002,0.15760527227057278,0.21950348968051436,0.14635345080867418,-0.11627198689700685,-1.4203890542647535,1.8707169824615488,-0.4610456962059807,1.5393063849180193,1.0
RTS93,external93,7,17,13,0.3,0.16,perfect,independent,0.0,0.0,0,65.0,223_CT_4,48.87207345,55.0,0.1009090909090909,0.0277777777777777,0.0069444444444444,0.2752752752752753,0.0688188188188188,0.0021022727272727,0.0003503787878787,0.9978977272727272,0.9996496212121212,0.0138888888888888,0.0,0.0,0.0,0.0,0.0,0.0,0.0,0.0,-2.2935352574741277,4.007333185232471,0.0,0.0,0.0,0.0,-0.3682672044415816,-0.20901157555255098,-0.10500744046411228,0.21032495804445406,-0.7323237164903628,1.0
RTS93,external93,7,17,13,0.3,0.16,perfect,independent,0.0,0.0,0,65.0,223_CT_5,48.87207345,55.0,0.1009090909090909,0.0277777777777777,0.0069444444444444,0.2752752752752753,0.0688188188188188,0.0021022727272727,0.0003503787878787,0.9978977272727272,0.9996496212121212,0.0138888888888888,0.0,0.0,0.0,0.0,0.0,0.0,0.0,0.0,-2.2935352574741277,4.007333185232471,0.0,0.0,0.0,0.0,-0.3682672044415816,-0.20901157555255098,-0.10500744046411228,0.21032495804445406,-0.7323237164903628,1.0
RTS93,external93,7,17,13,0.3,0.16,perfect,independent,0.0,0.0,0,65.0,223_CT_6,48.87207345,55.0,0.1009090909090909,0.0277777777777777,0.0069444444444444,0.2752752752752753,0.0688188188188188,0.0021022727272727,0.0003503787878787,0.9978977272727272,0.9996496212121212,0.0138888888888888,0.0,0.0,0.0,0.0,0.0,0.0,0.0,0.0,-2.2935352574741277,4.007333185232471,0.0,0.0,0.0,0.0,-0.3682672044415816,-0.20901157555255098,-0.10500744046411228,0.21032495804445406,-0.7323237164903628,1.0
RTS93,external93,7,17,13,0.3,0.16,perfect,independent,0.0,0.0,0,65.0,301_CT_1,110.83689929999998,20.0,0.225,0.0,0.0,0.0,0.0,0.0,0.0,1.0,1.0,0.0,0.0,0.0,0.0,0.0,0.0,0.0,0.0,0.0,-1.491654876777717,2.995732273553991,0.0,0.0,0.0,0.0,-0.5122644716099094,0.33897374315264334,-1.1850056360038916,1.7920974428434195,-0.7372826231352724,1.0
RTS93,external93,7,17,13,0.3,0.16,perfect,independent,0.0,0.0,0,65.0,301_CT_2,110.83689929999998,20.0,0.225,0.0,0.0,0.0,0.0,0.0,0.0,1.0,1.0,0.0,0.0,0.0,0.0,0.0,0.0,0.0,0.0,0.0,-1.491654876777717,2.995732273553991,0.0,0.0,0.0,0.0,-0.5122644716099094,0.33897374315264334,-1.1850056360038916,1.7920974428434195,-0.7372826231352724,1.0
RTS93,external93,7,17,13,0.3,0.16,perfect,independent,0.0,0.0,0,65.0,301_CT_3,38.095727805,55.0,0.1009090909090909,0.0347222222222222,0.0138888888888888,0.3440940940940941,0.1376376376376376,0.003153409090909,0.0010511363636363,0.996846590909091,0.9989488636363636,0.0173611111111111,0.0104166666666666,34.93217491466021,34.93217491465623,0.0,0.0,-34.93217491466021,0.0,0.0,-2.2935352574741277,4.007333185232471,0.635130452993822,0.635130452993822,0.49172258893014786,0.49172258893014786,-0.33226788764949927,-0.20901157555255098,-0.10500744046411228,-0.06476218686590589,-0.7298442631679081,1.0
RTS93,external93,7,17,13,0.3,0.16,perfect,independent,0.0,0.0,0,65.0,301_CT_4,38.095727805,55.0,0.1009090909090909,0.0347222222222222,0.0138888888888888,0.3440940940940941,0.1376376376376376,0.003153409090909,0.0010511363636363,0.996846590909091,0.9989488636363638,0.0173611111111111,0.0104166666666666,34.93217491466021,34.93217491465623,0.0,0.0,-34.93217491466021,0.0,0.0,-2.2935352574741277,4.007333185232471,0.635130452993822,0.635130452993822,0.49172258893014786,0.49172258893014786,-0.33226788764949927,-0.20901157555255098,-0.10500744046411228,-0.06476218686590589,-0.7298442631679081,1.0
RTS93,external93,7,17,13,0.3,0.16,perfect,independent,0.0,0.0,0,65.0,302_CT_1,110.83689929999998,20.0,0.225,0.0,0.0,0.0,0.0,0.0,0.0,1.0,1.0,0.0,0.0,0.0,0.0,0.0,0.0,0.0,0.0,0.0,-1.491654876777717,2.995732273553991,0.0,0.0,0.0,0.0,-0.5122644716099094,0.33897374315264334,-1.1850056360038916,1.7920974428434195,-0.7372826231352724,1.0
RTS93,external93,7,17,13,0.3,0.16,perfect,independent,0.0,0.0,0,65.0,302_CT_2,110.83689929999998,20.0,0.225,0.0,0.0,0.0,0.0,0.0,0.0,1.0,1.0,0.0,0.0,0.0,0.0,0.0,0.0,0.0,0.0,0.0,-1.491654876777717,2.995732273553991,0.0,0.0,0.0,0.0,-0.5122644716099094,0.33897374315264334,-1.1850056360038916,1.7920974428434195,-0.7372826231352724,1.0
RTS93,external93,7,17,13,0.3,0.16,perfect,independent,0.0,0.0,0,65.0,302_CT_3,42.663211305,55.0,0.1009090909090909,0.0243055555555555,0.0138888888888888,0.2408658658658658,0.1376376376376376,0.0023994704545454,0.0007007575757575,0.9976005295454544,0.9992992424242424,0.0138888888888888,0.0034722222222222,8.246673542597819,8.246673542593733,0.0,0.0,-8.246673542597819,0.0,0.0,-2.2935352574741277,4.007333185232471,0.14993951895632399,0.14993951895632399,0.13970934878024766,0.13970934878024766,-0.3862668628376225,-0.20901157555255098,-0.10500744046411228,0.05183169726058796,-0.7316226771982169,1.0
RTS93,external93,7,17,13,0.3,0.16,perfect,independent,0.0,0.0,0,65.0,302_CT_4,42.663211305,55.0,0.1009090909090909,0.0347222222222222,0.0138888888888888,0.3440940940940941,0.1376376376376376,0.003153409090909,0.0007007575757575,0.996846590909091,0.9992992424242424,0.0138888888888888,0.0034722222222222,14.500906833535735,14.500906833531232,0.0,0.0,-14.500906833535735,0.0,0.0,-2.2935352574741277,4.007333185232471,0.26365285151883155,0.26365285151883155,0.23400661521769453,0.23400661521769453,-0.33226788764949927,-0.20901157555255098,-0.10500744046411228,0.05183169726058796,-0.7298442631679081,1.0
RTS93,external93,7,17,13,0.3,0.16,perfect,independent,0.0,0.0,0,65.0,307_CT_1,36.12393546,55.0,0.1009090909090909,0.0347222222222222,0.0138888888888888,0.3440940940940941,0.1376376376376376,0.003153409090909,0.0014015151515151,0.996846590909091,0.9985984848484848,0.0173611111111111,0.0138888888888888,59.12073854681603,59.12073854681259,0.0017978392500062,0.0,-59.118940707566026,0.0,0.0,-2.2935352574741277,4.007333185232471,1.0749225190330187,1.074889831046655,0.7299238127604468,0.7299080588016619,-0.33226788764949927,-0.20901157555255098,-0.10500744046411228,-0.11509601471540733,-0.7298442631679081,1.0
RTS93,external93,7,17,13,0.3,0.16,perfect,independent,0.0,0.0,0,65.0,307_CT_2,36.12393546,55.0,0.1009090909090909,0.0347222222222222,0.0138888888888888,0.3440940940940941,0.1376376376376376,0.003153409090909,0.0014015151515151,0.996846590909091,0.9985984848484848,0.0173611111111111,0.0138888888888888,59.12073854681603,59.12073854681259,0.0017978392500062,0.0,-59.118940707566026,0.0,0.0,-2.2935352574741277,4.007333185232471,1.0749225190330187,1.074889831046655,0.7299238127604468,0.7299080588016619,-0.33226788764949927,-0.20901157555255098,-0.10500744046411228,-0.11509601471540733,-0.7298442631679081,1.0
RTS93,external93,7,17,13,0.3,0.16,perfect,independent,0.0,0.0,0,65.0,313_CC_1,26.770312335000003,355.0,0.0174929577464788,0.4965277777777778,0.6458333333333334,28.384438182143494,36.91961889425658,0.8226451812691682,0.6159664293818472,0.1773548187308318,0.3840335706181527,0.6701388888888888,0.625,3065.884500591599,3409.2414098667286,396.6050361624575,0.0,-2669.2794644291416,0.0,0.0,-4.0459568935300325,5.872117789475416,8.636294367863659,7.51909708289899,2.2655366330472972,2.142310359039787,2.061686679023957,-1.4065733963143685,1.8858606819371508,-0.3538654050808337,1.2031985536770462,1.0
RTS93,external93,7,17,13,0.3,0.16,perfect,independent,0.0,0.0,0,65.0,315_STEAM_1,112.26770385,12.0,0.125,0.0,0.0,0.0,0.0,0.0,0.0,1.0,1.0,0.0,0.0,0.0,0.0,0.0,0.0,0.0,0.0,0.0,-2.0794415416798357,2.4849066497880004,0.0,0.0,0.0,0.0,-0.5122644716099094,-0.06270519880789859,-1.7303696679395384,1.8286215068954002,-0.7372826231352724,1.0
RTS93,external93,7,17,13,0.3,0.16,perfect,independent,0.0,0.0,0,65.0,315_STEAM_2,112.26770385,12.0,0.125,0.0,0.0,0.0,0.0,0.0,0.0,1.0,1.0,0.0,0.0,0.0,0.0,0.0,0.0,0.0,0.0,0.0,-2.0794415416798357,2.4849066497880004,0.0,0.0,0.0,0.0,-0.5122644716099094,-0.06270519880789859,-1.7303696679395384,1.8286215068954002,-0.7372826231352724,1.0
RTS93,external93,7,17,13,0.3,0.16,perfect,independent,0.0,0.0,0,65.0,315_STEAM_3,112.26770385,12.0,0.125,0.0,0.0,0.0,0.0,0.0,0.0,1.0,1.0,0.0,0.0,0.0,0.0,0.0,0.0,0.0,0.0,0.0,-2.0794415416798357,2.4849066497880004,0.0,0.0,0.0,0.0,-0.5122644716099094,-0.06270519880789859,-1.7303696679395384,1.8286215068954002,-0.7372826231352724,1.0
RTS93,external93,7,17,13,0.3,0.16,perfect,independent,0.0,0.0,0,65.0,315_STEAM_4,112.26770385,12.0,0.125,0.0,0.0,0.0,0.0,0.0,0.0,1.0,1.0,0.0,0.0,0.0,0.0,0.0,0.0,0.0,0.0,0.0,-2.0794415416798357,2.4849066497880004,0.0,0.0,0.0,0.0,-0.5122644716099094,-0.06270519880789859,-1.7303696679395384,1.8286215068954002,-0.7372826231352724,1.0
RTS93,external93,7,17,13,0.3,0.16,perfect,independent,0.0,0.0,0,65.0,315_STEAM_5,112.26770385,12.0,0.125,0.0,0.0,0.0,0.0,0.0,0.0,1.0,1.0,0.0,0.0,0.0,0.0,0.0,0.0,0.0,0.0,0.0,-2.0794415416798357,2.4849066497880004,0.0,0.0,0.0,0.0,-0.5122644716099094,-0.06270519880789859,-1.7303696679395384,1.8286215068954002,-0.7372826231352724,1.0
RTS93,external93,7,17,13,0.3,0.16,perfect,independent,0.0,0.0,0,65.0,315_CT_6,31.33876764,55.0,0.1009090909090909,0.0694444444444444,0.0243055555555555,0.6881881881881883,0.2408658658658658,0.009810606060606,0.0046139530934356,0.9901893939393938,0.9953860469065644,0.0347222222222222,0.0173611111111111,205.3166571196807,237.50782253873956,0.4240452101722809,0.0,-204.89261190950845,0.0,0.0,-2.2935352574741277,4.007333185232471,3.73303012944874,3.725320216536517,1.554565616728641,1.5529353293449355,-0.15227130368908912,-0.20901157555255098,-0.10500744046411228,-0.23724671374495118,-0.7141410587923606,1.0
RTS93,external93,7,17,13,0.3,0.16,perfect,independent,0.0,0.0,0,65.0,315_CT_7,31.33876764,55.0,0.1009090909090909,0.0659722222222222,0.0277777777777777,0.6537787787787788,0.2752752752752753,0.0101508155303029,0.0035037878787878,0.9898491844696968,0.9964962121212122,0.0347222222222222,0.0173611111111111,205.3166571196807,237.50782253873956,0.0,0.0,-205.3166571196807,0.0,0.0,-2.2935352574741277,4.007333185232471,3.73303012944874,3.73303012944874,1.554565616728641,1.554565616728641,-0.1702709620851301,-0.20901157555255098,-0.10500744046411228,-0.23724671374495118,-0.7133385620572534,1.0
RTS93,external93,7,17,13,0.3,0.16,perfect,independent,0.0,0.0,0,65.0,315_CT_8,31.33876764,55.0,0.1009090909090909,0.0833333333333333,0.0381944444444444,0.8258258258258258,0.3785035035035035,0.0147646298611109,0.0047726842171717,0.9852353701388892,0.9952273157828284,0.0347222222222222,0.0173611111111111,209.1398073534774,241.33097277253603,0.0,0.0,-209.1398073534774,0.0,0.0,-2.2935352574741277,4.007333185232471,3.8025419518814076,3.8025419518814076,1.5691453510480136,1.5691453510480136,-0.080272670104925,-0.20901157555255098,-0.10500744046411228,-0.23724671374495118,-0.7024553525447061,1.0
RTS93,external93,7,17,13,0.3,0.16,perfect,independent,0.0,0.0,0,65.0,316_STEAM_1,23.6803874825,155.0,0.0290322580645161,0.2638888888888889,0.3194444444444444,9.089506172839506,11.003086419753084,0.918359963253584,0.9783331751792114,0.0816400367464158,0.0216668248207885,0.8055555555555556,0.7430555555555556,169.72091144455771,1008.5264541329924,57.341006782184195,0.0,-112.37990466237352,0.0,0.0,-3.5393477201429735,5.043425116919247,1.094973622222953,0.725031642983055,0.7395409624704699,0.5452453940733711,0.8557095664892084,-1.0603691543594995,1.0011376842752469,-0.43274173604337784,1.428973574320706,1.0
RTS93,external93,7,17,13,0.3,0.16,perfect,independent,0.0,0.0,0,65.0,318_CC_1,29.14054473,355.0,0.0174929577464788,0.4444444444444444,0.3923611111111111,25.407049561638935,22.429660941134372,0.2129232858489815,0.1051303900528175,0.7870767141510185,0.8948696099471825,0.2430555555555555,0.2534722222222222,3511.504088435813,3569.9024525356954,42.09472155675659,0.0,-3469.4093668790565,0.0,0.0,-4.0459568935300325,5.872117789475416,9.891560812495248,9.772984132053681,2.3879882519727826,2.3770415309743402,1.7916918030833413,-1.4065733963143685,1.8858606819371508,-0.29336062138200003,-0.23503251859136998,1.0
RTS93,external93,7,17,13,0.3,0.16,perfect,independent,0.0,0.0,0,65.0,321_CC_1,27.670203765000004,355.0,0.0174929577464788,0.4826388888888889,0.5659722222222222,27.59046788334228,32.354289676149584,0.4722240841651001,0.4688432217820811,0.5277759158349,0.5311567782179188,0.5243055555555556,0.5173611111111112,2257.640260454067,2486.4793055118535,762.663158832017,0.0,-1494.9771016220502,0.0,0.0,-4.0459568935300325,5.872117789475416,6.3595500294480765,4.211203103160705,1.9959987935685732,1.6508107510187584,1.9896880454397927,-1.4065733963143685,1.8858606819371508,-0.3308939291869755,0.37661431253520733,1.0
RTS93,external93,7,17,13,0.3,0.16,perfect,independent,0.0,0.0,0,65.0,322_CT_5,31.1560683,55.0,0.1009090909090909,0.1180555555555555,0.0486111111111111,1.16991991991992,0.4817317317317317,0.0187364519570706,0.0074262495580809,0.9812635480429294,0.9925737504419192,0.0590277777777777,0.03125,216.8595332950017,251.56281463906043,3.2271214537500086,0.0,-213.6324118412517,0.0,0.0,-2.2935352574741277,4.007333185232471,3.9429006053636675,3.88422566984094,1.5979523259623567,1.5860107611271348,0.09972391385548507,-0.20901157555255098,-0.10500744046411228,-0.24191046911001093,-0.6930864943901293,1.0
RTS93,external93,7,17,13,0.3,0.16,perfect,independent,0.0,0.0,0,65.0,322_CT_6,31.1560683,55.0,0.1009090909090909,0.1458333333333333,0.0694444444444444,1.4451951951951951,0.6881881881881883,0.0265538591540425,0.0090420142045453,0.9734461408459576,0.9909579857954546,0.0590277777777777,0.03125,225.32099854624903,260.02427989030764,3.2271214537500086,0.0,-222.093877092499,0.0,0.0,-2.2935352574741277,4.007333185232471,4.096745428113619,4.038070492590891,1.6286021846747685,1.6170231700101572,0.2437211810238133,-0.20901157555255098,-0.10500744046411228,-0.24191046911001093,-0.6746465498519533,1.0
RTS93,external93,7,17,13,0.3,0.16,perfect,independent,0.0,0.0,0,65.0,323_CC_1,29.281456455,355.0,0.0174929577464788,0.2152777777777778,0.2118055555555555,12.30653963141886,12.108047056718554,0.0192039103380283,0.0175379221146318,0.9807960896619716,0.982462077885368,0.1076388888888889,0.1041666666666666,2331.16588434864,2374.1636667013604,17.62881273950419,0.0,-2313.537071609136,0.0,0.0,-4.0459568935300325,5.872117789475416,6.566664462953915,6.517005835518692,2.023752344579634,2.0171678985045545,0.603714348944634,-1.4065733963143685,1.8858606819371508,-0.2897635760206507,-0.6919838389442027,1.0
RTS93,external93,7,17,13,0.3,0.16,perfect,independent,0.0,0.0,0,65.0,323_CC_2,29.281456455,355.0,0.0174929577464788,0.3090277777777778,0.2222222222222222,17.665839148327073,12.703524780819468,0.0625050954029731,0.0350929198650227,0.9374949045970268,0.9649070801349772,0.1076388888888889,0.1041666666666666,2303.3341009660508,2346.3318833187714,35.28841460645556,0.0,-2268.045686359595,0.0,0.0,-4.0459568935300325,5.872117789475416,6.488265073143805,6.3888610883368875,2.0133371382741365,1.999973607837789,1.0897051256377417,-1.4065733963143685,1.8858606819371508,-0.2897635760206507,-0.5898436496312853,1.0
RTS93,external93,7,17,13,0.3,0.16,perfect,independent,0.0,0.0,0,65.0,121_NUCLEAR_1,2.025875,400.0,0.075,0.0034722222222222,0.0138888888888888,0.0462962962962962,0.1851851851851851,0.8525861243114584,0.9994791666666668,0.1474138756885414,0.0005208333333333,0.9930555555555556,0.9826388888888888,0.0,36178.32760567553,0.0,0.0,0.0,0.0,0.0,-2.5902671654458267,5.991464547107982,0.0,0.0,0.0,0.0,-0.49426481321386845,-0.41179085918916297,2.0132768214430246,-0.9855152094889464,1.2738241863464528,1.0
RTS93,external93,7,17,13,0.3,0.16,perfect,independent,0.0,0.0,0,65.0,122_HYDRO_1,0.0,50.0,1.5,0.0,0.0,0.0,0.0,0.874740151228704,0.995191624722222,0.1252598487712959,0.0048083752777778,1.0,0.9930555555555556,0.0,4758.044027137657,0.0,0.0,0.0,0.0,0.0,0.4054651081081644,3.912023005428146,0.0,0.0,0.0,0.0,-0.5122644716099094,1.6354188546252855,-0.2067618191097883,-1.0372296021090317,1.326081797771569,1.0
RTS93,external93,7,17,13,0.3,0.16,perfect,independent,0.0,0.0,0,65.0,122_HYDRO_2,0.0,50.0,1.5,0.0,0.0,0.0,0.0,0.9939412165824074,0.9988927559722222,0.0060587834175926,0.0011072440277777,1.0,0.9930555555555556,0.0,268.5241077408573,0.0,0.0,0.0,0.0,0.0,0.4054651081081644,3.912023005428146,0.0,0.0,0.0,0.0,-0.5122644716099094,1.6354188546252855,-0.2067618191097883,-1.0372296021090317,1.6072569980176556,1.0
RTS93,external93,7,17,13,0.3,0.16,perfect,independent,0.0,0.0,0,65.0,122_HYDRO_3,0.0,50.0,1.5,0.0,0.0,0.0,0.0,0.9930555555555556,1.0,0.0069444444444444,0.0,1.0,0.9930555555555556,0.0,448.5967137707921,0.0,0.0,0.0,0.0,0.0,0.4054651081081644,3.912023005428146,0.0,0.0,0.0,0.0,-0.5122644716099094,1.6354188546252855,-0.2067618191097883,-1.0372296021090317,1.605167873093845,1.0
RTS93,external93,7,17,13,0.3,0.16,perfect,independent,0.0,0.0,0,65.0,122_HYDRO_4,0.0,50.0,1.5,0.0,0.0,0.0,0.0,0.9604352678722224,1.0,0.0395647321277775,0.0,1.0,0.9930555555555556,0.0,1425.2218886290575,0.0,0.0,0.0,0.0,0.0,0.4054651081081644,3.912023005428146,0.0,0.0,0.0,0.0,-0.5122644716099094,1.6354188546252855,-0.2067618191097883,-1.0372296021090317,1.5282221185049059,1.0
RTS93,external93,7,17,13,0.3,0.16,perfect,independent,0.0,0.0,0,65.0,122_HYDRO_5,0.0,50.0,1.5,0.0,0.0,0.0,0.0,0.9659024896629628,1.0,0.0340975103370372,0.0,1.0,0.9930555555555556,0.0,1503.4778137920075,0.0,0.0,0.0,0.0,0.0,0.4054651081081644,3.912023005428146,0.0,0.0,0.0,0.0,-0.5122644716099094,1.6354188546252855,-0.2067618191097883,-1.0372296021090317,1.5411183722190795,1.0
RTS93,external93,7,17,13,0.3,0.16,perfect,independent,0.0,0.0,0,65.0,122_HYDRO_6,0.0,50.0,1.5,0.0,0.0,0.0,0.0,0.9897265873240744,1.0,0.0102734126759258,0.0,1.0,0.9930555555555556,0.0,518.2289582632584,0.0,0.0,0.0,0.0,0.0,0.4054651081081644,3.912023005428146,0.0,0.0,0.0,0.0,-0.5122644716099094,1.6354188546252855,-0.2067618191097883,-1.0372296021090317,1.5973153987361526,1.0
RTS93,external93,7,17,13,0.3,0.16,perfect,independent,0.0,0.0,0,65.0,201_HYDRO_4,0.0,50.0,1.5,0.0,0.0,0.0,0.0,0.9965277777777778,1.0,0.0034722222222222,0.0,1.0,0.9930555555555556,0.0,177.76338043746364,0.0,0.0,0.0,0.0,0.0,0.4054651081081644,3.912023005428146,0.0,0.0,0.0,0.0,-0.5122644716099094,1.6354188546252855,-0.2067618191097883,-1.0372296021090317,1.6133582594442961,1.0
RTS93,external93,7,17,13,0.3,0.16,perfect,independent,0.0,0.0,0,65.0,215_HYDRO_1,0.0,50.0,1.5,0.0,0.0,0.0,0.0,0.9872428503324076,1.0,0.0127571496675924,0.0,1.0,0.9930555555555556,0.0,867.7474661526649,0.0,0.0,0.0,0.0,0.0,0.4054651081081644,3.912023005428146,0.0,0.0,0.0,0.0,-0.5122644716099094,1.6354188546252855,-0.2067618191097883,-1.0372296021090317,1.5914566822564107,1.0
RTS93,external93,7,17,13,0.3,0.16,perfect,independent,0.0,0.0,0,65.0,215_HYDRO_2,0.0,50.0,1.5,0.0,0.0,0.0,0.0,0.9965277777777778,1.0,0.0034722222222222,0.0,1.0,0.9930555555555556,0.0,177.76338043746364,0.0,0.0,0.0,0.0,0.0,0.4054651081081644,3.912023005428146,0.0,0.0,0.0,0.0,-0.5122644716099094,1.6354188546252855,-0.2067618191097883,-1.0372296021090317,1.6133582594442961,1.0
RTS93,external93,7,17,13,0.3,0.16,perfect,independent,0.0,0.0,0,65.0,215_HYDRO_3,0.0,50.0,1.5,0.0,0.0,0.0,0.0,0.9583050669129632,1.0,0.0416949330870368,0.0,1.0,0.9930555555555556,0.0,1343.0398736798525,0.0,0.0,0.0,0.0,0.0,0.4054651081081644,3.912023005428146,0.0,0.0,0.0,0.0,-0.5122644716099094,1.6354188546252855,-0.2067618191097883,-1.0372296021090317,1.5231973338731004,1.0
RTS93,external93,7,17,13,0.3,0.16,perfect,independent,0.0,0.0,0,65.0,222_HYDRO_1,0.0,50.0,1.5,0.0,0.0,0.0,0.0,0.9980165355481484,1.0,0.0019834644518517,0.0,1.0,0.9930555555555556,0.0,74.15634471898375,0.0,0.0,0.0,0.0,0.0,0.4054651081081644,3.912023005428146,0.0,0.0,0.0,0.0,-0.5122644716099094,1.6354188546252855,-0.2067618191097883,-1.0372296021090317,1.6168699878249089,1.0
RTS93,external93,7,17,13,0.3,0.16,perfect,independent,0.0,0.0,0,65.0,222_HYDRO_2,0.0,50.0,1.5,0.0,0.0,0.0,0.0,0.9157495558064817,1.0,0.0842504441935182,0.0,1.0,0.9930555555555556,0.0,3099.7766467977417,0.0,0.0,0.0,0.0,0.0,0.4054651081081644,3.912023005428146,0.0,0.0,0.0,0.0,-0.5122644716099094,1.6354188546252855,-0.2067618191097883,-1.0372296021090317,1.4228160636098333,1.0
RTS93,external93,7,17,13,0.3,0.16,perfect,independent,0.0,0.0,0,65.0,222_HYDRO_3,0.0,50.0,1.5,0.0,0.0,0.0,0.0,0.9512911069675932,1.0,0.0487088930324069,0.0,1.0,0.9930555555555556,0.0,1972.088002810906,0.0,0.0,0.0,0.0,0.0,0.4054651081081644,3.912023005428146,0.0,0.0,0.0,0.0,-0.5122644716099094,1.6354188546252855,-0.2067618191097883,-1.0372296021090317,1.5066525858349389,1.0
RTS93,external93,7,17,13,0.3,0.16,perfect,independent,0.0,0.0,0,65.0,222_HYDRO_4,0.0,50.0,1.5,0.0,0.0,0.0,0.0,0.9905843907416668,1.0,0.0094156092583334,0.0,1.0,0.9930555555555556,0.0,626.8423041962087,0.0,0.0,0.0,0.0,0.0,0.4054651081081644,3.912023005428146,0.0,0.0,0.0,0.0,-0.5122644716099094,1.6354188546252855,-0.2067618191097883,-1.0372296021090317,1.5993388122601644,1.0
RTS93,external93,7,17,13,0.3,0.16,perfect,independent,0.0,0.0,0,65.0,222_HYDRO_5,0.0,50.0,1.5,0.0,0.0,0.0,0.0,0.9909108794074074,1.0,0.0090891205925926,0.0,1.0,0.9930555555555556,0.0,375.2726777481439,0.0,0.0,0.0,0.0,0.0,0.4054651081081644,3.912023005428146,0.0,0.0,0.0,0.0,-0.5122644716099094,1.6354188546252855,-0.2067618191097883,-1.0372296021090317,1.6001089439338645,1.0
RTS93,external93,7,17,13,0.3,0.16,perfect,independent,0.0,0.0,0,65.0,222_HYDRO_6,0.0,50.0,1.5,0.0,0.0,0.0,0.0,0.9965277777777778,1.0,0.0034722222222222,0.0,1.0,0.9930555555555556,0.0,270.8333333332921,0.0,0.0,0.0,0.0,0.0,0.4054651081081644,3.912023005428146,0.0,0.0,0.0,0.0,-0.5122644716099094,1.6354188546252855,-0.2067618191097883,-1.0372296021090317,1.6133582594442961,1.0
RTS93,external93,7,17,13,0.3,0.16,perfect,independent,0.0,0.0,0,65.0,322_HYDRO_1,0.0,50.0,1.5,0.0,0.0,0.0,0.0,0.9932319956870372,1.0,0.0067680043129628,0.0,1.0,0.9930555555555556,0.0,527.9043364110548,0.0,0.0,0.0,0.0,0.0,0.4054651081081644,3.912023005428146,0.0,0.0,0.0,0.0,-0.5122644716099094,1.6354188546252855,-0.2067618191097883,-1.0372296021090317,1.6055840655930782,1.0
RTS93,external93,7,17,13,0.3,0.16,perfect,independent,0.0,0.0,0,65.0,322_HYDRO_2,0.0,50.0,1.5,0.0,0.0,0.0,0.0,1.0,1.0,0.0,0.0,1.0,0.9930555555555556,0.0,0.0,0.0,0.0,0.0,0.0,0.0,0.4054651081081644,3.912023005428146,0.0,0.0,0.0,0.0,-0.5122644716099094,1.6354188546252855,-0.2067618191097883,-1.0372296021090317,1.621548645794748,1.0
RTS93,external93,7,17,13,0.3,0.16,perfect,independent,0.0,0.0,0,65.0,322_HYDRO_3,0.0,50.0,1.5,0.0,0.0,0.0,0.0,0.992574688187037,1.0,0.0074253118129629,0.0,1.0,0.9930555555555556,0.0,555.926508385859,0.0,0.0,0.0,0.0,0.0,0.4054651081081644,3.912023005428146,0.0,0.0,0.0,0.0,-0.5122644716099094,1.6354188546252855,-0.2067618191097883,-1.0372296021090317,1.6040335881087753,1.0
RTS93,external93,7,17,13,0.3,0.16,perfect,independent,0.0,0.0,0,65.0,322_HYDRO_4,0.0,50.0,1.5,0.0,0.0,0.0,0.0,0.9750970963296298,1.0,0.0249029036703702,0.0,1.0,0.9930555555555556,0.0,1124.4570772510124,0.0,0.0,0.0,0.0,0.0,0.4054651081081644,3.912023005428146,0.0,0.0,0.0,0.0,-0.5122644716099094,1.6354188546252855,-0.2067618191097883,-1.0372296021090317,1.5628068979299263,1.0
RTS93,external93,10,13,13,0.3,0.16,perfect,independent,0.0,0.0,0,65.0,101_CT_1,109.6984653,20.0,0.225,0.0,0.0,0.0,0.0,0.0,0.0,1.0,1.0,0.0,0.0,0.0,0.0,0.0,0.0,0.0,0.0,0.0,-1.491654876777717,2.995732273553991,0.0,0.0,0.0,0.0,-0.5122644716099094,0.33897374315264334,-1.1850056360038916,1.763036704718879,-0.7372826231352724,1.0
RTS93,external93,10,13,13,0.3,0.16,perfect,independent,0.0,0.0,0,65.0,101_CT_2,109.6984653,20.0,0.225,0.0,0.0,0.0,0.0,0.0,0.0,1.0,1.0,0.0,0.0,0.0,0.0,0.0,0.0,0.0,0.0,0.0,-1.491654876777717,2.995732273553991,0.0,0.0,0.0,0.0,-0.5122644716099094,0.33897374315264334,-1.1850056360038916,1.763036704718879,-0.7372826231352724,1.0
RTS93,external93,10,13,13,0.3,0.16,perfect,independent,0.0,0.0,0,65.0,101_STEAM_3,19.3218686,76.0,0.0394736842105263,0.09375,0.0486111111111111,2.375,1.2314814814814816,0.9933150474838012,0.9980036150173612,0.0066849525161987,0.0019963849826388,0.9548611111111112,0.9583333333333334,337.8704633879024,343.1455958359211,18.04723065625149,0.0,-319.82323273165093,0.0,0.0,-3.232121051618222,4.330733340286331,4.445663991946084,4.208200430679618,1.6948196942111937,1.6502343893192701,-0.026273694916801777,-0.8504180096263427,0.24025874095513047,-0.5440013926024746,1.6057799707682254,1.0
RTS93,external93,10,13,13,0.3,0.16,perfect,independent,0.0,0.0,0,65.0,101_STEAM_4,19.3218686,76.0,0.0394736842105263,0.0763888888888889,0.0555555555555555,1.9351851851851851,1.4074074074074074,0.9939670365908262,0.9978773334155702,0.0060329634091739,0.0021226665844298,0.9548611111111112,0.9583333333333334,335.70077193899306,335.94928409961904,18.04723065625149,0.0,-317.65354128274157,0.0,0.0,-3.232121051618222,4.330733340286331,4.4171154202499086,4.1796518589834415,1.6895634634913967,1.6447378453223311,-0.11627198689700685,-0.8504180096263427,0.24025874095513047,-0.5440013926024746,1.6073179030608782,1.0
RTS93,external93,10,13,13,0.3,0.16,perfect,independent,0.0,0.0,0,65.0,102_CT_1,108.68163675,20.0,0.225,0.0,0.0,0.0,0.0,0.0,0.0,1.0,1.0,0.0,0.0,0.0,0.0,0.0,0.0,0.0,0.0,0.0,-1.491654876777717,2.995732273553991,0.0,0.0,0.0,0.0,-0.5122644716099094,0.33897374315264334,-1.1850056360038916,1.7370801818030965,-0.7372826231352724,1.0
RTS93,external93,10,13,13,0.3,0.16,perfect,independent,0.0,0.0,0,65.0,102_CT_2,108.68163675,20.0,0.225,0.0,0.0,0.0,0.0,0.0,0.0,1.0,1.0,0.0,0.0,0.0,0.0,0.0,0.0,0.0,0.0,0.0,-1.491654876777717,2.995732273553991,0.0,0.0,0.0,0.0,-0.5122644716099094,0.33897374315264334,-1.1850056360038916,1.7370801818030965,-0.7372826231352724,1.0
RTS93,external93,10,13,13,0.3,0.16,perfect,independent,0.0,0.0,0,65.0,102_STEAM_3,21.582252407499997,76.0,0.0394736842105263,0.2951388888888889,0.3541666666666667,7.476851851851852,8.972222222222223,0.9540824666352674,0.9471749129203216,0.0459175333647326,0.0528250870796782,0.8194444444444444,0.71875,820.9174625941487,840.3807756141368,109.18526151556034,0.0,-711.7322010785883,0.0,0.0,-3.232121051618222,4.330733340286331,10.801545560449325,9.364897382613004,2.4682305025936224,2.338424845463722,1.0177064920535777,-0.8504180096263427,0.24025874095513047,-0.48630070737108666,1.5132369323018793,1.0
RTS93,external93,10,13,13,0.3,0.16,perfect,independent,0.0,0.0,0,65.0,102_STEAM_4,21.582252407499997,76.0,0.0394736842105263,0.2638888888888889,0.3854166666666667,6.685185185185186,9.76388888888889,0.9696409750639616,0.95542060724598,0.0303590249360384,0.0445793927540199,0.8194444444444444,0.71875,858.4817461583116,865.6254880864362,114.36929061535056,0.0,-744.112455542961,0.0,0.0,-3.232121051618222,4.330733340286331,11.295812449451468,9.790953362407382,2.509258753147575,2.3787081314750633,0.8557095664892084,-0.8504180096263427,0.24025874095513047,-0.48630070737108666,1.5499368284813944,1.0
RTS93,external93,10,13,13,0.3,0.16,perfect,independent,0.0,0.0,0,65.0,107_CC_1,27.15028809,355.0,0.0174929577464788,0.2291666666666666,0.2534722222222222,13.100509930220076,14.489957953122206,0.0736261645083547,0.0723493620892018,0.9263738354916452,0.9276506379107984,0.1215277777777777,0.1493055555555555,916.352625719266,916.3526257192664,133.1441188994621,0.0,-783.208506819804,0.0,0.0,-4.0459568935300325,5.872117789475416,2.5812750020261013,2.206221145971279,1.2757188828250878,1.165093030589245,0.6757129825287976,-1.4065733963143685,1.8858606819371508,-0.344165786209885,-0.5636109240815796,1.0
RTS93,external93,10,13,13,0.3,0.16,perfect,independent,0.0,0.0,0,65.0,113_CT_1,34.424248515,55.0,0.1009090909090909,0.0,0.0069444444444444,0.0,0.0688188188188188,0.0,0.0007007575757575,1.0,0.9992992424242424,0.0,0.0,0.0,0.0,0.0,0.0,0.0,0.0,0.0,-2.2935352574741277,4.007333185232471,0.0,0.0,0.0,0.0,-0.5122644716099094,-0.20901157555255098,-0.10500744046411228,-0.15848382393609617,-0.7372826231352724,1.0
RTS93,external93,10,13,13,0.3,0.16,perfect,independent,0.0,0.0,0,65.0,113_CT_2,34.424248515,55.0,0.1009090909090909,0.0,0.0069444444444444,0.0,0.0688188188188188,0.0,0.0007007575757575,1.0,0.9992992424242424,0.0,0.0,0.0,0.0,0.0,0.0,0.0,0.0,0.0,-2.2935352574741277,4.007333185232471,0.0,0.0,0.0,0.0,-0.5122644716099094,-0.20901157555255098,-0.10500744046411228,-0.15848382393609617,-0.7372826231352724,1.0
RTS93,external93,10,13,13,0.3,0.16,perfect,independent,0.0,0.0,0,65.0,113_CT_3,34.424248515,55.0,0.1009090909090909,0.0,0.0069444444444444,0.0,0.0688188188188188,0.0,0.0007007575757575,1.0,0.9992992424242424,0.0,0.0,0.0,0.0,0.0,0.0,0.0,0.0,0.0,-2.2935352574741277,4.007333185232471,0.0,0.0,0.0,0.0,-0.5122644716099094,-0.20901157555255098,-0.10500744046411228,-0.15848382393609617,-0.7372826231352724,1.0
RTS93,external93,10,13,13,0.3,0.16,perfect,independent,0.0,0.0,0,65.0,113_CT_4,34.424248515,55.0,0.1009090909090909,0.0,0.0069444444444444,0.0,0.0688188188188188,0.0002625707702019,0.0007007575757575,0.999737429229798,0.9992992424242424,0.0,0.0,0.0,0.0,0.0,0.0,0.0,0.0,0.0,-2.2935352574741277,4.007333185232471,0.0,0.0,0.0,0.0,-0.5122644716099094,-0.20901157555255098,-0.10500744046411228,-0.15848382393609617,-0.7366632629922131,1.0
RTS93,external93,10,13,13,0.3,0.16,perfect,independent,0.0,0.0,0,65.0,115_STEAM_1,140.6638701,12.0,0.125,0.0,0.0,0.0,0.0,0.0,0.0,1.0,1.0,0.0,0.0,0.0,0.0,0.0,0.0,0.0,0.0,0.0,-2.0794415416798357,2.4849066497880004,0.0,0.0,0.0,0.0,-0.5122644716099094,-0.06270519880789859,-1.7303696679395384,2.553488781706389,-0.7372826231352724,1.0
RTS93,external93,10,13,13,0.3,0.16,perfect,independent,0.0,0.0,0,65.0,115_STEAM_2,140.6638701,12.0,0.125,0.0,0.0,0.0,0.0,0.0,0.0,1.0,1.0,0.0,0.0,0.0,0.0,0.0,0.0,0.0,0.0,0.0,-2.0794415416798357,2.4849066497880004,0.0,0.0,0.0,0.0,-0.5122644716099094,-0.06270519880789859,-1.7303696679395384,2.553488781706389,-0.7372826231352724,1.0
RTS93,external93,10,13,13,0.3,0.16,perfect,independent,0.0,0.0,0,65.0,115_STEAM_3,23.535050669999997,155.0,0.0290322580645161,0.4791666666666667,0.4444444444444444,16.50462962962963,15.30864197530864,0.4238740489208209,0.3950508876836915,0.5761259510791791,0.6049491123163084,0.4513888888888889,0.4131944444444444,548.4543727191831,584.9457429974696,52.54341933910109,0.0,-495.910953380082,0.0,0.0,-3.5393477201429735,5.043425116919247,3.5384153078656975,3.199425505677948,1.5125778999898276,1.4349477315710952,1.9716883870437518,-1.0603691543594995,1.0011376842752469,-0.43645174035449125,0.2625647375471331,1.0
RTS93,external93,10,13,13,0.3,0.16,perfect,independent,0.0,0.0,0,65.0,116_STEAM_1,23.254946994999997,155.0,0.0290322580645161,0.4861111111111111,0.4618055555555556,16.743827160493826,15.906635802469136,0.4686015934229339,0.467420691306004,0.531398406577066,0.532579308693996,0.5034722222222222,0.4583333333333333,626.7828863809887,652.7068951281758,44.22913748765859,0.0,-582.5537488933301,0.0,0.0,-3.5393477201429735,5.043425116919247,4.043760557296701,3.7584112831827747,1.6181519461782585,1.5599138484944834,2.007687703835834,-1.0603691543594995,1.0011376842752469,-0.4436019304813642,0.3680694681011762,1.0
RTS93,external93,10,13,13,0.3,0.16,perfect,independent,0.0,0.0,0,65.0,118_CC_1,27.75086358,355.0,0.0174929577464788,0.15625,0.1701388888888889,8.932165861513688,9.726136160314905,0.0345346642447356,0.0351957866784041,0.9654653357552644,0.964804213321596,0.0763888888888889,0.1041666666666666,359.3626023778853,359.3626023778853,29.735554236336128,0.0,-329.62704814154915,0.0,0.0,-4.0459568935300325,5.872117789475416,1.0122890207827755,0.9285268961733779,0.6992728904214204,0.6567564452494088,0.2977201562119366,-1.4065733963143685,1.8858606819371508,-0.32883493080772047,-0.6558211772527904,1.0
RTS93,external93,10,13,13,0.3,0.16,perfect,independent,0.0,0.0,0,65.0,123_STEAM_2,24.654408375,155.0,0.0290322580645161,0.3576388888888889,0.3541666666666667,12.318672839506172,12.199074074074074,0.2451026262567196,0.2379861453987445,0.7548973737432803,0.7620138546012555,0.2847222222222222,0.2951388888888889,859.1166581358696,896.3086877321191,233.18315066214723,0.0,-625.9335074737223,0.0,0.0,-3.5393477201429735,5.043425116919247,5.54268811700561,4.038280693378853,1.8783481080857007,1.6170648916183292,1.341700343182316,-1.0603691543594995,1.0011376842752469,-0.40787796169653473,-0.159126884224054,1.0
RTS93,external93,10,13,13,0.3,0.16,perfect,independent,0.0,0.0,0,65.0,123_STEAM_3,22.665143785,350.0,0.0171428571428571,0.5729166666666666,0.53125,33.420138888888886,30.989583333333332,0.463781454271824,0.4784541334930545,0.536218545728176,0.5215458665069455,0.59375,0.5243055555555556,2885.79684749001,2944.2947965537587,356.2594479431282,0.0,-2529.5373995468817,0.0,0.0,-4.066173685255407,5.857933154483459,8.245133849971458,7.227249712991091,2.2240973428274624,2.1074517805875974,2.457679163736859,-1.4203890542647535,1.8707169824615488,-0.45865780252210037,0.3566995731509443,1.0
RTS93,external93,10,13,13,0.3,0.16,perfect,independent,0.0,0.0,0,65.0,123_CT_1,34.156030335000004,55.0,0.1009090909090909,0.0069444444444444,0.0069444444444444,0.0688188188188188,0.0688188188188188,0.0003503787878787,0.0007007575757575,0.9996496212121212,0.9992992424242424,0.0034722222222222,0.0069444444444444,0.0,0.0,0.0,0.0,0.0,0.0,0.0,-2.2935352574741277,4.007333185232471,0.0,0.0,0.0,0.0,-0.4762651548178275,-0.20901157555255098,-0.10500744046411228,-0.16533061372735405,-0.7364561386944544,1.0
RTS93,external93,10,13,13,0.3,0.16,perfect,independent,0.0,0.0,0,65.0,123_CT_4,34.156030335000004,55.0,0.1009090909090909,0.0069444444444444,0.0069444444444444,0.0688188188188188,0.0688188188188188,0.0003503787878787,0.0007007575757575,0.9996496212121212,0.9992992424242424,0.0034722222222222,0.0069444444444444,0.0,0.0,0.0,0.0,0.0,0.0,0.0,-2.2935352574741277,4.007333185232471,0.0,0.0,0.0,0.0,-0.4762651548178275,-0.20901157555255098,-0.10500744046411228,-0.16533061372735405,-0.7364561386944544,1.0
RTS93,external93,10,13,13,0.3,0.16,perfect,independent,0.0,0.0,0,65.0,123_CT_5,34.156030335000004,55.0,0.1009090909090909,0.0069444444444444,0.0069444444444444,0.0688188188188188,0.0688188188188188,0.0003962736489902,0.0007007575757575,0.9996037263510098,0.9992992424242424,0.0034722222222222,0.0069444444444444,0.0,0.0,0.0,0.0,0.0,0.0,0.0,-2.2935352574741277,4.007333185232471,0.0,0.0,0.0,0.0,-0.4762651548178275,-0.20901157555255098,-0.10500744046411228,-0.16533061372735405,-0.7363478804609813,1.0
RTS93,external93,10,13,13,0.3,0.16,perfect,independent,0.0,0.0,0,65.0,201_CT_1,105.65443725,20.0,0.225,0.0,0.0,0.0,0.0,0.0,0.0,1.0,1.0,0.0,0.0,0.0,0.0,0.0,0.0,0.0,0.0,0.0,-1.491654876777717,2.995732273553991,0.0,0.0,0.0,0.0,-0.5122644716099094,0.33897374315264334,-1.1850056360038916,1.6598050372446584,-0.7372826231352724,1.0
RTS93,external93,10,13,13,0.3,0.16,perfect,independent,0.0,0.0,0,65.0,201_CT_2,105.65443725,20.0,0.225,0.0,0.0,0.0,0.0,0.0,0.0,1.0,1.0,0.0,0.0,0.0,0.0,0.0,0.0,0.0,0.0,0.0,-1.491654876777717,2.995732273553991,0.0,0.0,0.0,0.0,-0.5122644716099094,0.33897374315264334,-1.1850056360038916,1.6598050372446584,-0.7372826231352724,1.0
RTS93,external93,10,13,13,0.3,0.16,perfect,independent,0.0,0.0,0,65.0,201_STEAM_3,24.7120146025,76.0,0.0394736842105263,0.28125,0.2673611111111111,7.125,6.773148148148149,0.2212394634685675,0.2330350564967116,0.7787605365314325,0.7669649435032883,0.2604166666666667,0.2534722222222222,303.9503645877246,328.58663385959983,32.09792397064871,0.0,-271.8524406170759,0.0,0.0,-3.232121051618222,4.330733340286331,3.9993469024700605,3.5770057975931038,1.6093072843966418,1.5210450283504284,0.9457078584694134,-0.8504180096263427,0.24025874095513047,-0.4064074508968571,-0.2154160587843145,1.0
RTS93,external93,10,13,13,0.3,0.16,perfect,independent,0.0,0.0,0,65.0,202_CT_1,101.92865324999998,20.0,0.225,0.0,0.0,0.0,0.0,0.0,0.0,1.0,1.0,0.0,0.0,0.0,0.0,0.0,0.0,0.0,0.0,0.0,-1.491654876777717,2.995732273553991,0.0,0.0,0.0,0.0,-0.5122644716099094,0.33897374315264334,-1.1850056360038916,1.564697167018888,-0.7372826231352724,1.0
RTS93,external93,10,13,13,0.3,0.16,perfect,independent,0.0,0.0,0,65.0,202_CT_2,101.92865324999998,20.0,0.225,0.0,0.0,0.0,0.0,0.0,0.0,1.0,1.0,0.0,0.0,0.0,0.0,0.0,0.0,0.0,0.0,0.0,-1.491654876777717,2.995732273553991,0.0,0.0,0.0,0.0,-0.5122644716099094,0.33897374315264334,-1.1850056360038916,1.564697167018888,-0.7372826231352724,1.0
RTS93,external93,10,13,13,0.3,0.16,perfect,independent,0.0,0.0,0,65.0,202_STEAM_3,23.6803874825,76.0,0.0394736842105263,0.3333333333333333,0.4097222222222222,8.444444444444445,10.37962962962963,0.2669883015168139,0.3060182691200664,0.733011698483186,0.6939817308799335,0.3194444444444444,0.3368055555555556,414.58892036114935,441.8074074980246,9.550806060103469,0.0,-405.0381143010459,0.0,0.0,-3.232121051618222,4.330733340286331,5.455117373173017,5.329448872382183,1.8648732074288792,1.845213166391244,1.2157027344100286,-0.8504180096263427,0.24025874095513047,-0.43274173604337784,-0.1075022690788954,1.0
RTS93,external93,10,13,13,0.3,0.16,perfect,independent,0.0,0.0,0,65.0,202_STEAM_4,23.6803874825,76.0,0.0394736842105263,0.3819444444444444,0.4097222222222222,9.675925925925926,10.37962962962963,0.2927155360608542,0.3502022183296791,0.7072844639391457,0.6497977816703209,0.3194444444444444,0.3368055555555556,402.0671921452756,429.2856792821508,18.48232098006679,0.0,-383.5848711652088,0.0,0.0,-3.232121051618222,4.330733340286331,5.290357791385206,5.0471693574369585,1.8390179516677616,1.7995902877513732,1.467697951954603,-0.8504180096263427,0.24025874095513047,-0.43274173604337784,-0.04681606377331657,1.0
RTS93,external93,10,13,13,0.3,0.16,perfect,independent,0.0,0.0,0,65.0,207_CT_1,41.098605255,55.0,0.1009090909090909,0.0,0.0,0.0,0.0,0.0,0.0,1.0,1.0,0.0,0.0,0.0,0.0,0.0,0.0,0.0,0.0,0.0,-2.2935352574741277,4.007333185232471,0.0,0.0,0.0,0.0,-0.5122644716099094,-0.20901157555255098,-0.10500744046411228,0.01189209014491675,-0.7372826231352724,1.0
RTS93,external93,10,13,13,0.3,0.16,perfect,independent,0.0,0.0,0,65.0,207_CT_2,41.098605255,55.0,0.1009090909090909,0.0,0.0,0.0,0.0,0.0,0.0,1.0,1.0,0.0,0.0,0.0,0.0,0.0,0.0,0.0,0.0,0.0,-2.2935352574741277,4.007333185232471,0.0,0.0,0.0,0.0,-0.5122644716099094,-0.20901157555255098,-0.10500744046411228,0.01189209014491675,-0.7372826231352724,1.0
RTS93,external93,10,13,13,0.3,0.16,perfect,independent,0.0,0.0,0,65.0,213_CC_3,29.04336423,355.0,0.0174929577464788,0.0729166666666666,0.0694444444444444,4.168344068706388,3.969851494006084,0.0107002226736744,0.0062998660993741,0.9892997773263256,0.993700133900626,0.0347222222222222,0.0555555555555555,91.86546420869207,91.86546420869207,5.634129942707716,0.0,-86.23133426598437,0.0,0.0,-4.0459568935300325,5.872117789475416,0.2587759555174425,0.24290516694643483,0.2301397849114841,0.2174515159305605,-0.13427164529304825,-1.4065733963143685,1.8858606819371508,-0.2958413423208615,-0.7120426033080953,1.0
RTS93,external93,10,13,13,0.3,0.16,perfect,independent,0.0,0.0,0,65.0,213_CT_1,34.424248515,55.0,0.1009090909090909,0.0069444444444444,0.0,0.0688188188188188,0.0,0.0003503787878787,0.0,0.9996496212121212,1.0,0.0,0.0,0.0,0.0,0.0,0.0,0.0,0.0,0.0,-2.2935352574741277,4.007333185232471,0.0,0.0,0.0,0.0,-0.4762651548178275,-0.20901157555255098,-0.10500744046411228,-0.15848382393609617,-0.7364561386944544,1.0
RTS93,external93,10,13,13,0.3,0.16,perfect,independent,0.0,0.0,0,65.0,213_CT_2,34.424248515,55.0,0.1009090909090909,0.0069444444444444,0.0,0.0688188188188188,0.0,0.0003503787878787,9.176357323207038e-05,0.9996496212121212,0.999908236426768,0.0,0.0,0.0,0.0,0.0,0.0,0.0,0.0,0.0,-2.2935352574741277,4.007333185232471,0.0,0.0,0.0,0.0,-0.4762651548178275,-0.20901157555255098,-0.10500744046411228,-0.15848382393609617,-0.7364561386944544,1.0
RTS93,external93,10,13,13,0.3,0.16,perfect,independent,0.0,0.0,0,65.0,215_CT_4,35.281380525,55.0,0.1009090909090909,0.0,0.0,0.0,0.0,0.0,0.0,1.0,1.0,0.0,0.0,0.0,0.0,0.0,0.0,0.0,0.0,0.0,-2.2935352574741277,4.007333185232471,0.0,0.0,0.0,0.0,-0.5122644716099094,-0.20901157555255098,-0.10500744046411228,-0.13660386525533708,-0.7372826231352724,1.0
RTS93,external93,10,13,13,0.3,0.16,perfect,independent,0.0,0.0,0,65.0,215_CT_5,35.281380525,55.0,0.1009090909090909,0.0,0.0,0.0,0.0,0.0,0.0,1.0,1.0,0.0,0.0,0.0,0.0,0.0,0.0,0.0,0.0,0.0,-2.2935352574741277,4.007333185232471,0.0,0.0,0.0,0.0,-0.5122644716099094,-0.20901157555255098,-0.10500744046411228,-0.13660386525533708,-0.7372826231352724,1.0
RTS93,external93,10,13,13,0.3,0.16,perfect,independent,0.0,0.0,0,65.0,216_STEAM_1,21.7693405225,155.0,0.0290322580645161,0.4479166666666667,0.4791666666666667,15.42824074074074,16.50462962962963,0.7677970184789421,0.781638652538082,0.2322029815210579,0.2183613474619179,0.7569444444444444,0.6597222222222222,1780.904832180372,1811.2856603450584,280.89304289342454,0.0,-1500.0117892869475,0.0,0.0,-3.5393477201429735,5.043425116919247,11.489708594712077,9.6774954147545,2.524904992777408,2.368138294302767,1.8096914614793826,-1.0603691543594995,1.0011376842752469,-0.4815249200033262,1.0738209922440967,1.0
RTS93,external93,10,13,13,0.3,0.16,perfect,independent,0.0,0.0,0,65.0,218_CC_1,29.15998083,355.0,0.0174929577464788,0.0486111111111111,0.0486111111111111,2.778896045804258,2.778896045804258,0.0037950943878573,0.0043616370500782,0.9962049056121428,0.9956383629499216,0.0243055555555555,0.0347222222222222,52.142619476027846,52.142619476027846,3.4550878458429324,0.0,-48.687531630184914,0.0,0.0,-4.0459568935300325,5.872117789475416,0.14688061824233195,0.1371479764230561,0.13704575098870722,0.12852335267041687,-0.26026925406533513,-1.4065733963143685,1.8858606819371508,-0.2928644771942277,-0.7283306358246537,1.0
RTS93,external93,10,13,13,0.3,0.16,perfect,independent,0.0,0.0,0,65.0,221_CC_1,28.087108110000003,355.0,0.0174929577464788,0.1041666666666666,0.1180555555555555,5.9547772410091255,6.748747539810342,0.0167905944680259,0.0201750626662754,0.983209405531974,0.9798249373337248,0.0555555555555555,0.0694444444444444,218.9161203023889,218.9161203023889,8.662747411484943,0.0,-210.2533728909039,0.0,0.0,-4.0459568935300325,5.872117789475416,0.616665127612363,0.5922630222278985,0.4803654642884762,0.46515628874297454,0.02772528027132095,-1.4065733963143685,1.8858606819371508,-0.3202516363592594,-0.6976764438801695,1.0
RTS93,external93,10,13,13,0.3,0.16,perfect,independent,0.0,0.0,0,65.0,223_STEAM_1,20.523671915,155.0,0.0290322580645161,0.1840277777777778,0.1006944444444444,6.338734567901235,3.4683641975308643,0.9844970523034376,0.9966978668794804,0.0155029476965625,0.0033021331205196,0.8888888888888888,0.8229166666666666,1011.0069075464326,1023.5058638435876,66.19218051561984,0.0,-944.8147270308128,0.0,0.0,-3.5393477201429735,5.043425116919247,6.522625209976984,6.095578884069759,2.017915174112951,1.9594718977093062,0.4417174233802648,-1.0603691543594995,1.0011376842752469,-0.5133230296807593,1.5849798080075097,1.0
RTS93,external93,10,13,13,0.3,0.16,perfect,independent,0.0,0.0,0,65.0,223_STEAM_2,20.523671915,155.0,0.0290322580645161,0.1215277777777777,0.125,4.1859567901234565,4.305555555555555,0.9912256923163084,0.9942369462589604,0.0087743076836916,0.0057630537410393,0.8888888888888888,0.8229166666666666,998.9815423833496,1012.8728967530388,55.74664135006606,0.0,-943.2349010332836,0.0,0.0,-3.5393477201429735,5.043425116919247,6.4450422089248365,6.085386458279249,2.007548335552384,1.9580344176366111,0.11772357225152602,-1.0603691543594995,1.0011376842752469,-0.5133230296807593,1.600851534467243,1.0
RTS93,external93,10,13,13,0.3,0.16,perfect,independent,0.0,0.0,0,65.0,223_STEAM_3,22.571599727499997,350.0,0.0171428571428571,0.5659722222222222,0.6041666666666666,33.01504629629629,35.24305555555555,0.5257463639910746,0.5239938617658734,0.4742536360089254,0.4760061382341266,0.6527777777777778,0.5972222222222222,3273.7853594173157,3332.657484711064,695.2184857011271,0.0,-2578.5668737161886,0.0,0.0,-4.066173685255407,5.857933154483459,9.353672455478044,7.367333924903396,2.3373412833915377,2.124335306270094,2.421679846944777,-1.4203890542647535,1.8707169824615488,-0.4610456962059807,0.5028643397731383,1.0
RTS93,external93,10,13,13,0.3,0.16,perfect,independent,0.0,0.0,0,65.0,223_CT_4,48.87207345,55.0,0.1009090909090909,0.0,0.0,0.0,0.0,0.0,0.0,1.0,1.0,0.0,0.0,0.0,0.0,0.0,0.0,0.0,0.0,0.0,-2.2935352574741277,4.007333185232471,0.0,0.0,0.0,0.0,-0.5122644716099094,-0.20901157555255098,-0.10500744046411228,0.21032495804445406,-0.7372826231352724,1.0
RTS93,external93,10,13,13,0.3,0.16,perfect,independent,0.0,0.0,0,65.0,223_CT_5,48.87207345,55.0,0.1009090909090909,0.0,0.0,0.0,0.0,0.0,0.0,1.0,1.0,0.0,0.0,0.0,0.0,0.0,0.0,0.0,0.0,0.0,-2.2935352574741277,4.007333185232471,0.0,0.0,0.0,0.0,-0.5122644716099094,-0.20901157555255098,-0.10500744046411228,0.21032495804445406,-0.7372826231352724,1.0
RTS93,external93,10,13,13,0.3,0.16,perfect,independent,0.0,0.0,0,65.0,223_CT_6,48.87207345,55.0,0.1009090909090909,0.0,0.0,0.0,0.0,0.0,0.0,1.0,1.0,0.0,0.0,0.0,0.0,0.0,0.0,0.0,0.0,0.0,-2.2935352574741277,4.007333185232471,0.0,0.0,0.0,0.0,-0.5122644716099094,-0.20901157555255098,-0.10500744046411228,0.21032495804445406,-0.7372826231352724,1.0
RTS93,external93,10,13,13,0.3,0.16,perfect,independent,0.0,0.0,0,65.0,301_CT_1,110.83689929999998,20.0,0.225,0.0,0.0,0.0,0.0,0.0,0.0,1.0,1.0,0.0,0.0,0.0,0.0,0.0,0.0,0.0,0.0,0.0,-1.491654876777717,2.995732273553991,0.0,0.0,0.0,0.0,-0.5122644716099094,0.33897374315264334,-1.1850056360038916,1.7920974428434195,-0.7372826231352724,1.0
RTS93,external93,10,13,13,0.3,0.16,perfect,independent,0.0,0.0,0,65.0,301_CT_2,110.83689929999998,20.0,0.225,0.0,0.0,0.0,0.0,0.0,0.0,1.0,1.0,0.0,0.0,0.0,0.0,0.0,0.0,0.0,0.0,0.0,-1.491654876777717,2.995732273553991,0.0,0.0,0.0,0.0,-0.5122644716099094,0.33897374315264334,-1.1850056360038916,1.7920974428434195,-0.7372826231352724,1.0
RTS93,external93,10,13,13,0.3,0.16,perfect,independent,0.0,0.0,0,65.0,301_CT_3,38.095727805,55.0,0.1009090909090909,0.0,0.0,0.0,0.0,0.0,0.0,1.0,1.0,0.0,0.0,0.0,0.0,0.0,0.0,0.0,0.0,0.0,-2.2935352574741277,4.007333185232471,0.0,0.0,0.0,0.0,-0.5122644716099094,-0.20901157555255098,-0.10500744046411228,-0.06476218686590589,-0.7372826231352724,1.0
RTS93,external93,10,13,13,0.3,0.16,perfect,independent,0.0,0.0,0,65.0,301_CT_4,38.095727805,55.0,0.1009090909090909,0.0,0.0,0.0,0.0,0.0,0.0,1.0,1.0,0.0,0.0,0.0,0.0,0.0,0.0,0.0,0.0,0.0,-2.2935352574741277,4.007333185232471,0.0,0.0,0.0,0.0,-0.5122644716099094,-0.20901157555255098,-0.10500744046411228,-0.06476218686590589,-0.7372826231352724,1.0
RTS93,external93,10,13,13,0.3,0.16,perfect,independent,0.0,0.0,0,65.0,302_CT_1,110.83689929999998,20.0,0.225,0.0,0.0,0.0,0.0,0.0,0.0,1.0,1.0,0.0,0.0,0.0,0.0,0.0,0.0,0.0,0.0,0.0,-1.491654876777717,2.995732273553991,0.0,0.0,0.0,0.0,-0.5122644716099094,0.33897374315264334,-1.1850056360038916,1.7920974428434195,-0.7372826231352724,1.0
RTS93,external93,10,13,13,0.3,0.16,perfect,independent,0.0,0.0,0,65.0,302_CT_2,110.83689929999998,20.0,0.225,0.0,0.0,0.0,0.0,0.0,0.0,1.0,1.0,0.0,0.0,0.0,0.0,0.0,0.0,0.0,0.0,0.0,-1.491654876777717,2.995732273553991,0.0,0.0,0.0,0.0,-0.5122644716099094,0.33897374315264334,-1.1850056360038916,1.7920974428434195,-0.7372826231352724,1.0
RTS93,external93,10,13,13,0.3,0.16,perfect,independent,0.0,0.0,0,65.0,302_CT_3,42.663211305,55.0,0.1009090909090909,0.0,0.0,0.0,0.0,0.0,0.0,1.0,1.0,0.0,0.0,0.0,0.0,0.0,0.0,0.0,0.0,0.0,-2.2935352574741277,4.007333185232471,0.0,0.0,0.0,0.0,-0.5122644716099094,-0.20901157555255098,-0.10500744046411228,0.05183169726058796,-0.7372826231352724,1.0
RTS93,external93,10,13,13,0.3,0.16,perfect,independent,0.0,0.0,0,65.0,302_CT_4,42.663211305,55.0,0.1009090909090909,0.0,0.0,0.0,0.0,0.0,0.0,1.0,1.0,0.0,0.0,0.0,0.0,0.0,0.0,0.0,0.0,0.0,-2.2935352574741277,4.007333185232471,0.0,0.0,0.0,0.0,-0.5122644716099094,-0.20901157555255098,-0.10500744046411228,0.05183169726058796,-0.7372826231352724,1.0
RTS93,external93,10,13,13,0.3,0.16,perfect,independent,0.0,0.0,0,65.0,307_CT_1,36.12393546,55.0,0.1009090909090909,0.0,0.0,0.0,0.0,0.0,0.0,1.0,1.0,0.0,0.0,0.0,0.0,0.0,0.0,0.0,0.0,0.0,-2.2935352574741277,4.007333185232471,0.0,0.0,0.0,0.0,-0.5122644716099094,-0.20901157555255098,-0.10500744046411228,-0.11509601471540733,-0.7372826231352724,1.0
RTS93,external93,10,13,13,0.3,0.16,perfect,independent,0.0,0.0,0,65.0,307_CT_2,36.12393546,55.0,0.1009090909090909,0.0,0.0,0.0,0.0,0.0,0.0,1.0,1.0,0.0,0.0,0.0,0.0,0.0,0.0,0.0,0.0,0.0,-2.2935352574741277,4.007333185232471,0.0,0.0,0.0,0.0,-0.5122644716099094,-0.20901157555255098,-0.10500744046411228,-0.11509601471540733,-0.7372826231352724,1.0
RTS93,external93,10,13,13,0.3,0.16,perfect,independent,0.0,0.0,0,65.0,313_CC_1,26.770312335000003,355.0,0.0174929577464788,0.3506944444444444,0.3888888888888889,20.047750044730723,22.23116836643407,0.1618965825048934,0.1505197789319253,0.8381034174951065,0.8494802210680747,0.1805555555555555,0.1909722222222222,2565.429331753806,2565.429331753806,1155.9867999036278,0.0,-1409.442531850178,0.0,0.0,-4.0459568935300325,5.872117789475416,7.226561497898045,3.970260653099093,2.1073681264013877,1.6034722840248992,1.3057010263902338,-1.4065733963143685,1.8858606819371508,-0.3538654050808337,-0.355395901989821,1.0
RTS93,external93,10,13,13,0.3,0.16,perfect,independent,0.0,0.0,0,65.0,315_STEAM_1,112.26770385,12.0,0.125,0.0,0.0,0.0,0.0,0.0,0.0,1.0,1.0,0.0,0.0,0.0,0.0,0.0,0.0,0.0,0.0,0.0,-2.0794415416798357,2.4849066497880004,0.0,0.0,0.0,0.0,-0.5122644716099094,-0.06270519880789859,-1.7303696679395384,1.8286215068954002,-0.7372826231352724,1.0
RTS93,external93,10,13,13,0.3,0.16,perfect,independent,0.0,0.0,0,65.0,315_STEAM_2,112.26770385,12.0,0.125,0.0,0.0,0.0,0.0,0.0,0.0,1.0,1.0,0.0,0.0,0.0,0.0,0.0,0.0,0.0,0.0,0.0,-2.0794415416798357,2.4849066497880004,0.0,0.0,0.0,0.0,-0.5122644716099094,-0.06270519880789859,-1.7303696679395384,1.8286215068954002,-0.7372826231352724,1.0
RTS93,external93,10,13,13,0.3,0.16,perfect,independent,0.0,0.0,0,65.0,315_STEAM_3,112.26770385,12.0,0.125,0.0,0.0,0.0,0.0,0.0,0.0,1.0,1.0,0.0,0.0,0.0,0.0,0.0,0.0,0.0,0.0,0.0,-2.0794415416798357,2.4849066497880004,0.0,0.0,0.0,0.0,-0.5122644716099094,-0.06270519880789859,-1.7303696679395384,1.8286215068954002,-0.7372826231352724,1.0
RTS93,external93,10,13,13,0.3,0.16,perfect,independent,0.0,0.0,0,65.0,315_STEAM_4,112.26770385,12.0,0.125,0.0,0.0,0.0,0.0,0.0,0.0,1.0,1.0,0.0,0.0,0.0,0.0,0.0,0.0,0.0,0.0,0.0,-2.0794415416798357,2.4849066497880004,0.0,0.0,0.0,0.0,-0.5122644716099094,-0.06270519880789859,-1.7303696679395384,1.8286215068954002,-0.7372826231352724,1.0
RTS93,external93,10,13,13,0.3,0.16,perfect,independent,0.0,0.0,0,65.0,315_STEAM_5,112.26770385,12.0,0.125,0.0,0.0,0.0,0.0,0.0,0.0,1.0,1.0,0.0,0.0,0.0,0.0,0.0,0.0,0.0,0.0,0.0,-2.0794415416798357,2.4849066497880004,0.0,0.0,0.0,0.0,-0.5122644716099094,-0.06270519880789859,-1.7303696679395384,1.8286215068954002,-0.7372826231352724,1.0
RTS93,external93,10,13,13,0.3,0.16,perfect,independent,0.0,0.0,0,65.0,315_CT_6,31.33876764,55.0,0.1009090909090909,0.0104166666666666,0.0138888888888888,0.1032282282282282,0.1376376376376376,0.0012012686868685,0.0021679846590909,0.9987987313131316,0.9978320153409092,0.0069444444444444,0.0069444444444444,3.345778844250006,3.3457788442500047,0.0,0.0,-3.345778844250006,0.0,0.0,-2.2935352574741277,4.007333185232471,0.06083234262272738,0.06083234262272738,0.05905382888242853,0.05905382888242853,-0.4582654964217866,-0.20901157555255098,-0.10500744046411228,-0.23724671374495118,-0.7344490329943005,1.0
RTS93,external93,10,13,13,0.3,0.16,perfect,independent,0.0,0.0,0,65.0,315_CT_7,31.33876764,55.0,0.1009090909090909,0.0277777777777777,0.0138888888888888,0.2752752752752753,0.1376376376376376,0.0064098413131347,0.0021022727272727,0.9935901586868652,0.9978977272727272,0.0069444444444444,0.0069444444444444,8.058936548858824,8.058936548858817,0.0,0.0,-8.058936548858824,0.0,0.0,-2.2935352574741277,4.007333185232471,0.14652611907016044,0.14652611907016044,0.13673660462646164,0.13673660462646164,-0.3682672044415816,-0.20901157555255098,-0.10500744046411228,-0.23724671374495118,-0.7221628890169708,1.0
RTS93,external93,10,13,13,0.3,0.16,perfect,independent,0.0,0.0,0,65.0,315_CT_8,31.33876764,55.0,0.1009090909090909,0.0416666666666666,0.0208333333333333,0.4129129129129129,0.2064564564564564,0.009810606060606,0.0024526515151515,0.990189393939394,0.9975473484848484,0.0069444444444444,0.0069444444444444,10.832880400875013,10.832880400875,0.0,0.0,-10.832880400875013,0.0,0.0,-2.2935352574741277,4.007333185232471,0.19696146183409113,0.19696146183409113,0.17978623043022005,0.17978623043022005,-0.2962685708574174,-0.20901157555255098,-0.10500744046411228,-0.23724671374495118,-0.7141410587923606,1.0
RTS93,external93,10,13,13,0.3,0.16,perfect,independent,0.0,0.0,0,65.0,316_STEAM_1,23.6803874825,155.0,0.0290322580645161,0.4305555555555556,0.4479166666666667,14.830246913580249,15.42824074074074,0.3488190008355732,0.302751301859319,0.6511809991644267,0.6972486981406809,0.3194444444444444,0.3368055555555556,739.4291645556855,780.2568952609977,98.80831057806472,0.0,-640.6208539776208,0.0,0.0,-3.5393477201429735,5.043425116919247,4.770510739068938,4.133037767597553,1.7527605929057803,1.6356976413530757,1.7196931694991775,-1.0603691543594995,1.0011376842752469,-0.43274173604337784,0.08552254323260455,1.0
RTS93,external93,10,13,13,0.3,0.16,perfect,independent,0.0,0.0,0,65.0,318_CC_1,29.14054473,355.0,0.0174929577464788,0.0590277777777777,0.0555555555555555,3.374373769905171,3.175881195204867,0.0047258899647887,0.0047315595950705,0.9952741100352112,0.9952684404049296,0.03125,0.0486111111111111,57.22568298640624,57.22568298640624,4.376739472192661,0.0,-52.84894351421358,0.0,0.0,-4.0459568935300325,5.872117789475416,0.16119910700396126,0.14887026342031995,0.1494531841394176,0.1387790798895265,-0.2062702788772124,-1.4065733963143685,1.8858606819371508,-0.29336062138200003,-0.7261350461128062,1.0
RTS93,external93,10,13,13,0.3,0.16,perfect,independent,0.0,0.0,0,65.0,321_CC_1,27.670203765000004,355.0,0.0174929577464788,0.1944444444444444,0.1909722222222222,11.115584183217036,10.91709160851673,0.0470958044913927,0.0493251349667443,0.9529041955086072,0.9506748650332556,0.0972222222222222,0.1145833333333333,466.231536567126,466.23153656712606,69.09756237471407,0.0,-397.1339741924119,0.0,0.0,-4.0459568935300325,5.872117789475416,1.3133282720200732,1.1186872512462307,0.8386872979606336,0.7507966757770804,0.49571639856838756,-1.4065733963143685,1.8858606819371508,-0.3308939291869755,-0.6261915668655603,1.0
RTS93,external93,10,13,13,0.3,0.16,perfect,independent,0.0,0.0,0,65.0,322_CT_5,31.1560683,55.0,0.1009090909090909,0.0381944444444444,0.0173611111111111,0.3785035035035035,0.172047047047047,0.0114893244949502,0.003159946780303,0.9885106755050498,0.9968400532196968,0.0208333333333333,0.0104166666666666,11.832298532962495,11.832298532962485,0.0174959106726166,0.0,-11.81480262228988,0.0,0.0,-2.2935352574741277,4.007333185232471,0.2151327005993181,0.21481459313254325,0.19485328942885652,0.19459146690339463,-0.3142682292534584,-0.20901157555255098,-0.10500744046411228,-0.24191046911001093,-0.7101812452577002,1.0
RTS93,external93,10,13,13,0.3,0.16,perfect,independent,0.0,0.0,0,65.0,322_CT_6,31.1560683,55.0,0.1009090909090909,0.0486111111111111,0.0208333333333333,0.4817317317317317,0.2064564564564564,0.0171685606060606,0.0052567740530311,0.9828314393939396,0.9947432259469688,0.0208333333333333,0.0104166666666666,17.32308009337501,17.323080093375005,0.1788764781100988,0.0,-17.144203615264914,0.0,0.0,-2.2935352574741277,4.007333185232471,0.3149650926068184,0.31171279300481664,0.2738101197312429,0.2713337587873749,-0.26026925406533513,-0.20901157555255098,-0.10500744046411228,-0.24191046911001093,-0.6967848855351765,1.0
RTS93,external93,10,13,13,0.3,0.16,perfect,independent,0.0,0.0,0,65.0,323_CC_1,29.281456455,355.0,0.0174929577464788,0.0486111111111111,0.0381944444444444,2.778896045804258,2.1834183217033463,0.0029762323943661,0.0032168925469482,0.9970237676056338,0.9967831074530518,0.0243055555555555,0.0277777777777777,42.919770254512514,42.919770254512514,0.7282093742518825,0.0,-42.19156088026063,0.0,0.0,-4.0459568935300325,5.872117789475416,0.12090076128031695,0.11884946726833981,0.11413261321349004,0.11230089594486754,-0.26026925406533513,-1.4065733963143685,1.8858606819371508,-0.2897635760206507,-0.7302621930998391,1.0
RTS93,external93,10,13,13,0.3,0.16,perfect,independent,0.0,0.0,0,65.0,323_CC_2,29.281456455,355.0,0.0174929577464788,0.0486111111111111,0.0555555555555555,2.778896045804258,3.175881195204867,0.0029762323943661,0.0038873239436619,0.9970237676056338,0.996112676056338,0.0243055555555555,0.0277777777777777,42.919770254512514,42.919770254512514,2.796189784987508,0.0,-40.12358046952501,0.0,0.0,-4.0459568935300325,5.872117789475416,0.12090076128031695,0.11302417033669017,0.11413261321349004,0.10708078844277687,-0.26026925406533513,-1.4065733963143685,1.8858606819371508,-0.2897635760206507,-0.7302621930998391,1.0
RTS93,external93,10,13,13,0.3,0.16,perfect,independent,0.0,0.0,0,65.0,121_NUCLEAR_1,2.025875,400.0,0.075,0.0138888888888888,0.0,0.1851851851851851,0.0,0.9966662522387154,0.9998987839574652,0.0033337477612846,0.0001012160425347,0.96875,0.9895833333333334,83.11883765333914,214.269668134948,0.0,0.0,-83.11883765333914,0.0,0.0,-2.5902671654458267,5.991464547107982,0.20779709413334785,0.20779709413334785,0.1887981169716871,0.1887981169716871,-0.44026583802574576,-0.41179085918916297,2.0132768214430246,-0.9855152094889464,1.613684897332704,1.0
RTS93,external93,10,13,13,0.3,0.16,perfect,independent,0.0,0.0,0,65.0,122_HYDRO_1,0.0,50.0,1.5,0.0,0.0,0.0,0.0,1.0,1.0,0.0,0.0,1.0,1.0,0.0,0.0,0.0,0.0,0.0,0.0,0.0,0.4054651081081644,3.912023005428146,0.0,0.0,0.0,0.0,-0.5122644716099094,1.6354188546252855,-0.2067618191097883,-1.0372296021090317,1.621548645794748,1.0
RTS93,external93,10,13,13,0.3,0.16,perfect,independent,0.0,0.0,0,65.0,122_HYDRO_2,0.0,50.0,1.5,0.0,0.0,0.0,0.0,1.0,1.0,0.0,0.0,1.0,1.0,0.0,0.0,0.0,0.0,0.0,0.0,0.0,0.4054651081081644,3.912023005428146,0.0,0.0,0.0,0.0,-0.5122644716099094,1.6354188546252855,-0.2067618191097883,-1.0372296021090317,1.621548645794748,1.0
RTS93,external93,10,13,13,0.3,0.16,perfect,independent,0.0,0.0,0,65.0,122_HYDRO_3,0.0,50.0,1.5,0.0,0.0,0.0,0.0,1.0,1.0,0.0,0.0,1.0,1.0,0.0,0.0,0.0,0.0,0.0,0.0,0.0,0.4054651081081644,3.912023005428146,0.0,0.0,0.0,0.0,-0.5122644716099094,1.6354188546252855,-0.2067618191097883,-1.0372296021090317,1.621548645794748,1.0
RTS93,external93,10,13,13,0.3,0.16,perfect,independent,0.0,0.0,0,65.0,122_HYDRO_4,0.0,50.0,1.5,0.0,0.0,0.0,0.0,1.0,1.0,0.0,0.0,1.0,1.0,0.0,0.0,0.0,0.0,0.0,0.0,0.0,0.4054651081081644,3.912023005428146,0.0,0.0,0.0,0.0,-0.5122644716099094,1.6354188546252855,-0.2067618191097883,-1.0372296021090317,1.621548645794748,1.0
RTS93,external93,10,13,13,0.3,0.16,perfect,independent,0.0,0.0,0,65.0,122_HYDRO_5,0.0,50.0,1.5,0.0,0.0,0.0,0.0,1.0,1.0,0.0,0.0,1.0,1.0,0.0,0.0,0.0,0.0,0.0,0.0,0.0,0.4054651081081644,3.912023005428146,0.0,0.0,0.0,0.0,-0.5122644716099094,1.6354188546252855,-0.2067618191097883,-1.0372296021090317,1.621548645794748,1.0
RTS93,external93,10,13,13,0.3,0.16,perfect,independent,0.0,0.0,0,65.0,122_HYDRO_6,0.0,50.0,1.5,0.0,0.0,0.0,0.0,1.0,1.0,0.0,0.0,1.0,1.0,0.0,0.0,0.0,0.0,0.0,0.0,0.0,0.4054651081081644,3.912023005428146,0.0,0.0,0.0,0.0,-0.5122644716099094,1.6354188546252855,-0.2067618191097883,-1.0372296021090317,1.621548645794748,1.0
RTS93,external93,10,13,13,0.3,0.16,perfect,independent,0.0,0.0,0,65.0,201_HYDRO_4,0.0,50.0,1.5,0.0,0.0,0.0,0.0,1.0,1.0,0.0,0.0,1.0,1.0,0.0,0.0,0.0,0.0,0.0,0.0,0.0,0.4054651081081644,3.912023005428146,0.0,0.0,0.0,0.0,-0.5122644716099094,1.6354188546252855,-0.2067618191097883,-1.0372296021090317,1.621548645794748,1.0
RTS93,external93,10,13,13,0.3,0.16,perfect,independent,0.0,0.0,0,65.0,215_HYDRO_1,0.0,50.0,1.5,0.0,0.0,0.0,0.0,1.0,1.0,0.0,0.0,1.0,1.0,0.0,0.0,0.0,0.0,0.0,0.0,0.0,0.4054651081081644,3.912023005428146,0.0,0.0,0.0,0.0,-0.5122644716099094,1.6354188546252855,-0.2067618191097883,-1.0372296021090317,1.621548645794748,1.0
RTS93,external93,10,13,13,0.3,0.16,perfect,independent,0.0,0.0,0,65.0,215_HYDRO_2,0.0,50.0,1.5,0.0,0.0,0.0,0.0,1.0,1.0,0.0,0.0,1.0,1.0,0.0,0.0,0.0,0.0,0.0,0.0,0.0,0.4054651081081644,3.912023005428146,0.0,0.0,0.0,0.0,-0.5122644716099094,1.6354188546252855,-0.2067618191097883,-1.0372296021090317,1.621548645794748,1.0
RTS93,external93,10,13,13,0.3,0.16,perfect,independent,0.0,0.0,0,65.0,215_HYDRO_3,0.0,50.0,1.5,0.0,0.0,0.0,0.0,0.9989802182994946,1.0,0.0010197817005053,0.0,1.0,1.0,0.0,42.12626242708211,0.0,0.0,0.0,0.0,0.0,0.4054651081081644,3.912023005428146,0.0,0.0,0.0,0.0,-0.5122644716099094,1.6354188546252855,-0.2067618191097883,-1.0372296021090317,1.6191431528321127,1.0
RTS93,external93,10,13,13,0.3,0.16,perfect,independent,0.0,0.0,0,65.0,222_HYDRO_1,0.0,50.0,1.5,0.0,0.0,0.0,0.0,1.0,1.0,0.0,0.0,1.0,1.0,0.0,0.0,0.0,0.0,0.0,0.0,0.0,0.4054651081081644,3.912023005428146,0.0,0.0,0.0,0.0,-0.5122644716099094,1.6354188546252855,-0.2067618191097883,-1.0372296021090317,1.621548645794748,1.0
RTS93,external93,10,13,13,0.3,0.16,perfect,independent,0.0,0.0,0,65.0,222_HYDRO_2,0.0,50.0,1.5,0.0,0.0,0.0,0.0,1.0,1.0,0.0,0.0,1.0,1.0,0.0,0.0,0.0,0.0,0.0,0.0,0.0,0.4054651081081644,3.912023005428146,0.0,0.0,0.0,0.0,-0.5122644716099094,1.6354188546252855,-0.2067618191097883,-1.0372296021090317,1.621548645794748,1.0
RTS93,external93,10,13,13,0.3,0.16,perfect,independent,0.0,0.0,0,65.0,222_HYDRO_3,0.0,50.0,1.5,0.0,0.0,0.0,0.0,1.0,1.0,0.0,0.0,1.0,1.0,0.0,0.0,0.0,0.0,0.0,0.0,0.0,0.4054651081081644,3.912023005428146,0.0,0.0,0.0,0.0,-0.5122644716099094,1.6354188546252855,-0.2067618191097883,-1.0372296021090317,1.621548645794748,1.0
RTS93,external93,10,13,13,0.3,0.16,perfect,independent,0.0,0.0,0,65.0,222_HYDRO_4,0.0,50.0,1.5,0.0,0.0,0.0,0.0,1.0,1.0,0.0,0.0,1.0,1.0,0.0,0.0,0.0,0.0,0.0,0.0,0.0,0.4054651081081644,3.912023005428146,0.0,0.0,0.0,0.0,-0.5122644716099094,1.6354188546252855,-0.2067618191097883,-1.0372296021090317,1.621548645794748,1.0
RTS93,external93,10,13,13,0.3,0.16,perfect,independent,0.0,0.0,0,65.0,222_HYDRO_5,0.0,50.0,1.5,0.0,0.0,0.0,0.0,1.0,1.0,0.0,0.0,1.0,1.0,0.0,0.0,0.0,0.0,0.0,0.0,0.0,0.4054651081081644,3.912023005428146,0.0,0.0,0.0,0.0,-0.5122644716099094,1.6354188546252855,-0.2067618191097883,-1.0372296021090317,1.621548645794748,1.0
RTS93,external93,10,13,13,0.3,0.16,perfect,independent,0.0,0.0,0,65.0,222_HYDRO_6,0.0,50.0,1.5,0.0,0.0,0.0,0.0,1.0,1.0,0.0,0.0,1.0,1.0,0.0,0.0,0.0,0.0,0.0,0.0,0.0,0.4054651081081644,3.912023005428146,0.0,0.0,0.0,0.0,-0.5122644716099094,1.6354188546252855,-0.2067618191097883,-1.0372296021090317,1.621548645794748,1.0
RTS93,external93,10,13,13,0.3,0.16,perfect,independent,0.0,0.0,0,65.0,322_HYDRO_1,0.0,50.0,1.5,0.0,0.0,0.0,0.0,1.0,1.0,0.0,0.0,1.0,1.0,0.0,0.0,0.0,0.0,0.0,0.0,0.0,0.4054651081081644,3.912023005428146,0.0,0.0,0.0,0.0,-0.5122644716099094,1.6354188546252855,-0.2067618191097883,-1.0372296021090317,1.621548645794748,1.0
RTS93,external93,10,13,13,0.3,0.16,perfect,independent,0.0,0.0,0,65.0,322_HYDRO_2,0.0,50.0,1.5,0.0,0.0,0.0,0.0,1.0,1.0,0.0,0.0,1.0,1.0,0.0,0.0,0.0,0.0,0.0,0.0,0.0,0.4054651081081644,3.912023005428146,0.0,0.0,0.0,0.0,-0.5122644716099094,1.6354188546252855,-0.2067618191097883,-1.0372296021090317,1.621548645794748,1.0
RTS93,external93,10,13,13,0.3,0.16,perfect,independent,0.0,0.0,0,65.0,322_HYDRO_3,0.0,50.0,1.5,0.0,0.0,0.0,0.0,1.0,1.0,0.0,0.0,1.0,1.0,0.0,0.0,0.0,0.0,0.0,0.0,0.0,0.4054651081081644,3.912023005428146,0.0,0.0,0.0,0.0,-0.5122644716099094,1.6354188546252855,-0.2067618191097883,-1.0372296021090317,1.621548645794748,1.0
RTS93,external93,10,13,13,0.3,0.16,perfect,independent,0.0,0.0,0,65.0,322_HYDRO_4,0.0,50.0,1.5,0.0,0.0,0.0,0.0,1.0,1.0,0.0,0.0,1.0,1.0,0.0,0.0,0.0,0.0,0.0,0.0,0.0,0.4054651081081644,3.912023005428146,0.0,0.0,0.0,0.0,-0.5122644716099094,1.6354188546252855,-0.2067618191097883,-1.0372296021090317,1.621548645794748,1.0
RTS93,external93,10,15,13,0.3,0.16,perfect,independent,0.0,0.0,0,65.0,101_CT_1,109.6984653,20.0,0.225,0.0,0.0,0.0,0.0,0.0,0.0,1.0,1.0,0.0,0.0,0.0,0.0,0.0,0.0,0.0,0.0,0.0,-1.491654876777717,2.995732273553991,0.0,0.0,0.0,0.0,-0.5122644716099094,0.33897374315264334,-1.1850056360038916,1.763036704718879,-0.7372826231352724,1.0
RTS93,external93,10,15,13,0.3,0.16,perfect,independent,0.0,0.0,0,65.0,101_CT_2,109.6984653,20.0,0.225,0.0,0.0,0.0,0.0,0.0,0.0,1.0,1.0,0.0,0.0,0.0,0.0,0.0,0.0,0.0,0.0,0.0,-1.491654876777717,2.995732273553991,0.0,0.0,0.0,0.0,-0.5122644716099094,0.33897374315264334,-1.1850056360038916,1.763036704718879,-0.7372826231352724,1.0
RTS93,external93,10,15,13,0.3,0.16,perfect,independent,0.0,0.0,0,65.0,101_STEAM_3,19.3218686,76.0,0.0394736842105263,0.0972222222222222,0.0416666666666666,2.4629629629629632,1.0555555555555556,0.9760112774853796,0.996162758543494,0.0239887225146201,0.0038372414565058,0.9548611111111112,0.9756944444444444,657.784175150251,691.3083903015058,0.5245337687501888,0.0,-657.2596413815008,0.0,0.0,-3.232121051618222,4.330733340286331,8.655054936187513,8.648153176072379,2.267481605785317,2.26676651631738,-0.008274036520760893,-0.8504180096263427,0.24025874095513047,-0.5440013926024746,1.5649632970255756,1.0
RTS93,external93,10,15,13,0.3,0.16,perfect,independent,0.0,0.0,0,65.0,101_STEAM_4,19.3218686,76.0,0.0394736842105263,0.0972222222222222,0.0486111111111111,2.4629629629629632,1.2314814814814816,0.9786184210526316,0.995604423428363,0.0213815789473684,0.0043955765716371,0.9548611111111112,0.9756944444444444,651.1661089379068,684.6903240891615,0.435675650189296,0.0,-650.7304332877175,0.0,0.0,-3.232121051618222,4.330733340286331,8.567975117604036,8.56224254325944,2.258421596620032,2.257822275209496,-0.008274036520760893,-0.8504180096263427,0.24025874095513047,-0.5440013926024746,1.5711131087945995,1.0
RTS93,external93,10,15,13,0.3,0.16,perfect,independent,0.0,0.0,0,65.0,102_CT_1,108.68163675,20.0,0.225,0.0,0.0,0.0,0.0,0.0,0.0,1.0,1.0,0.0,0.0,0.0,0.0,0.0,0.0,0.0,0.0,0.0,-1.491654876777717,2.995732273553991,0.0,0.0,0.0,0.0,-0.5122644716099094,0.33897374315264334,-1.1850056360038916,1.7370801818030965,-0.7372826231352724,1.0
RTS93,external93,10,15,13,0.3,0.16,perfect,independent,0.0,0.0,0,65.0,102_CT_2,108.68163675,20.0,0.225,0.0,0.0,0.0,0.0,0.0,0.0,1.0,1.0,0.0,0.0,0.0,0.0,0.0,0.0,0.0,0.0,0.0,-1.491654876777717,2.995732273553991,0.0,0.0,0.0,0.0,-0.5122644716099094,0.33897374315264334,-1.1850056360038916,1.7370801818030965,-0.7372826231352724,1.0
RTS93,external93,10,15,13,0.3,0.16,perfect,independent,0.0,0.0,0,65.0,102_STEAM_3,21.582252407499997,76.0,0.0394736842105263,0.1979166666666666,0.1597222222222222,5.013888888888889,4.046296296296296,0.8935206817023046,0.9208755784630852,0.1064793182976954,0.0791244215369148,0.8819444444444444,0.8854166666666666,982.3153625772384,1017.2280306028632,7.769148231055624,0.0,-974.5462143461828,0.0,0.0,-3.232121051618222,4.330733340286331,12.92520213917419,12.822976504555037,2.633700301986206,2.626332171745193,0.5137160569644286,-0.8504180096263427,0.24025874095513047,-0.48630070737108666,1.3703819002997912,1.0
RTS93,external93,10,15,13,0.3,0.16,perfect,independent,0.0,0.0,0,65.0,102_STEAM_4,21.582252407499997,76.0,0.0394736842105263,0.1701388888888889,0.1423611111111111,4.310185185185186,3.6064814814814814,0.9218210443028148,0.9340798098044588,0.0781789556971852,0.065920190195541,0.8819444444444444,0.8854166666666666,996.1803879855393,1031.0930560111642,9.089276514408084,0.0,-987.0911114711312,0.0,0.0,-3.232121051618222,4.330733340286331,13.107636684020253,12.98804094040962,2.6467162595627785,2.638202746020525,0.36971878979610073,-0.8504180096263427,0.24025874095513047,-0.48630070737108666,1.4371376805239326,1.0
RTS93,external93,10,15,13,0.3,0.16,perfect,independent,0.0,0.0,0,65.0,107_CC_1,27.15028809,355.0,0.0174929577464788,0.2743055555555556,0.3263888888888889,15.680913401324032,18.658302021828593,0.1057841035690522,0.1083591549295774,0.8942158964309479,0.8916408450704226,0.1388888888888889,0.1909722222222222,1108.235542209835,1108.235542209835,231.1135230193313,0.0,-877.1220191905038,0.0,0.0,-4.0459568935300325,5.872117789475416,3.1217902597460143,2.470766251240856,1.4162875980455873,1.2443753912644924,0.9097085416773315,-1.4065733963143685,1.8858606819371508,-0.344165786209885,-0.4877557718808603,1.0
RTS93,external93,10,15,13,0.3,0.16,perfect,independent,0.0,0.0,0,65.0,113_CT_1,34.424248515,55.0,0.1009090909090909,0.0,0.0,0.0,0.0,0.0,0.0,1.0,1.0,0.0,0.0,0.0,0.0,0.0,0.0,0.0,0.0,0.0,-2.2935352574741277,4.007333185232471,0.0,0.0,0.0,0.0,-0.5122644716099094,-0.20901157555255098,-0.10500744046411228,-0.15848382393609617,-0.7372826231352724,1.0
RTS93,external93,10,15,13,0.3,0.16,perfect,independent,0.0,0.0,0,65.0,113_CT_2,34.424248515,55.0,0.1009090909090909,0.0,0.0,0.0,0.0,0.0,0.0,1.0,1.0,0.0,0.0,0.0,0.0,0.0,0.0,0.0,0.0,0.0,-2.2935352574741277,4.007333185232471,0.0,0.0,0.0,0.0,-0.5122644716099094,-0.20901157555255098,-0.10500744046411228,-0.15848382393609617,-0.7372826231352724,1.0
RTS93,external93,10,15,13,0.3,0.16,perfect,independent,0.0,0.0,0,65.0,113_CT_3,34.424248515,55.0,0.1009090909090909,0.0,0.0,0.0,0.0,0.0,0.0001975642045455,1.0,0.9998024357954544,0.0,0.0,0.0,0.0,0.0,0.0,0.0,0.0,0.0,-2.2935352574741277,4.007333185232471,0.0,0.0,0.0,0.0,-0.5122644716099094,-0.20901157555255098,-0.10500744046411228,-0.15848382393609617,-0.7372826231352724,1.0
RTS93,external93,10,15,13,0.3,0.16,perfect,independent,0.0,0.0,0,65.0,113_CT_4,34.424248515,55.0,0.1009090909090909,0.0,0.0,0.0,0.0,0.0,0.0,1.0,1.0,0.0,0.0,0.0,0.0,0.0,0.0,0.0,0.0,0.0,-2.2935352574741277,4.007333185232471,0.0,0.0,0.0,0.0,-0.5122644716099094,-0.20901157555255098,-0.10500744046411228,-0.15848382393609617,-0.7372826231352724,1.0
RTS93,external93,10,15,13,0.3,0.16,perfect,independent,0.0,0.0,0,65.0,115_STEAM_1,140.6638701,12.0,0.125,0.0,0.0,0.0,0.0,0.0,0.0,1.0,1.0,0.0,0.0,0.0,0.0,0.0,0.0,0.0,0.0,0.0,-2.0794415416798357,2.4849066497880004,0.0,0.0,0.0,0.0,-0.5122644716099094,-0.06270519880789859,-1.7303696679395384,2.553488781706389,-0.7372826231352724,1.0
RTS93,external93,10,15,13,0.3,0.16,perfect,independent,0.0,0.0,0,65.0,115_STEAM_2,140.6638701,12.0,0.125,0.0,0.0,0.0,0.0,0.0,0.0,1.0,1.0,0.0,0.0,0.0,0.0,0.0,0.0,0.0,0.0,0.0,-2.0794415416798357,2.4849066497880004,0.0,0.0,0.0,0.0,-0.5122644716099094,-0.06270519880789859,-1.7303696679395384,2.553488781706389,-0.7372826231352724,1.0
RTS93,external93,10,15,13,0.3,0.16,perfect,independent,0.0,0.0,0,65.0,115_STEAM_3,23.535050669999997,155.0,0.0290322580645161,0.3993055555555556,0.4479166666666667,13.753858024691358,15.42824074074074,0.455078302672203,0.4832159195474899,0.544921697327797,0.5167840804525101,0.4513888888888889,0.4583333333333333,1634.6717696004323,1690.7823764493824,145.63169109821183,0.0,-1489.0400785022207,0.0,0.0,-3.5393477201429735,5.043425116919247,10.54626948129311,9.606710183885294,2.4463623961631087,2.36148683705071,1.5576962439348083,-1.0603691543594995,1.0011376842752469,-0.43645174035449125,0.33617030701952,1.0
RTS93,external93,10,15,13,0.3,0.16,perfect,independent,0.0,0.0,0,65.0,116_STEAM_1,23.254946994999997,155.0,0.0290322580645161,0.5034722222222222,0.5381944444444444,17.34182098765432,18.537808641975307,0.635522381964176,0.6087251774059139,0.364477618035824,0.3912748225940861,0.5486111111111112,0.5173611111111112,2544.377390998261,2593.7533391959328,190.2551990501497,0.0,-2354.1221919481113,0.0,0.0,-3.5393477201429735,5.043425116919247,16.415338006440393,15.187885109342654,2.857351312555275,2.7842631297153084,2.0976859958160388,-1.0603691543594995,1.0011376842752469,-0.4436019304813642,0.7618074435467138,1.0
RTS93,external93,10,15,13,0.3,0.16,perfect,independent,0.0,0.0,0,65.0,118_CC_1,27.75086358,355.0,0.0174929577464788,0.1840277777777778,0.2256944444444444,10.520106459116125,12.902017355519773,0.0391835950705475,0.0440284309467921,0.9608164049294524,0.955971569053208,0.09375,0.15625,421.4585870881232,421.4585870881235,80.26229373272753,0.0,-341.19629335539565,0.0,0.0,-4.0459568935300325,5.872117789475416,1.187207287572178,0.9611163193109736,0.7826255189005131,0.6735138617788666,0.4417174233802648,-1.4065733963143685,1.8858606819371508,-0.32883493080772047,-0.6448551338537727,1.0
RTS93,external93,10,15,13,0.3,0.16,perfect,independent,0.0,0.0,0,65.0,123_STEAM_2,24.654408375,155.0,0.0290322580645161,0.3125,0.3055555555555556,10.76388888888889,10.524691358024691,0.2599975395654124,0.2652470255040323,0.7400024604345875,0.7347529744959677,0.2604166666666667,0.2777777777777778,703.5103832715038,754.7732254815046,174.17127309276566,0.0,-529.3391101787381,0.0,0.0,-3.5393477201429735,5.043425116919247,4.538776666267767,3.4150910334112137,1.7117736580120089,1.48502845296254,1.1077047840337826,-1.0603691543594995,1.0011376842752469,-0.40787796169653473,-0.12399229696350755,1.0
RTS93,external93,10,15,13,0.3,0.16,perfect,independent,0.0,0.0,0,65.0,123_STEAM_3,22.665143785,350.0,0.0171428571428571,0.4895833333333333,0.5104166666666666,28.559027777777775,29.774305555555554,0.757532335099207,0.7502447721686508,0.2424676649007929,0.2497552278313491,0.6180555555555556,0.6041666666666666,7146.467583081916,7235.240239756915,660.50498757881,0.0,-6485.962595503106,0.0,0.0,-4.066173685255407,5.857933154483459,20.418478808805475,18.531321701437445,3.06425404516841,2.9720194180435335,2.0256873622318747,-1.4203890542647535,1.8707169824615488,-0.45865780252210037,1.0496083361223114,1.0
RTS93,external93,10,15,13,0.3,0.16,perfect,independent,0.0,0.0,0,65.0,123_CT_1,34.156030335000004,55.0,0.1009090909090909,0.0069444444444444,0.0034722222222222,0.0688188188188188,0.0344094094094094,0.0003503787878787,0.00075331635101,0.9996496212121212,0.9992466836489898,0.0034722222222222,0.0034722222222222,0.0,0.0,0.0,0.0,0.0,0.0,0.0,-2.2935352574741277,4.007333185232471,0.0,0.0,0.0,0.0,-0.4762651548178275,-0.20901157555255098,-0.10500744046411228,-0.16533061372735405,-0.7364561386944544,1.0
RTS93,external93,10,15,13,0.3,0.16,perfect,independent,0.0,0.0,0,65.0,123_CT_4,34.156030335000004,55.0,0.1009090909090909,0.0069444444444444,0.0069444444444444,0.0688188188188188,0.0688188188188188,0.0003503787878787,0.0003503787878787,0.9996496212121212,0.9996496212121212,0.0034722222222222,0.0034722222222222,0.0,0.0,0.0,0.0,0.0,0.0,0.0,-2.2935352574741277,4.007333185232471,0.0,0.0,0.0,0.0,-0.4762651548178275,-0.20901157555255098,-0.10500744046411228,-0.16533061372735405,-0.7364561386944544,1.0
RTS93,external93,10,15,13,0.3,0.16,perfect,independent,0.0,0.0,0,65.0,123_CT_5,34.156030335000004,55.0,0.1009090909090909,0.0069444444444444,0.0069444444444444,0.0688188188188188,0.0688188188188188,0.0003503787878787,0.0003503787878787,0.9996496212121212,0.9996496212121212,0.0034722222222222,0.0034722222222222,0.0,0.0,0.0,0.0,0.0,0.0,0.0,-2.2935352574741277,4.007333185232471,0.0,0.0,0.0,0.0,-0.4762651548178275,-0.20901157555255098,-0.10500744046411228,-0.16533061372735405,-0.7364561386944544,1.0
RTS93,external93,10,15,13,0.3,0.16,perfect,independent,0.0,0.0,0,65.0,201_CT_1,105.65443725,20.0,0.225,0.0,0.0,0.0,0.0,0.0,0.0,1.0,1.0,0.0,0.0,0.0,0.0,0.0,0.0,0.0,0.0,0.0,-1.491654876777717,2.995732273553991,0.0,0.0,0.0,0.0,-0.5122644716099094,0.33897374315264334,-1.1850056360038916,1.6598050372446584,-0.7372826231352724,1.0
RTS93,external93,10,15,13,0.3,0.16,perfect,independent,0.0,0.0,0,65.0,201_CT_2,105.65443725,20.0,0.225,0.0,0.0,0.0,0.0,0.0,0.0,1.0,1.0,0.0,0.0,0.0,0.0,0.0,0.0,0.0,0.0,0.0,-1.491654876777717,2.995732273553991,0.0,0.0,0.0,0.0,-0.5122644716099094,0.33897374315264334,-1.1850056360038916,1.6598050372446584,-0.7372826231352724,1.0
RTS93,external93,10,15,13,0.3,0.16,perfect,independent,0.0,0.0,0,65.0,201_STEAM_3,24.7120146025,76.0,0.0394736842105263,0.2326388888888889,0.2430555555555555,5.893518518518519,6.157407407407407,0.2365057054979134,0.2594871248994884,0.7634942945020866,0.7405128751005114,0.2326388888888889,0.25,178.3117776330796,212.17017152182984,21.511502844293545,0.0,-156.80027478878606,0.0,0.0,-3.232121051618222,4.330733340286331,2.346207600435258,2.0631615103787637,1.2078276450019623,1.1194475559344563,0.6937126409248392,-0.8504180096263427,0.24025874095513047,-0.4064074508968571,-0.1794055697264397,1.0
RTS93,external93,10,15,13,0.3,0.16,perfect,independent,0.0,0.0,0,65.0,202_CT_1,101.92865324999998,20.0,0.225,0.0,0.0,0.0,0.0,0.0,0.0,1.0,1.0,0.0,0.0,0.0,0.0,0.0,0.0,0.0,0.0,0.0,-1.491654876777717,2.995732273553991,0.0,0.0,0.0,0.0,-0.5122644716099094,0.33897374315264334,-1.1850056360038916,1.564697167018888,-0.7372826231352724,1.0
RTS93,external93,10,15,13,0.3,0.16,perfect,independent,0.0,0.0,0,65.0,202_CT_2,101.92865324999998,20.0,0.225,0.0,0.0,0.0,0.0,0.0,0.0,1.0,1.0,0.0,0.0,0.0,0.0,0.0,0.0,0.0,0.0,0.0,-1.491654876777717,2.995732273553991,0.0,0.0,0.0,0.0,-0.5122644716099094,0.33897374315264334,-1.1850056360038916,1.564697167018888,-0.7372826231352724,1.0
RTS93,external93,10,15,13,0.3,0.16,perfect,independent,0.0,0.0,0,65.0,202_STEAM_3,23.6803874825,76.0,0.0394736842105263,0.3020833333333333,0.3888888888888889,7.652777777777778,9.851851851851851,0.3025023909265338,0.3394857346354158,0.6974976090734661,0.6605142653645841,0.3125,0.3298611111111111,569.0986296365829,608.6309726853333,34.32370062438599,0.0,-534.7749290121969,0.0,0.0,-3.232121051618222,4.330733340286331,7.488139863639249,7.036512223844697,2.138669878984507,2.08399518606674,1.0537058088456595,-0.8504180096263427,0.24025874095513047,-0.43274173604337784,-0.023730524491671626,1.0
RTS93,external93,10,15,13,0.3,0.16,perfect,independent,0.0,0.0,0,65.0,202_STEAM_4,23.6803874825,76.0,0.0394736842105263,0.3784722222222222,0.3611111111111111,9.587962962962964,9.148148148148149,0.3440985878609271,0.3543210049753276,0.6559014121390728,0.6456789950246722,0.3125,0.3298611111111111,915.61411441602,955.1464574647706,33.940028419094915,0.0,-881.6740859969252,0.0,0.0,-3.232121051618222,4.330733340286331,12.047554137052895,11.600974815749014,2.5686006937548664,2.533774177294099,1.449698293558562,-0.8504180096263427,0.24025874095513047,-0.43274173604337784,0.07438788550574638,1.0
RTS93,external93,10,15,13,0.3,0.16,perfect,independent,0.0,0.0,0,65.0,207_CT_1,41.098605255,55.0,0.1009090909090909,0.0,0.0,0.0,0.0,0.0,0.0,1.0,1.0,0.0,0.0,0.0,0.0,0.0,0.0,0.0,0.0,0.0,-2.2935352574741277,4.007333185232471,0.0,0.0,0.0,0.0,-0.5122644716099094,-0.20901157555255098,-0.10500744046411228,0.01189209014491675,-0.7372826231352724,1.0
RTS93,external93,10,15,13,0.3,0.16,perfect,independent,0.0,0.0,0,65.0,207_CT_2,41.098605255,55.0,0.1009090909090909,0.0,0.0,0.0,0.0,0.0,0.0,1.0,1.0,0.0,0.0,0.0,0.0,0.0,0.0,0.0,0.0,0.0,-2.2935352574741277,4.007333185232471,0.0,0.0,0.0,0.0,-0.5122644716099094,-0.20901157555255098,-0.10500744046411228,0.01189209014491675,-0.7372826231352724,1.0
RTS93,external93,10,15,13,0.3,0.16,perfect,independent,0.0,0.0,0,65.0,213_CC_3,29.04336423,355.0,0.0174929577464788,0.09375,0.09375,5.359299516908213,5.359299516908213,0.0138641533636328,0.0085317551251956,0.9861358466363672,0.9914682448748044,0.0451388888888888,0.0590277777777777,88.4308068840248,88.4308068840248,0.9083762072437268,0.0,-87.52243067678108,0.0,0.0,-4.0459568935300325,5.872117789475416,0.2491008644620417,0.24654205824445372,0.22242398405740932,0.22037336448281894,-0.026273694916801777,-1.4065733963143685,1.8858606819371508,-0.2958413423208615,-0.704579424663894,1.0
RTS93,external93,10,15,13,0.3,0.16,perfect,independent,0.0,0.0,0,65.0,213_CT_1,34.424248515,55.0,0.1009090909090909,0.0,0.0,0.0,0.0,0.0,0.0,1.0,1.0,0.0,0.0,0.0,0.0,0.0,0.0,0.0,0.0,0.0,-2.2935352574741277,4.007333185232471,0.0,0.0,0.0,0.0,-0.5122644716099094,-0.20901157555255098,-0.10500744046411228,-0.15848382393609617,-0.7372826231352724,1.0
RTS93,external93,10,15,13,0.3,0.16,perfect,independent,0.0,0.0,0,65.0,213_CT_2,34.424248515,55.0,0.1009090909090909,0.0,0.0,0.0,0.0,0.0001975642045454,0.0,0.9998024357954544,1.0,0.0,0.0,0.0,0.0,0.0,0.0,0.0,0.0,0.0,-2.2935352574741277,4.007333185232471,0.0,0.0,0.0,0.0,-0.5122644716099094,-0.20901157555255098,-0.10500744046411228,-0.15848382393609617,-0.7368166025119693,1.0
RTS93,external93,10,15,13,0.3,0.16,perfect,independent,0.0,0.0,0,65.0,215_CT_4,35.281380525,55.0,0.1009090909090909,0.0,0.0,0.0,0.0,0.0,0.0,1.0,1.0,0.0,0.0,0.0,0.0,0.0,0.0,0.0,0.0,0.0,-2.2935352574741277,4.007333185232471,0.0,0.0,0.0,0.0,-0.5122644716099094,-0.20901157555255098,-0.10500744046411228,-0.13660386525533708,-0.7372826231352724,1.0
RTS93,external93,10,15,13,0.3,0.16,perfect,independent,0.0,0.0,0,65.0,215_CT_5,35.281380525,55.0,0.1009090909090909,0.0,0.0,0.0,0.0,0.0,0.0,1.0,1.0,0.0,0.0,0.0,0.0,0.0,0.0,0.0,0.0,0.0,-2.2935352574741277,4.007333185232471,0.0,0.0,0.0,0.0,-0.5122644716099094,-0.20901157555255098,-0.10500744046411228,-0.13660386525533708,-0.7372826231352724,1.0
RTS93,external93,10,15,13,0.3,0.16,perfect,independent,0.0,0.0,0,65.0,216_STEAM_1,21.7693405225,155.0,0.0290322580645161,0.2395833333333333,0.2048611111111111,8.252314814814815,7.056327160493827,0.8798469104569874,0.9100195277732974,0.1201530895430127,0.0899804722267026,0.8368055555555556,0.8125,2194.5853680603777,2251.6669708288937,31.952235410006324,0.0,-2162.6331326503714,0.0,0.0,-3.5393477201429735,5.043425116919247,14.158615277808888,13.952471823550784,2.718569035528501,2.7048766255375942,0.7297119577169208,-1.0603691543594995,1.0011376842752469,-0.4815249200033262,1.3381277811221408,1.0
RTS93,external93,10,15,13,0.3,0.16,perfect,independent,0.0,0.0,0,65.0,218_CC_1,29.15998083,355.0,0.0174929577464788,0.0590277777777777,0.0694444444444444,3.374373769905171,3.969851494006084,0.0048156079812206,0.0066113954616588,0.9951843920187794,0.9933886045383412,0.03125,0.0381944444444444,40.69713343817091,40.69713343817092,0.3092890888124842,0.0,-40.387844349358424,0.0,0.0,-4.0459568935300325,5.872117789475416,0.11463981250188988,0.11376857563199556,0.10853131460913382,0.10774937812125764,-0.2062702788772124,-1.4065733963143685,1.8858606819371508,-0.2928644771942277,-0.7259234164502603,1.0
RTS93,external93,10,15,13,0.3,0.16,perfect,independent,0.0,0.0,0,65.0,221_CC_1,28.087108110000003,355.0,0.0174929577464788,0.1111111111111111,0.1631944444444444,6.351762390409734,9.329151010914297,0.0219577232003134,0.0244890647789514,0.9780422767996864,0.9755109352210484,0.0590277777777777,0.1041666666666666,244.6139811538139,244.61398115381408,22.36687199309236,0.0,-222.2471091607216,0.0,0.0,-4.0459568935300325,5.872117789475416,0.6890534680389124,0.6260481948189339,0.5241682939491807,0.4861526507964049,0.06372459706340329,-1.4065733963143685,1.8858606819371508,-0.3202516363592594,-0.685488059055863,1.0
RTS93,external93,10,15,13,0.3,0.16,perfect,independent,0.0,0.0,0,65.0,223_STEAM_1,20.523671915,155.0,0.0290322580645161,0.1145833333333333,0.0659722222222222,3.946759259259259,2.2723765432098766,0.9679938286783154,0.9874510586245518,0.0320061713216845,0.0125489413754481,0.9236111111111112,0.9236111111111112,1664.3179049820046,1722.57126424763,0.429668467513693,0.0,-1663.888236514491,0.0,0.0,-3.5393477201429735,5.043425116919247,10.737534870851643,10.734762816222522,2.462791815422547,2.4625556174432126,0.08172425545944419,-1.0603691543594995,1.0011376842752469,-0.5133230296807593,1.546051488082427,1.0
RTS93,external93,10,15,13,0.3,0.16,perfect,independent,0.0,0.0,0,65.0,223_STEAM_2,20.523671915,155.0,0.0290322580645161,0.1006944444444444,0.0763888888888889,3.4683641975308643,2.631172839506173,0.9816222081762372,0.9843001049171144,0.0183777918237628,0.0156998950828856,0.9236111111111112,0.9236111111111112,1630.5371691952168,1676.7390747840636,0.3848573088562261,0.0,-1630.1523118863606,0.0,0.0,-3.5393477201429735,5.043425116919247,10.51959463996914,10.517111689589424,2.444049467145972,2.443833902442076,0.009725621875280064,-1.0603691543594995,1.0011376842752469,-0.5133230296807593,1.5781985357869697,1.0
RTS93,external93,10,15,13,0.3,0.16,perfect,independent,0.0,0.0,0,65.0,223_STEAM_3,22.571599727499997,350.0,0.0171428571428571,0.3402777777777778,0.3680555555555556,19.84953703703704,21.46990740740741,0.8608940730595236,0.8332382489216275,0.1391059269404763,0.1667617510783725,0.75,0.6944444444444444,6011.895486795432,6081.811082691679,340.25795430714425,0.0,-5671.637532488287,0.0,0.0,-4.066173685255407,5.857933154483459,17.17684424798695,16.20467866425225,2.9001484899628456,2.845181362193439,1.2517020512021109,-1.4203890542647535,1.8707169824615488,-0.4610456962059807,1.2934212356340573,1.0
RTS93,external93,10,15,13,0.3,0.16,perfect,independent,0.0,0.0,0,65.0,223_CT_4,48.87207345,55.0,0.1009090909090909,0.0,0.0,0.0,0.0,0.0,0.0,1.0,1.0,0.0,0.0,0.0,0.0,0.0,0.0,0.0,0.0,0.0,-2.2935352574741277,4.007333185232471,0.0,0.0,0.0,0.0,-0.5122644716099094,-0.20901157555255098,-0.10500744046411228,0.21032495804445406,-0.7372826231352724,1.0
RTS93,external93,10,15,13,0.3,0.16,perfect,independent,0.0,0.0,0,65.0,223_CT_5,48.87207345,55.0,0.1009090909090909,0.0,0.0,0.0,0.0,0.0,0.0,1.0,1.0,0.0,0.0,0.0,0.0,0.0,0.0,0.0,0.0,0.0,-2.2935352574741277,4.007333185232471,0.0,0.0,0.0,0.0,-0.5122644716099094,-0.20901157555255098,-0.10500744046411228,0.21032495804445406,-0.7372826231352724,1.0
RTS93,external93,10,15,13,0.3,0.16,perfect,independent,0.0,0.0,0,65.0,223_CT_6,48.87207345,55.0,0.1009090909090909,0.0,0.0,0.0,0.0,0.0,0.0,1.0,1.0,0.0,0.0,0.0,0.0,0.0,0.0,0.0,0.0,0.0,-2.2935352574741277,4.007333185232471,0.0,0.0,0.0,0.0,-0.5122644716099094,-0.20901157555255098,-0.10500744046411228,0.21032495804445406,-0.7372826231352724,1.0
RTS93,external93,10,15,13,0.3,0.16,perfect,independent,0.0,0.0,0,65.0,301_CT_1,110.83689929999998,20.0,0.225,0.0,0.0,0.0,0.0,0.0,0.0,1.0,1.0,0.0,0.0,0.0,0.0,0.0,0.0,0.0,0.0,0.0,-1.491654876777717,2.995732273553991,0.0,0.0,0.0,0.0,-0.5122644716099094,0.33897374315264334,-1.1850056360038916,1.7920974428434195,-0.7372826231352724,1.0
RTS93,external93,10,15,13,0.3,0.16,perfect,independent,0.0,0.0,0,65.0,301_CT_2,110.83689929999998,20.0,0.225,0.0,0.0,0.0,0.0,0.0,0.0,1.0,1.0,0.0,0.0,0.0,0.0,0.0,0.0,0.0,0.0,0.0,-1.491654876777717,2.995732273553991,0.0,0.0,0.0,0.0,-0.5122644716099094,0.33897374315264334,-1.1850056360038916,1.7920974428434195,-0.7372826231352724,1.0
RTS93,external93,10,15,13,0.3,0.16,perfect,independent,0.0,0.0,0,65.0,301_CT_3,38.095727805,55.0,0.1009090909090909,0.0,0.0,0.0,0.0,0.0,0.0,1.0,1.0,0.0,0.0,0.0,0.0,0.0,0.0,0.0,0.0,0.0,-2.2935352574741277,4.007333185232471,0.0,0.0,0.0,0.0,-0.5122644716099094,-0.20901157555255098,-0.10500744046411228,-0.06476218686590589,-0.7372826231352724,1.0
RTS93,external93,10,15,13,0.3,0.16,perfect,independent,0.0,0.0,0,65.0,301_CT_4,38.095727805,55.0,0.1009090909090909,0.0,0.0,0.0,0.0,0.0,0.0,1.0,1.0,0.0,0.0,0.0,0.0,0.0,0.0,0.0,0.0,0.0,-2.2935352574741277,4.007333185232471,0.0,0.0,0.0,0.0,-0.5122644716099094,-0.20901157555255098,-0.10500744046411228,-0.06476218686590589,-0.7372826231352724,1.0
RTS93,external93,10,15,13,0.3,0.16,perfect,independent,0.0,0.0,0,65.0,302_CT_1,110.83689929999998,20.0,0.225,0.0,0.0,0.0,0.0,0.0,0.0,1.0,1.0,0.0,0.0,0.0,0.0,0.0,0.0,0.0,0.0,0.0,-1.491654876777717,2.995732273553991,0.0,0.0,0.0,0.0,-0.5122644716099094,0.33897374315264334,-1.1850056360038916,1.7920974428434195,-0.7372826231352724,1.0
RTS93,external93,10,15,13,0.3,0.16,perfect,independent,0.0,0.0,0,65.0,302_CT_2,110.83689929999998,20.0,0.225,0.0,0.0,0.0,0.0,0.0,0.0,1.0,1.0,0.0,0.0,0.0,0.0,0.0,0.0,0.0,0.0,0.0,-1.491654876777717,2.995732273553991,0.0,0.0,0.0,0.0,-0.5122644716099094,0.33897374315264334,-1.1850056360038916,1.7920974428434195,-0.7372826231352724,1.0
RTS93,external93,10,15,13,0.3,0.16,perfect,independent,0.0,0.0,0,65.0,302_CT_3,42.663211305,55.0,0.1009090909090909,0.0,0.0,0.0,0.0,0.0,0.0,1.0,1.0,0.0,0.0,0.0,0.0,0.0,0.0,0.0,0.0,0.0,-2.2935352574741277,4.007333185232471,0.0,0.0,0.0,0.0,-0.5122644716099094,-0.20901157555255098,-0.10500744046411228,0.05183169726058796,-0.7372826231352724,1.0
RTS93,external93,10,15,13,0.3,0.16,perfect,independent,0.0,0.0,0,65.0,302_CT_4,42.663211305,55.0,0.1009090909090909,0.0,0.0,0.0,0.0,0.0,0.0,1.0,1.0,0.0,0.0,0.0,0.0,0.0,0.0,0.0,0.0,0.0,-2.2935352574741277,4.007333185232471,0.0,0.0,0.0,0.0,-0.5122644716099094,-0.20901157555255098,-0.10500744046411228,0.05183169726058796,-0.7372826231352724,1.0
RTS93,external93,10,15,13,0.3,0.16,perfect,independent,0.0,0.0,0,65.0,307_CT_1,36.12393546,55.0,0.1009090909090909,0.0,0.0,0.0,0.0,0.0,0.0,1.0,1.0,0.0,0.0,0.0,0.0,0.0,0.0,0.0,0.0,0.0,-2.2935352574741277,4.007333185232471,0.0,0.0,0.0,0.0,-0.5122644716099094,-0.20901157555255098,-0.10500744046411228,-0.11509601471540733,-0.7372826231352724,1.0
RTS93,external93,10,15,13,0.3,0.16,perfect,independent,0.0,0.0,0,65.0,307_CT_2,36.12393546,55.0,0.1009090909090909,0.0,0.0,0.0,0.0,0.0,0.0,1.0,1.0,0.0,0.0,0.0,0.0,0.0,0.0,0.0,0.0,0.0,-2.2935352574741277,4.007333185232471,0.0,0.0,0.0,0.0,-0.5122644716099094,-0.20901157555255098,-0.10500744046411228,-0.11509601471540733,-0.7372826231352724,1.0
RTS93,external93,10,15,13,0.3,0.16,perfect,independent,0.0,0.0,0,65.0,313_CC_1,26.770312335000003,355.0,0.0174929577464788,0.3333333333333333,0.3611111111111111,19.0552871712292,20.643227768831636,0.1526735043397903,0.1492385428892813,0.8473264956602097,0.8507614571107186,0.1666666666666666,0.2083333333333333,1940.977941664648,1940.977941664648,629.0693296603017,0.0,-1311.9086120043462,0.0,0.0,-4.0459568935300325,5.872117789475416,5.467543497646895,3.695517216913651,1.8667963606289746,1.546608269939581,1.2157027344100286,-1.4065733963143685,1.8858606819371508,-0.3538654050808337,-0.3771515871614519,1.0
RTS93,external93,10,15,13,0.3,0.16,perfect,independent,0.0,0.0,0,65.0,315_STEAM_1,112.26770385,12.0,0.125,0.0,0.0,0.0,0.0,0.0,0.0,1.0,1.0,0.0,0.0,0.0,0.0,0.0,0.0,0.0,0.0,0.0,-2.0794415416798357,2.4849066497880004,0.0,0.0,0.0,0.0,-0.5122644716099094,-0.06270519880789859,-1.7303696679395384,1.8286215068954002,-0.7372826231352724,1.0
RTS93,external93,10,15,13,0.3,0.16,perfect,independent,0.0,0.0,0,65.0,315_STEAM_2,112.26770385,12.0,0.125,0.0,0.0,0.0,0.0,0.0,0.0,1.0,1.0,0.0,0.0,0.0,0.0,0.0,0.0,0.0,0.0,0.0,-2.0794415416798357,2.4849066497880004,0.0,0.0,0.0,0.0,-0.5122644716099094,-0.06270519880789859,-1.7303696679395384,1.8286215068954002,-0.7372826231352724,1.0
RTS93,external93,10,15,13,0.3,0.16,perfect,independent,0.0,0.0,0,65.0,315_STEAM_3,112.26770385,12.0,0.125,0.0,0.0,0.0,0.0,0.0,0.0,1.0,1.0,0.0,0.0,0.0,0.0,0.0,0.0,0.0,0.0,0.0,-2.0794415416798357,2.4849066497880004,0.0,0.0,0.0,0.0,-0.5122644716099094,-0.06270519880789859,-1.7303696679395384,1.8286215068954002,-0.7372826231352724,1.0
RTS93,external93,10,15,13,0.3,0.16,perfect,independent,0.0,0.0,0,65.0,315_STEAM_4,112.26770385,12.0,0.125,0.0,0.0,0.0,0.0,0.0,0.0,1.0,1.0,0.0,0.0,0.0,0.0,0.0,0.0,0.0,0.0,0.0,-2.0794415416798357,2.4849066497880004,0.0,0.0,0.0,0.0,-0.5122644716099094,-0.06270519880789859,-1.7303696679395384,1.8286215068954002,-0.7372826231352724,1.0
RTS93,external93,10,15,13,0.3,0.16,perfect,independent,0.0,0.0,0,65.0,315_STEAM_5,112.26770385,12.0,0.125,0.0,0.0,0.0,0.0,0.0,0.0,1.0,1.0,0.0,0.0,0.0,0.0,0.0,0.0,0.0,0.0,0.0,-2.0794415416798357,2.4849066497880004,0.0,0.0,0.0,0.0,-0.5122644716099094,-0.06270519880789859,-1.7303696679395384,1.8286215068954002,-0.7372826231352724,1.0
RTS93,external93,10,15,13,0.3,0.16,perfect,independent,0.0,0.0,0,65.0,315_CT_6,31.33876764,55.0,0.1009090909090909,0.0069444444444444,0.0277777777777777,0.0688188188188188,0.2752752752752753,0.0007445174120192,0.0063068181818181,0.9992554825879808,0.9936931818181818,0.0034722222222222,0.0104166666666666,3.1044189249374767,3.1044189249375034,2.0774032533749947,0.0,-1.027015671562482,0.0,0.0,-2.2935352574741277,4.007333185232471,0.05644398045340867,0.018673012210226946,0.054908532961029856,0.018500811880728826,-0.4762651548178275,-0.20901157555255098,-0.10500744046411228,-0.23724671374495118,-0.7355264321835386,1.0
RTS93,external93,10,15,13,0.3,0.16,perfect,independent,0.0,0.0,0,65.0,315_CT_7,31.33876764,55.0,0.1009090909090909,0.0208333333333333,0.0243055555555555,0.2064564564564564,0.2408658658658658,0.0062576535630253,0.0066386994949494,0.9937423464369748,0.9933613005050508,0.0034722222222222,0.0104166666666666,3.229310602152452,3.229310602152479,2.0774032533749947,0.0,-1.1519073487774576,0.0,0.0,-2.2935352574741277,4.007333185232471,0.05871473822095367,0.020943769977771948,0.05705566132532381,0.020727464186763193,-0.4042665212336634,-0.20901157555255098,-0.10500744046411228,-0.23724671374495118,-0.7225218742406769,1.0
RTS93,external93,10,15,13,0.3,0.16,perfect,independent,0.0,0.0,0,65.0,315_CT_8,31.33876764,55.0,0.1009090909090909,0.0416666666666666,0.0243055555555555,0.4129129129129129,0.2408658658658658,0.0126136363636363,0.0049519196969696,0.9873863636363636,0.9950480803030304,0.0034722222222222,0.0104166666666666,7.7990266664999695,7.799026666499991,1.0832442583286377,0.0,-6.715782408171332,0.0,0.0,-2.2935352574741277,4.007333185232471,0.141800484845454,0.12210513469402422,0.13260638918048895,0.11520650564650917,-0.2962685708574174,-0.20901157555255098,-0.10500744046411228,-0.23724671374495118,-0.7075291832658144,1.0
RTS93,external93,10,15,13,0.3,0.16,perfect,independent,0.0,0.0,0,65.0,316_STEAM_1,23.6803874825,155.0,0.0290322580645161,0.4201388888888889,0.3680555555555556,14.471450617283953,12.67746913580247,0.365983156975808,0.3196491670250896,0.6340168430241919,0.6803508329749103,0.3125,0.3298611111111111,1801.2527968191805,1860.5513113923053,182.2429210518376,0.0,-1619.0098757673427,0.0,0.0,-3.5393477201429735,5.043425116919247,11.620985785930197,10.445225004950599,2.535360967052121,2.4375726128836797,1.6656941943110544,-1.0603691543594995,1.0011376842752469,-0.43274173604337784,0.12600989144098762,1.0
RTS93,external93,10,15,13,0.3,0.16,perfect,independent,0.0,0.0,0,65.0,318_CC_1,29.14054473,355.0,0.0174929577464788,0.0694444444444444,0.0798611111111111,3.969851494006084,4.565329218106996,0.0076025017202332,0.0076497177230046,0.9923974982797668,0.9923502822769952,0.0347222222222222,0.0486111111111111,55.0973379778967,55.09733797789671,0.366424822500754,0.0,-54.730913155395946,0.0,0.0,-4.0459568935300325,5.872117789475416,0.1552037689518217,0.15417158635322803,0.14427675174790103,0.14338284538057566,-0.15227130368908912,-1.4065733963143685,1.8858606819371508,-0.29336062138200003,-0.719349604355492,1.0
RTS93,external93,10,15,13,0.3,0.16,perfect,independent,0.0,0.0,0,65.0,321_CC_1,27.670203765000004,355.0,0.0174929577464788,0.2256944444444444,0.2395833333333333,12.902017355519773,13.695987654320987,0.0742703233865869,0.05805573772496,0.9257296766134132,0.9419442622750398,0.1111111111111111,0.1770833333333333,731.7230617691012,731.7230617691015,103.41680206037675,0.0,-628.3062597087244,0.0,0.0,-4.0459568935300325,5.872117789475416,2.0611917232932426,1.7698767879118997,1.1188042922041366,1.0188028383117116,0.6577133241327567,-1.4065733963143685,1.8858606819371508,-0.3308939291869755,-0.5620914619774466,1.0
RTS93,external93,10,15,13,0.3,0.16,perfect,independent,0.0,0.0,0,65.0,322_CT_5,31.1560683,55.0,0.1009090909090909,0.0416666666666666,0.0277777777777777,0.4129129129129129,0.2752752752752753,0.0126136363636363,0.0070075757575757,0.9873863636363636,0.9929924242424244,0.0208333333333333,0.0138888888888888,6.447051550499964,6.447051550499998,1.316917250624999,0.0,-5.130134299874965,0.0,0.0,-2.2935352574741277,4.007333185232471,0.11721911909999934,0.09327516908863573,0.11084266835097265,0.08917793330852887,-0.2962685708574174,-0.20901157555255098,-0.10500744046411228,-0.24191046911001093,-0.7075291832658144,1.0
RTS93,external93,10,15,13,0.3,0.16,perfect,independent,0.0,0.0,0,65.0,322_CT_6,31.1560683,55.0,0.1009090909090909,0.0381944444444444,0.0277777777777777,0.3785035035035035,0.2752752752752753,0.0133904784066712,0.0079893771464646,0.9866095215933288,0.9920106228535354,0.0208333333333333,0.0138888888888888,8.158573715756717,8.158573715756754,1.316917250624999,0.0,-6.8416564651317175,0.0,0.0,-2.2935352574741277,4.007333185232471,0.1483377039228494,0.12439375391148577,0.13831542181887543,0.11724400499344242,-0.3142682292534584,-0.20901157555255098,-0.10500744046411228,-0.24191046911001093,-0.7056967439636842,1.0
RTS93,external93,10,15,13,0.3,0.16,perfect,independent,0.0,0.0,0,65.0,323_CC_1,29.281456455,355.0,0.0174929577464788,0.0486111111111111,0.0625,2.778896045804258,3.572866344605475,0.0036035414123631,0.0058803357394365,0.9963964585876368,0.9941196642605632,0.0243055555555555,0.0243055555555555,38.12910289765847,38.129102897658456,0.0525165644193847,0.0,-38.076586333239085,0.0,0.0,-4.0459568935300325,5.872117789475416,0.10740592365537598,0.10725798967109601,0.10202027454844255,0.10188667957395471,-0.26026925406533513,-1.4065733963143685,1.8858606819371508,-0.2897635760206507,-0.7287824769729061,1.0
RTS93,external93,10,15,13,0.3,0.16,perfect,independent,0.0,0.0,0,65.0,323_CC_2,29.281456455,355.0,0.0174929577464788,0.0625,0.0555555555555555,3.572866344605475,3.175881195204867,0.0047984154929577,0.0053046063673708,0.9952015845070422,0.9946953936326292,0.0243055555555555,0.0243055555555555,33.81758053363126,33.81758053363126,0.0281629088999935,0.0,-33.789417624731264,0.0,0.0,-4.0459568935300325,5.872117789475416,0.09526079023558101,0.09518145809783454,0.09099249951048251,0.09092006469706387,-0.18827062048117096,-1.4065733963143685,1.8858606819371508,-0.2897635760206507,-0.7259639706291655,1.0
RTS93,external93,10,15,13,0.3,0.16,perfect,independent,0.0,0.0,0,65.0,121_NUCLEAR_1,2.025875,400.0,0.075,0.0104166666666666,0.0034722222222222,0.1388888888888889,0.0462962962962962,0.9914129126012852,0.9997333332031252,0.0085870873987147,0.0002666667968749,0.9583333333333334,0.9930555555555556,12.042562830349198,367.46431647156714,0.0,0.0,-12.042562830349198,0.0,0.0,-2.5902671654458267,5.991464547107982,0.030106407075872994,0.030106407075872994,0.029662104746310314,0.029662104746310314,-0.4582654964217866,-0.41179085918916297,2.0132768214430246,-0.9855152094889464,1.6012931555296244,1.0
RTS93,external93,10,15,13,0.3,0.16,perfect,independent,0.0,0.0,0,65.0,122_HYDRO_1,0.0,50.0,1.5,0.0,0.0,0.0,0.0,0.9966807054861112,0.9998558940277776,0.0033192945138888,0.0001441059722222,0.9895833333333334,0.9965277777777778,0.0,0.0,0.0,0.0,0.0,0.0,0.0,0.4054651081081644,3.912023005428146,0.0,0.0,0.0,0.0,-0.5122644716099094,1.6354188546252855,-0.2067618191097883,-1.0372296021090317,1.613718990104599,1.0
RTS93,external93,10,15,13,0.3,0.16,perfect,independent,0.0,0.0,0,65.0,122_HYDRO_2,0.0,50.0,1.5,0.0,0.0,0.0,0.0,1.0,1.0,0.0,0.0,0.9895833333333334,0.9965277777777778,0.0,0.0,0.0,0.0,0.0,0.0,0.0,0.4054651081081644,3.912023005428146,0.0,0.0,0.0,0.0,-0.5122644716099094,1.6354188546252855,-0.2067618191097883,-1.0372296021090317,1.621548645794748,1.0
RTS93,external93,10,15,13,0.3,0.16,perfect,independent,0.0,0.0,0,65.0,122_HYDRO_3,0.0,50.0,1.5,0.0,0.0,0.0,0.0,1.0,1.0,0.0,0.0,0.9895833333333334,0.9965277777777778,0.0,0.0,0.0,0.0,0.0,0.0,0.0,0.4054651081081644,3.912023005428146,0.0,0.0,0.0,0.0,-0.5122644716099094,1.6354188546252855,-0.2067618191097883,-1.0372296021090317,1.621548645794748,1.0
RTS93,external93,10,15,13,0.3,0.16,perfect,independent,0.0,0.0,0,65.0,122_HYDRO_4,0.0,50.0,1.5,0.0,0.0,0.0,0.0,1.0,1.0,0.0,0.0,0.9895833333333334,0.9965277777777778,0.0,0.0,0.0,0.0,0.0,0.0,0.0,0.4054651081081644,3.912023005428146,0.0,0.0,0.0,0.0,-0.5122644716099094,1.6354188546252855,-0.2067618191097883,-1.0372296021090317,1.621548645794748,1.0
RTS93,external93,10,15,13,0.3,0.16,perfect,independent,0.0,0.0,0,65.0,122_HYDRO_5,0.0,50.0,1.5,0.0,0.0,0.0,0.0,1.0,1.0,0.0,0.0,0.9895833333333334,0.9965277777777778,0.0,0.0,0.0,0.0,0.0,0.0,0.0,0.4054651081081644,3.912023005428146,0.0,0.0,0.0,0.0,-0.5122644716099094,1.6354188546252855,-0.2067618191097883,-1.0372296021090317,1.621548645794748,1.0
RTS93,external93,10,15,13,0.3,0.16,perfect,independent,0.0,0.0,0,65.0,122_HYDRO_6,0.0,50.0,1.5,0.0,0.0,0.0,0.0,1.0,1.0,0.0,0.0,0.9895833333333334,0.9965277777777778,0.0,0.0,0.0,0.0,0.0,0.0,0.0,0.4054651081081644,3.912023005428146,0.0,0.0,0.0,0.0,-0.5122644716099094,1.6354188546252855,-0.2067618191097883,-1.0372296021090317,1.621548645794748,1.0
RTS93,external93,10,15,13,0.3,0.16,perfect,independent,0.0,0.0,0,65.0,201_HYDRO_4,0.0,50.0,1.5,0.0,0.0,0.0,0.0,1.0,1.0,0.0,0.0,0.9895833333333334,0.9965277777777778,0.0,0.0,0.0,0.0,0.0,0.0,0.0,0.4054651081081644,3.912023005428146,0.0,0.0,0.0,0.0,-0.5122644716099094,1.6354188546252855,-0.2067618191097883,-1.0372296021090317,1.621548645794748,1.0
RTS93,external93,10,15,13,0.3,0.16,perfect,independent,0.0,0.0,0,65.0,215_HYDRO_1,0.0,50.0,1.5,0.0,0.0,0.0,0.0,1.0,1.0,0.0,0.0,0.9895833333333334,0.9965277777777778,0.0,0.0,0.0,0.0,0.0,0.0,0.0,0.4054651081081644,3.912023005428146,0.0,0.0,0.0,0.0,-0.5122644716099094,1.6354188546252855,-0.2067618191097883,-1.0372296021090317,1.621548645794748,1.0
RTS93,external93,10,15,13,0.3,0.16,perfect,independent,0.0,0.0,0,65.0,215_HYDRO_2,0.0,50.0,1.5,0.0,0.0,0.0,0.0,1.0,1.0,0.0,0.0,0.9895833333333334,0.9965277777777778,0.0,0.0,0.0,0.0,0.0,0.0,0.0,0.4054651081081644,3.912023005428146,0.0,0.0,0.0,0.0,-0.5122644716099094,1.6354188546252855,-0.2067618191097883,-1.0372296021090317,1.621548645794748,1.0
RTS93,external93,10,15,13,0.3,0.16,perfect,independent,0.0,0.0,0,65.0,215_HYDRO_3,0.0,50.0,1.5,0.0,0.0,0.0,0.0,1.0,1.0,0.0,0.0,0.9895833333333334,0.9965277777777778,0.0,0.0,0.0,0.0,0.0,0.0,0.0,0.4054651081081644,3.912023005428146,0.0,0.0,0.0,0.0,-0.5122644716099094,1.6354188546252855,-0.2067618191097883,-1.0372296021090317,1.621548645794748,1.0
RTS93,external93,10,15,13,0.3,0.16,perfect,independent,0.0,0.0,0,65.0,222_HYDRO_1,0.0,50.0,1.5,0.0,0.0,0.0,0.0,1.0,1.0,0.0,0.0,0.9895833333333334,0.9965277777777778,0.0,0.0,0.0,0.0,0.0,0.0,0.0,0.4054651081081644,3.912023005428146,0.0,0.0,0.0,0.0,-0.5122644716099094,1.6354188546252855,-0.2067618191097883,-1.0372296021090317,1.621548645794748,1.0
RTS93,external93,10,15,13,0.3,0.16,perfect,independent,0.0,0.0,0,65.0,222_HYDRO_2,0.0,50.0,1.5,0.0,0.0,0.0,0.0,1.0,1.0,0.0,0.0,0.9895833333333334,0.9965277777777778,0.0,0.0,0.0,0.0,0.0,0.0,0.0,0.4054651081081644,3.912023005428146,0.0,0.0,0.0,0.0,-0.5122644716099094,1.6354188546252855,-0.2067618191097883,-1.0372296021090317,1.621548645794748,1.0
RTS93,external93,10,15,13,0.3,0.16,perfect,independent,0.0,0.0,0,65.0,222_HYDRO_3,0.0,50.0,1.5,0.0,0.0,0.0,0.0,1.0,1.0,0.0,0.0,0.9895833333333334,0.9965277777777778,0.0,0.0,0.0,0.0,0.0,0.0,0.0,0.4054651081081644,3.912023005428146,0.0,0.0,0.0,0.0,-0.5122644716099094,1.6354188546252855,-0.2067618191097883,-1.0372296021090317,1.621548645794748,1.0
RTS93,external93,10,15,13,0.3,0.16,perfect,independent,0.0,0.0,0,65.0,222_HYDRO_4,0.0,50.0,1.5,0.0,0.0,0.0,0.0,1.0,1.0,0.0,0.0,0.9895833333333334,0.9965277777777778,0.0,0.0,0.0,0.0,0.0,0.0,0.0,0.4054651081081644,3.912023005428146,0.0,0.0,0.0,0.0,-0.5122644716099094,1.6354188546252855,-0.2067618191097883,-1.0372296021090317,1.621548645794748,1.0
RTS93,external93,10,15,13,0.3,0.16,perfect,independent,0.0,0.0,0,65.0,222_HYDRO_5,0.0,50.0,1.5,0.0,0.0,0.0,0.0,1.0,1.0,0.0,0.0,0.9895833333333334,0.9965277777777778,0.0,0.0,0.0,0.0,0.0,0.0,0.0,0.4054651081081644,3.912023005428146,0.0,0.0,0.0,0.0,-0.5122644716099094,1.6354188546252855,-0.2067618191097883,-1.0372296021090317,1.621548645794748,1.0
RTS93,external93,10,15,13,0.3,0.16,perfect,independent,0.0,0.0,0,65.0,222_HYDRO_6,0.0,50.0,1.5,0.0,0.0,0.0,0.0,1.0,1.0,0.0,0.0,0.9895833333333334,0.9965277777777778,0.0,0.0,0.0,0.0,0.0,0.0,0.0,0.4054651081081644,3.912023005428146,0.0,0.0,0.0,0.0,-0.5122644716099094,1.6354188546252855,-0.2067618191097883,-1.0372296021090317,1.621548645794748,1.0
RTS93,external93,10,15,13,0.3,0.16,perfect,independent,0.0,0.0,0,65.0,322_HYDRO_1,0.0,50.0,1.5,0.0,0.0,0.0,0.0,1.0,1.0,0.0,0.0,0.9895833333333334,0.9965277777777778,0.0,0.0,0.0,0.0,0.0,0.0,0.0,0.4054651081081644,3.912023005428146,0.0,0.0,0.0,0.0,-0.5122644716099094,1.6354188546252855,-0.2067618191097883,-1.0372296021090317,1.621548645794748,1.0
RTS93,external93,10,15,13,0.3,0.16,perfect,independent,0.0,0.0,0,65.0,322_HYDRO_2,0.0,50.0,1.5,0.0,0.0,0.0,0.0,1.0,1.0,0.0,0.0,0.9895833333333334,0.9965277777777778,0.0,0.0,0.0,0.0,0.0,0.0,0.0,0.4054651081081644,3.912023005428146,0.0,0.0,0.0,0.0,-0.5122644716099094,1.6354188546252855,-0.2067618191097883,-1.0372296021090317,1.621548645794748,1.0
RTS93,external93,10,15,13,0.3,0.16,perfect,independent,0.0,0.0,0,65.0,322_HYDRO_3,0.0,50.0,1.5,0.0,0.0,0.0,0.0,1.0,1.0,0.0,0.0,0.9895833333333334,0.9965277777777778,0.0,0.0,0.0,0.0,0.0,0.0,0.0,0.4054651081081644,3.912023005428146,0.0,0.0,0.0,0.0,-0.5122644716099094,1.6354188546252855,-0.2067618191097883,-1.0372296021090317,1.621548645794748,1.0
RTS93,external93,10,15,13,0.3,0.16,perfect,independent,0.0,0.0,0,65.0,322_HYDRO_4,0.0,50.0,1.5,0.0,0.0,0.0,0.0,1.0,1.0,0.0,0.0,0.9895833333333334,0.9965277777777778,0.0,0.0,0.0,0.0,0.0,0.0,0.0,0.4054651081081644,3.912023005428146,0.0,0.0,0.0,0.0,-0.5122644716099094,1.6354188546252855,-0.2067618191097883,-1.0372296021090317,1.621548645794748,1.0
RTS93,external93,10,17,13,0.3,0.16,perfect,independent,0.0,0.0,0,65.0,101_CT_1,109.6984653,20.0,0.225,0.0,0.0,0.0,0.0,0.0,0.0,1.0,1.0,0.0,0.0,0.0,0.0,0.0,0.0,0.0,0.0,0.0,-1.491654876777717,2.995732273553991,0.0,0.0,0.0,0.0,-0.5122644716099094,0.33897374315264334,-1.1850056360038916,1.763036704718879,-0.7372826231352724,1.0
RTS93,external93,10,17,13,0.3,0.16,perfect,independent,0.0,0.0,0,65.0,101_CT_2,109.6984653,20.0,0.225,0.0,0.0,0.0,0.0,0.0,0.0,1.0,1.0,0.0,0.0,0.0,0.0,0.0,0.0,0.0,0.0,0.0,-1.491654876777717,2.995732273553991,0.0,0.0,0.0,0.0,-0.5122644716099094,0.33897374315264334,-1.1850056360038916,1.763036704718879,-0.7372826231352724,1.0
RTS93,external93,10,17,13,0.3,0.16,perfect,independent,0.0,0.0,0,65.0,101_STEAM_3,19.3218686,76.0,0.0394736842105263,0.3715277777777778,0.3229166666666667,9.412037037037038,8.180555555555557,0.9078498619334796,0.912726071833882,0.0921501380665202,0.0872739281661181,0.7569444444444444,0.7951388888888888,3182.8811076363986,3182.8811076363986,426.00387897157407,0.0,-2756.8772286648245,0.0,0.0,-3.232121051618222,4.330733340286331,41.88001457416314,36.27470037716874,3.758405856645025,3.6183148224473016,1.41369897676648,-0.8504180096263427,0.24025874095513047,-0.5440013926024746,1.4041820186872211,1.0
RTS93,external93,10,17,13,0.3,0.16,perfect,independent,0.0,0.0,0,65.0,101_STEAM_4,19.3218686,76.0,0.0394736842105263,0.3333333333333333,0.34375,8.444444444444445,8.708333333333334,0.9176831738304092,0.9113475109557748,0.0823168261695909,0.0886524890442251,0.7569444444444444,0.7951388888888888,3237.51635012974,3237.51635012974,421.65822360858874,0.0,-2815.8581265211515,0.0,0.0,-3.232121051618222,4.330733340286331,42.59889934381237,37.05076482264673,3.77503190562837,3.6389211845694605,1.2157027344100286,-0.8504180096263427,0.24025874095513047,-0.5440013926024746,1.4273771422668402,1.0
RTS93,external93,10,17,13,0.3,0.16,perfect,independent,0.0,0.0,0,65.0,102_CT_1,108.68163675,20.0,0.225,0.0,0.0,0.0,0.0,0.0,0.0,1.0,1.0,0.0,0.0,0.0,0.0,0.0,0.0,0.0,0.0,0.0,-1.491654876777717,2.995732273553991,0.0,0.0,0.0,0.0,-0.5122644716099094,0.33897374315264334,-1.1850056360038916,1.7370801818030965,-0.7372826231352724,1.0
RTS93,external93,10,17,13,0.3,0.16,perfect,independent,0.0,0.0,0,65.0,102_CT_2,108.68163675,20.0,0.225,0.0,0.0,0.0,0.0,0.0,0.0,1.0,1.0,0.0,0.0,0.0,0.0,0.0,0.0,0.0,0.0,0.0,-1.491654876777717,2.995732273553991,0.0,0.0,0.0,0.0,-0.5122644716099094,0.33897374315264334,-1.1850056360038916,1.7370801818030965,-0.7372826231352724,1.0
RTS93,external93,10,17,13,0.3,0.16,perfect,independent,0.0,0.0,0,65.0,102_STEAM_3,21.582252407499997,76.0,0.0394736842105263,0.5243055555555556,0.5763888888888888,13.282407407407408,14.601851851851851,0.6522801762746712,0.6724973334155702,0.3477198237253287,0.3275026665844298,0.5451388888888888,0.6284722222222222,2249.3304520227566,2249.3304520227566,314.41221064369597,0.0,-1934.9182413790609,0.0,0.0,-3.232121051618222,4.330733340286331,29.5964533160889,25.459450544461323,3.420884097537889,3.275613392955758,2.205683946192285,-0.8504180096263427,0.24025874095513047,-0.48630070737108666,0.8013362527646074,1.0
RTS93,external93,10,17,13,0.3,0.16,perfect,independent,0.0,0.0,0,65.0,102_STEAM_4,21.582252407499997,76.0,0.0394736842105263,0.4826388888888889,0.6041666666666666,12.226851851851851,15.305555555555555,0.6992367946820184,0.7084775988121346,0.3007632053179815,0.2915224011878654,0.5451388888888888,0.6284722222222222,2552.650384558164,2552.650384558164,362.7019829115268,0.0,-2189.9484016466367,0.0,0.0,-3.232121051618222,4.330733340286331,33.58750505997585,28.815110547982073,3.5434924914079624,3.3950153303656823,1.9896880454397927,-0.8504180096263427,0.24025874095513047,-0.48630070737108666,0.912098992547073,1.0
RTS93,external93,10,17,13,0.3,0.16,perfect,independent,0.0,0.0,0,65.0,107_CC_1,27.15028809,355.0,0.0174929577464788,0.1527777777777778,0.1423611111111111,8.733673286813385,8.138195562712472,0.0081233743348983,0.0062133840835289,0.9918766256651016,0.9937866159164712,0.0763888888888889,0.0972222222222222,56.519987153295496,56.519987153295496,2.957189663454951,0.0,-53.56279748984055,0.0,0.0,-4.0459568935300325,5.872117789475416,0.1592112314177338,0.15088111968969167,0.14773980091609187,0.14052784003516688,0.27972049781589564,-1.4065733963143685,1.8858606819371508,-0.344165786209885,-0.7181209537448907,1.0
RTS93,external93,10,17,13,0.3,0.16,perfect,independent,0.0,0.0,0,65.0,113_CT_1,34.424248515,55.0,0.1009090909090909,0.0,0.0,0.0,0.0,0.0,0.0,1.0,1.0,0.0,0.0,0.0,0.0,0.0,0.0,0.0,0.0,0.0,-2.2935352574741277,4.007333185232471,0.0,0.0,0.0,0.0,-0.5122644716099094,-0.20901157555255098,-0.10500744046411228,-0.15848382393609617,-0.7372826231352724,1.0
RTS93,external93,10,17,13,0.3,0.16,perfect,independent,0.0,0.0,0,65.0,113_CT_2,34.424248515,55.0,0.1009090909090909,0.0,0.0,0.0,0.0,0.0,0.0,1.0,1.0,0.0,0.0,0.0,0.0,0.0,0.0,0.0,0.0,0.0,-2.2935352574741277,4.007333185232471,0.0,0.0,0.0,0.0,-0.5122644716099094,-0.20901157555255098,-0.10500744046411228,-0.15848382393609617,-0.7372826231352724,1.0
RTS93,external93,10,17,13,0.3,0.16,perfect,independent,0.0,0.0,0,65.0,113_CT_3,34.424248515,55.0,0.1009090909090909,0.0,0.0,0.0,0.0,0.0,0.0,1.0,1.0,0.0,0.0,0.0,0.0,0.0,0.0,0.0,0.0,0.0,-2.2935352574741277,4.007333185232471,0.0,0.0,0.0,0.0,-0.5122644716099094,-0.20901157555255098,-0.10500744046411228,-0.15848382393609617,-0.7372826231352724,1.0
RTS93,external93,10,17,13,0.3,0.16,perfect,independent,0.0,0.0,0,65.0,113_CT_4,34.424248515,55.0,0.1009090909090909,0.0,0.0,0.0,0.0,0.0,0.0,1.0,1.0,0.0,0.0,0.0,0.0,0.0,0.0,0.0,0.0,0.0,-2.2935352574741277,4.007333185232471,0.0,0.0,0.0,0.0,-0.5122644716099094,-0.20901157555255098,-0.10500744046411228,-0.15848382393609617,-0.7372826231352724,1.0
RTS93,external93,10,17,13,0.3,0.16,perfect,independent,0.0,0.0,0,65.0,115_STEAM_1,140.6638701,12.0,0.125,0.0,0.0,0.0,0.0,0.0,0.0,1.0,1.0,0.0,0.0,0.0,0.0,0.0,0.0,0.0,0.0,0.0,-2.0794415416798357,2.4849066497880004,0.0,0.0,0.0,0.0,-0.5122644716099094,-0.06270519880789859,-1.7303696679395384,2.553488781706389,-0.7372826231352724,1.0
RTS93,external93,10,17,13,0.3,0.16,perfect,independent,0.0,0.0,0,65.0,115_STEAM_2,140.6638701,12.0,0.125,0.0,0.0,0.0,0.0,0.0,0.0,1.0,1.0,0.0,0.0,0.0,0.0,0.0,0.0,0.0,0.0,0.0,-2.0794415416798357,2.4849066497880004,0.0,0.0,0.0,0.0,-0.5122644716099094,-0.06270519880789859,-1.7303696679395384,2.553488781706389,-0.7372826231352724,1.0
RTS93,external93,10,17,13,0.3,0.16,perfect,independent,0.0,0.0,0,65.0,115_STEAM_3,23.535050669999997,155.0,0.0290322580645161,0.5208333333333334,0.6215277777777778,17.939814814814817,21.408179012345677,0.1876037589941758,0.1813087565255376,0.8123962410058242,0.8186912434744623,0.2048611111111111,0.3993055555555556,2095.340009246356,2095.340009246356,591.8380133099369,0.0,-1503.5019959364197,0.0,0.0,-3.5393477201429735,5.043425116919247,13.518322640299072,9.700012877009158,2.6754114820830672,2.370244944925936,2.187684287796244,-1.0603691543594995,1.0011376842752469,-0.43645174035449125,-0.294757010250999,1.0
RTS93,external93,10,17,13,0.3,0.16,perfect,independent,0.0,0.0,0,65.0,116_STEAM_1,23.254946994999997,155.0,0.0290322580645161,0.5902777777777778,0.6805555555555556,20.33179012345679,23.44135802469136,0.2256273691151433,0.1940384089426525,0.7743726308848566,0.8059615910573475,0.25,0.4340277777777778,2531.3764712981992,2531.3764712981992,636.3048529454256,0.0,-1895.0716183527736,0.0,0.0,-3.5393477201429735,5.043425116919247,16.33146110514967,12.226268505501766,2.8525234109150337,2.582204890384808,2.5476774557170643,-1.0603691543594995,1.0011376842752469,-0.4436019304813642,-0.20506572974005685,1.0
RTS93,external93,10,17,13,0.3,0.16,perfect,independent,0.0,0.0,0,65.0,118_CC_1,27.75086358,355.0,0.0174929577464788,0.0972222222222222,0.0833333333333333,5.557792091608517,4.7638217928073,0.0043994188575899,0.0035073277777777,0.99560058114241,0.9964926722222222,0.0520833333333333,0.0555555555555555,32.07617392382195,32.07617392382195,7.8758171989488925,0.0,-24.200356724873053,0.0,0.0,-4.0459568935300325,5.872117789475416,0.09035541950372379,0.06817001894330438,0.08650371603002122,0.06594692163515892,-0.008274036520760893,-1.4065733963143685,1.8858606819371508,-0.32883493080772047,-0.726905136368869,1.0
RTS93,external93,10,17,13,0.3,0.16,perfect,independent,0.0,0.0,0,65.0,123_STEAM_2,24.654408375,155.0,0.0290322580645161,0.2465277777777778,0.2743055555555556,8.491512345679013,9.448302469135802,0.0495719809318998,0.0409249476568099,0.9504280190681004,0.95907505234319,0.125,0.1979166666666666,429.9154326364736,429.9154326364736,33.1721111441538,0.0,-396.7433214923198,0.0,0.0,-3.5393477201429735,5.043425116919247,2.773647952493378,2.559634332208515,1.3280421602670927,1.2696578239165577,0.7657112745090033,-1.0603691543594995,1.0011376842752469,-0.40787796169653473,-0.6203506844503044,1.0
RTS93,external93,10,17,13,0.3,0.16,perfect,independent,0.0,0.0,0,65.0,123_STEAM_3,22.665143785,350.0,0.0171428571428571,0.7569444444444444,0.84375,44.15509259259259,49.21875,0.3313420148462318,0.3796214473998016,0.6686579851537682,0.6203785526001985,0.2951388888888889,0.5069444444444444,7683.509683781658,7683.509683781658,3128.9177021282753,0.0,-4554.591981653382,0.0,0.0,-4.066173685255407,5.857933154483459,21.952884810804736,13.013119947581092,3.1334436284241938,2.6399940298874838,3.411661058727033,-1.4203890542647535,1.8707169824615488,-0.45865780252210037,0.04429728219429422,1.0
RTS93,external93,10,17,13,0.3,0.16,perfect,independent,0.0,0.0,0,65.0,123_CT_1,34.156030335000004,55.0,0.1009090909090909,0.0069444444444444,0.0,0.0688188188188188,0.0,0.0003503787878787,7.023383838384071e-05,0.9996496212121212,0.9999297661616162,0.0034722222222222,0.0,0.0,0.0,0.0,0.0,0.0,0.0,0.0,-2.2935352574741277,4.007333185232471,0.0,0.0,0.0,0.0,-0.4762651548178275,-0.20901157555255098,-0.10500744046411228,-0.16533061372735405,-0.7364561386944544,1.0
RTS93,external93,10,17,13,0.3,0.16,perfect,independent,0.0,0.0,0,65.0,123_CT_4,34.156030335000004,55.0,0.1009090909090909,0.0069444444444444,0.0,0.0688188188188188,0.0,0.0003503787878787,0.0,0.9996496212121212,1.0,0.0034722222222222,0.0,0.0,0.0,0.0,0.0,0.0,0.0,0.0,-2.2935352574741277,4.007333185232471,0.0,0.0,0.0,0.0,-0.4762651548178275,-0.20901157555255098,-0.10500744046411228,-0.16533061372735405,-0.7364561386944544,1.0
RTS93,external93,10,17,13,0.3,0.16,perfect,independent,0.0,0.0,0,65.0,123_CT_5,34.156030335000004,55.0,0.1009090909090909,0.0069444444444444,0.0,0.0688188188188188,0.0,0.0003503787878787,0.0,0.9996496212121212,1.0,0.0034722222222222,0.0,0.0,0.0,0.0,0.0,0.0,0.0,0.0,-2.2935352574741277,4.007333185232471,0.0,0.0,0.0,0.0,-0.4762651548178275,-0.20901157555255098,-0.10500744046411228,-0.16533061372735405,-0.7364561386944544,1.0
RTS93,external93,10,17,13,0.3,0.16,perfect,independent,0.0,0.0,0,65.0,201_CT_1,105.65443725,20.0,0.225,0.0,0.0,0.0,0.0,0.0,0.0,1.0,1.0,0.0,0.0,0.0,0.0,0.0,0.0,0.0,0.0,0.0,-1.491654876777717,2.995732273553991,0.0,0.0,0.0,0.0,-0.5122644716099094,0.33897374315264334,-1.1850056360038916,1.6598050372446584,-0.7372826231352724,1.0
RTS93,external93,10,17,13,0.3,0.16,perfect,independent,0.0,0.0,0,65.0,201_CT_2,105.65443725,20.0,0.225,0.0,0.0,0.0,0.0,0.0,0.0,1.0,1.0,0.0,0.0,0.0,0.0,0.0,0.0,0.0,0.0,0.0,-1.491654876777717,2.995732273553991,0.0,0.0,0.0,0.0,-0.5122644716099094,0.33897374315264334,-1.1850056360038916,1.6598050372446584,-0.7372826231352724,1.0
RTS93,external93,10,17,13,0.3,0.16,perfect,independent,0.0,0.0,0,65.0,201_STEAM_3,24.7120146025,76.0,0.0394736842105263,0.2118055555555555,0.2604166666666667,5.365740740740741,6.597222222222223,0.0491788789108185,0.0499067154468202,0.9508211210891814,0.9500932845531798,0.1076388888888889,0.1840277777777778,169.4983798450159,169.4983798450159,22.847412309587128,0.0,-146.65096753542878,0.0,0.0,-3.232121051618222,4.330733340286331,2.230241840065999,1.9296179938872207,1.1725570075171643,1.0748720370161953,0.5857146905485926,-0.8504180096263427,0.24025874095513047,-0.4064074508968571,-0.6212779457895106,1.0
RTS93,external93,10,17,13,0.3,0.16,perfect,independent,0.0,0.0,0,65.0,202_CT_1,101.92865324999998,20.0,0.225,0.0,0.0,0.0,0.0,0.0,0.0,1.0,1.0,0.0,0.0,0.0,0.0,0.0,0.0,0.0,0.0,0.0,-1.491654876777717,2.995732273553991,0.0,0.0,0.0,0.0,-0.5122644716099094,0.33897374315264334,-1.1850056360038916,1.564697167018888,-0.7372826231352724,1.0
RTS93,external93,10,17,13,0.3,0.16,perfect,independent,0.0,0.0,0,65.0,202_CT_2,101.92865324999998,20.0,0.225,0.0,0.0,0.0,0.0,0.0,0.0,1.0,1.0,0.0,0.0,0.0,0.0,0.0,0.0,0.0,0.0,0.0,-1.491654876777717,2.995732273553991,0.0,0.0,0.0,0.0,-0.5122644716099094,0.33897374315264334,-1.1850056360038916,1.564697167018888,-0.7372826231352724,1.0
RTS93,external93,10,17,13,0.3,0.16,perfect,independent,0.0,0.0,0,65.0,202_STEAM_3,23.6803874825,76.0,0.0394736842105263,0.3229166666666667,0.4826388888888889,8.180555555555557,12.226851851851851,0.0860368836622806,0.1158945055053003,0.9139631163377192,0.8841054944946996,0.1493055555555555,0.25,559.2738453688919,559.2738453688919,98.22205395653714,0.0,-461.0517914123547,0.0,0.0,-3.232121051618222,4.330733340286331,7.358866386432788,6.066470939636247,2.123322818193142,1.955361195404996,1.1617037592219057,-0.8504180096263427,0.24025874095513047,-0.43274173604337784,-0.5343361316713905,1.0
RTS93,external93,10,17,13,0.3,0.16,perfect,independent,0.0,0.0,0,65.0,202_STEAM_4,23.6803874825,76.0,0.0394736842105263,0.2986111111111111,0.4409722222222222,7.564814814814815,11.171296296296296,0.1048463301352343,0.118668562294408,0.8951536698647656,0.881331437705592,0.1493055555555555,0.25,697.1671352167425,697.1671352167425,76.26213832937896,0.0,-620.9049968873635,0.0,0.0,-3.232121051618222,4.330733340286331,9.173251779167664,8.169802590623204,2.3197619012514994,2.2159157582965396,1.0357061504496186,-0.8504180096263427,0.24025874095513047,-0.43274173604337784,-0.4899678211797218,1.0
RTS93,external93,10,17,13,0.3,0.16,perfect,independent,0.0,0.0,0,65.0,207_CT_1,41.098605255,55.0,0.1009090909090909,0.0,0.0,0.0,0.0,0.0,0.0,1.0,1.0,0.0,0.0,0.0,0.0,0.0,0.0,0.0,0.0,0.0,-2.2935352574741277,4.007333185232471,0.0,0.0,0.0,0.0,-0.5122644716099094,-0.20901157555255098,-0.10500744046411228,0.01189209014491675,-0.7372826231352724,1.0
RTS93,external93,10,17,13,0.3,0.16,perfect,independent,0.0,0.0,0,65.0,207_CT_2,41.098605255,55.0,0.1009090909090909,0.0,0.0,0.0,0.0,0.0,0.0,1.0,1.0,0.0,0.0,0.0,0.0,0.0,0.0,0.0,0.0,0.0,-2.2935352574741277,4.007333185232471,0.0,0.0,0.0,0.0,-0.5122644716099094,-0.20901157555255098,-0.10500744046411228,0.01189209014491675,-0.7372826231352724,1.0
RTS93,external93,10,17,13,0.3,0.16,perfect,independent,0.0,0.0,0,65.0,213_CC_3,29.04336423,355.0,0.0174929577464788,0.0381944444444444,0.0347222222222222,2.1834183217033463,1.984925747003042,0.0007321446400625,0.0003697082746478,0.9992678553599376,0.9996302917253522,0.0208333333333333,0.0173611111111111,2.506072638666869,2.506072638666869,0.0,0.0,-2.506072638666869,0.0,0.0,-4.0459568935300325,5.872117789475416,0.007059359545540475,0.007059359545540475,0.007034558916244626,0.007034558916244626,-0.3142682292534584,-1.4065733963143685,1.8858606819371508,-0.2958413423208615,-0.7355556174649135,1.0
RTS93,external93,10,17,13,0.3,0.16,perfect,independent,0.0,0.0,0,65.0,213_CT_1,34.424248515,55.0,0.1009090909090909,0.0,0.0,0.0,0.0,0.0,0.0,1.0,1.0,0.0,0.0,0.0,0.0,0.0,0.0,0.0,0.0,0.0,-2.2935352574741277,4.007333185232471,0.0,0.0,0.0,0.0,-0.5122644716099094,-0.20901157555255098,-0.10500744046411228,-0.15848382393609617,-0.7372826231352724,1.0
RTS93,external93,10,17,13,0.3,0.16,perfect,independent,0.0,0.0,0,65.0,213_CT_2,34.424248515,55.0,0.1009090909090909,0.0,0.0,0.0,0.0,0.000344855050505,0.0,0.999655144949495,1.0,0.0,0.0,0.0,0.0,0.0,0.0,0.0,0.0,0.0,-2.2935352574741277,4.007333185232471,0.0,0.0,0.0,0.0,-0.5122644716099094,-0.20901157555255098,-0.10500744046411228,-0.15848382393609617,-0.7364691682588926,1.0
RTS93,external93,10,17,13,0.3,0.16,perfect,independent,0.0,0.0,0,65.0,215_CT_4,35.281380525,55.0,0.1009090909090909,0.0,0.0,0.0,0.0,0.0,0.0,1.0,1.0,0.0,0.0,0.0,0.0,0.0,0.0,0.0,0.0,0.0,-2.2935352574741277,4.007333185232471,0.0,0.0,0.0,0.0,-0.5122644716099094,-0.20901157555255098,-0.10500744046411228,-0.13660386525533708,-0.7372826231352724,1.0
RTS93,external93,10,17,13,0.3,0.16,perfect,independent,0.0,0.0,0,65.0,215_CT_5,35.281380525,55.0,0.1009090909090909,0.0,0.0,0.0,0.0,0.0,0.0,1.0,1.0,0.0,0.0,0.0,0.0,0.0,0.0,0.0,0.0,0.0,-2.2935352574741277,4.007333185232471,0.0,0.0,0.0,0.0,-0.5122644716099094,-0.20901157555255098,-0.10500744046411228,-0.13660386525533708,-0.7372826231352724,1.0
RTS93,external93,10,17,13,0.3,0.16,perfect,independent,0.0,0.0,0,65.0,216_STEAM_1,21.7693405225,155.0,0.0290322580645161,0.6284722222222222,0.6527777777777778,21.647376543209877,22.484567901234566,0.6150788502105745,0.6548854920183689,0.3849211497894256,0.3451145079816312,0.4583333333333333,0.5868055555555556,5299.294497386214,5299.294497386214,898.5308151412742,0.0,-4400.76368224494,0.0,0.0,-3.5393477201429735,5.043425116919247,34.188996757330415,28.39202375641897,3.5607334416156555,3.3807233367338396,2.7456736980735155,-1.0603691543594995,1.0011376842752469,-0.4815249200033262,0.7135846015989549,1.0
RTS93,external93,10,17,13,0.3,0.16,perfect,independent,0.0,0.0,0,65.0,218_CC_1,29.15998083,355.0,0.0174929577464788,0.0208333333333333,0.0069444444444444,1.190955448201825,0.3969851494006083,0.0001822183098591,7.477271126761605e-05,0.9998177816901408,0.9999252272887325,0.0104166666666666,0.0034722222222222,1.3980872632500012,1.3980872632500012,0.0,0.0,-1.3980872632500012,0.0,0.0,-4.0459568935300325,5.872117789475416,0.003938273980985919,0.003938273980985919,0.003930539280939123,0.003930539280939123,-0.4042665212336634,-1.4065733963143685,1.8858606819371508,-0.2928644771942277,-0.7368528008882052,1.0
RTS93,external93,10,17,13,0.3,0.16,perfect,independent,0.0,0.0,0,65.0,221_CC_1,28.087108110000003,355.0,0.0174929577464788,0.0451388888888888,0.0486111111111111,2.5804034711039545,2.778896045804258,0.0022767887715179,0.0007968214006259,0.997723211228482,0.999203178599374,0.0243055555555555,0.0277777777777777,12.604262352116846,12.604262352116846,0.0,0.0,-12.604262352116846,0.0,0.0,-4.0459568935300325,5.872117789475416,0.03550496437216013,0.03550496437216013,0.03488919602082205,0.03488919602082205,-0.2782689124613765,-1.4065733963143685,1.8858606819371508,-0.3202516363592594,-0.7319120625882672,1.0
RTS93,external93,10,17,13,0.3,0.16,perfect,independent,0.0,0.0,0,65.0,223_STEAM_1,20.523671915,155.0,0.0290322580645161,0.4583333333333333,0.4513888888888889,15.787037037037036,15.547839506172838,0.8526255744130827,0.9138116088664872,0.147374425586917,0.0861883911335128,0.6597222222222222,0.7118055555555556,7228.063822273325,7228.063822273325,1489.510643298528,0.0,-5738.5531789747965,0.0,0.0,-3.5393477201429735,5.043425116919247,46.63266982111823,37.02292373532127,3.8635188665930507,3.638189234033179,1.8636904366675053,-1.0603691543594995,1.0011376842752469,-0.5133230296807593,1.2739172424797267,1.0
RTS93,external93,10,17,13,0.3,0.16,perfect,independent,0.0,0.0,0,65.0,223_STEAM_2,20.523671915,155.0,0.0290322580645161,0.4027777777777778,0.46875,13.873456790123456,16.145833333333332,0.9113150302217746,0.9051304255712372,0.0886849697782254,0.0948695744287629,0.6597222222222222,0.7118055555555556,8124.291319693286,8124.291319693286,1418.4912127484995,0.0,-6705.800106944786,0.0,0.0,-3.5393477201429735,5.043425116919247,52.41478270769862,43.26322649641798,3.9780875373880527,3.790154230664928,1.5756959023308492,-1.0603691543594995,1.0011376842752469,-0.5133230296807593,1.4123557659977557,1.0
RTS93,external93,10,17,13,0.3,0.16,perfect,independent,0.0,0.0,0,65.0,223_STEAM_3,22.571599727499997,350.0,0.0171428571428571,0.8229166666666666,0.8159722222222222,48.003472222222214,47.598379629629626,0.5827150968630925,0.491465439175595,0.4172849031369076,0.508534560824405,0.3854166666666667,0.5555555555555556,14888.290046873812,14888.290046873812,3446.76543301355,0.0,-11441.524613860262,0.0,0.0,-4.066173685255407,5.857933154483459,42.53797156249661,32.690070325315034,3.773633466813402,3.517203144840297,3.7536545682518128,-1.4203890542647535,1.8707169824615488,-0.4610456962059807,0.6372439682229758,1.0
RTS93,external93,10,17,13,0.3,0.16,perfect,independent,0.0,0.0,0,65.0,223_CT_4,48.87207345,55.0,0.1009090909090909,0.0,0.0,0.0,0.0,0.0,0.0,1.0,1.0,0.0,0.0,0.0,0.0,0.0,0.0,0.0,0.0,0.0,-2.2935352574741277,4.007333185232471,0.0,0.0,0.0,0.0,-0.5122644716099094,-0.20901157555255098,-0.10500744046411228,0.21032495804445406,-0.7372826231352724,1.0
RTS93,external93,10,17,13,0.3,0.16,perfect,independent,0.0,0.0,0,65.0,223_CT_5,48.87207345,55.0,0.1009090909090909,0.0,0.0,0.0,0.0,0.0,0.0,1.0,1.0,0.0,0.0,0.0,0.0,0.0,0.0,0.0,0.0,0.0,-2.2935352574741277,4.007333185232471,0.0,0.0,0.0,0.0,-0.5122644716099094,-0.20901157555255098,-0.10500744046411228,0.21032495804445406,-0.7372826231352724,1.0
RTS93,external93,10,17,13,0.3,0.16,perfect,independent,0.0,0.0,0,65.0,223_CT_6,48.87207345,55.0,0.1009090909090909,0.0,0.0,0.0,0.0,0.0,0.0,1.0,1.0,0.0,0.0,0.0,0.0,0.0,0.0,0.0,0.0,0.0,-2.2935352574741277,4.007333185232471,0.0,0.0,0.0,0.0,-0.5122644716099094,-0.20901157555255098,-0.10500744046411228,0.21032495804445406,-0.7372826231352724,1.0
RTS93,external93,10,17,13,0.3,0.16,perfect,independent,0.0,0.0,0,65.0,301_CT_1,110.83689929999998,20.0,0.225,0.0,0.0,0.0,0.0,0.0,0.0,1.0,1.0,0.0,0.0,0.0,0.0,0.0,0.0,0.0,0.0,0.0,-1.491654876777717,2.995732273553991,0.0,0.0,0.0,0.0,-0.5122644716099094,0.33897374315264334,-1.1850056360038916,1.7920974428434195,-0.7372826231352724,1.0
RTS93,external93,10,17,13,0.3,0.16,perfect,independent,0.0,0.0,0,65.0,301_CT_2,110.83689929999998,20.0,0.225,0.0,0.0,0.0,0.0,0.0,0.0,1.0,1.0,0.0,0.0,0.0,0.0,0.0,0.0,0.0,0.0,0.0,-1.491654876777717,2.995732273553991,0.0,0.0,0.0,0.0,-0.5122644716099094,0.33897374315264334,-1.1850056360038916,1.7920974428434195,-0.7372826231352724,1.0
RTS93,external93,10,17,13,0.3,0.16,perfect,independent,0.0,0.0,0,65.0,301_CT_3,38.095727805,55.0,0.1009090909090909,0.0,0.0,0.0,0.0,0.0,0.0,1.0,1.0,0.0,0.0,0.0,0.0,0.0,0.0,0.0,0.0,0.0,-2.2935352574741277,4.007333185232471,0.0,0.0,0.0,0.0,-0.5122644716099094,-0.20901157555255098,-0.10500744046411228,-0.06476218686590589,-0.7372826231352724,1.0
RTS93,external93,10,17,13,0.3,0.16,perfect,independent,0.0,0.0,0,65.0,301_CT_4,38.095727805,55.0,0.1009090909090909,0.0,0.0,0.0,0.0,0.0,0.0,1.0,1.0,0.0,0.0,0.0,0.0,0.0,0.0,0.0,0.0,0.0,-2.2935352574741277,4.007333185232471,0.0,0.0,0.0,0.0,-0.5122644716099094,-0.20901157555255098,-0.10500744046411228,-0.06476218686590589,-0.7372826231352724,1.0
RTS93,external93,10,17,13,0.3,0.16,perfect,independent,0.0,0.0,0,65.0,302_CT_1,110.83689929999998,20.0,0.225,0.0,0.0,0.0,0.0,0.0,0.0,1.0,1.0,0.0,0.0,0.0,0.0,0.0,0.0,0.0,0.0,0.0,-1.491654876777717,2.995732273553991,0.0,0.0,0.0,0.0,-0.5122644716099094,0.33897374315264334,-1.1850056360038916,1.7920974428434195,-0.7372826231352724,1.0
RTS93,external93,10,17,13,0.3,0.16,perfect,independent,0.0,0.0,0,65.0,302_CT_2,110.83689929999998,20.0,0.225,0.0,0.0,0.0,0.0,0.0,0.0,1.0,1.0,0.0,0.0,0.0,0.0,0.0,0.0,0.0,0.0,0.0,-1.491654876777717,2.995732273553991,0.0,0.0,0.0,0.0,-0.5122644716099094,0.33897374315264334,-1.1850056360038916,1.7920974428434195,-0.7372826231352724,1.0
RTS93,external93,10,17,13,0.3,0.16,perfect,independent,0.0,0.0,0,65.0,302_CT_3,42.663211305,55.0,0.1009090909090909,0.0,0.0,0.0,0.0,0.0,0.0,1.0,1.0,0.0,0.0,0.0,0.0,0.0,0.0,0.0,0.0,0.0,-2.2935352574741277,4.007333185232471,0.0,0.0,0.0,0.0,-0.5122644716099094,-0.20901157555255098,-0.10500744046411228,0.05183169726058796,-0.7372826231352724,1.0
RTS93,external93,10,17,13,0.3,0.16,perfect,independent,0.0,0.0,0,65.0,302_CT_4,42.663211305,55.0,0.1009090909090909,0.0,0.0,0.0,0.0,0.0,0.0,1.0,1.0,0.0,0.0,0.0,0.0,0.0,0.0,0.0,0.0,0.0,-2.2935352574741277,4.007333185232471,0.0,0.0,0.0,0.0,-0.5122644716099094,-0.20901157555255098,-0.10500744046411228,0.05183169726058796,-0.7372826231352724,1.0
RTS93,external93,10,17,13,0.3,0.16,perfect,independent,0.0,0.0,0,65.0,307_CT_1,36.12393546,55.0,0.1009090909090909,0.0,0.0,0.0,0.0,0.0,0.0,1.0,1.0,0.0,0.0,0.0,0.0,0.0,0.0,0.0,0.0,0.0,-2.2935352574741277,4.007333185232471,0.0,0.0,0.0,0.0,-0.5122644716099094,-0.20901157555255098,-0.10500744046411228,-0.11509601471540733,-0.7372826231352724,1.0
RTS93,external93,10,17,13,0.3,0.16,perfect,independent,0.0,0.0,0,65.0,307_CT_2,36.12393546,55.0,0.1009090909090909,0.0,0.0,0.0,0.0,0.0,0.0,1.0,1.0,0.0,0.0,0.0,0.0,0.0,0.0,0.0,0.0,0.0,-2.2935352574741277,4.007333185232471,0.0,0.0,0.0,0.0,-0.5122644716099094,-0.20901157555255098,-0.10500744046411228,-0.11509601471540733,-0.7372826231352724,1.0
RTS93,external93,10,17,13,0.3,0.16,perfect,independent,0.0,0.0,0,65.0,313_CC_1,26.770312335000003,355.0,0.0174929577464788,0.1770833333333333,0.1770833333333333,10.123121309715517,10.123121309715517,0.0127093202758215,0.0086805181161971,0.9872906797241784,0.9913194818838028,0.0902777777777777,0.1319444444444444,124.63307776307892,124.63307776307892,0.9660183029516104,0.0,-123.6670594601273,0.0,0.0,-4.0459568935300325,5.872117789475416,0.35107909229036316,0.34835791397218957,0.30090360078064,0.29888749206345905,0.40571810658818247,-1.4065733963143685,1.8858606819371508,-0.3538654050808337,-0.7073034810618183,1.0
RTS93,external93,10,17,13,0.3,0.16,perfect,independent,0.0,0.0,0,65.0,315_STEAM_1,112.26770385,12.0,0.125,0.0,0.0,0.0,0.0,0.0,0.0,1.0,1.0,0.0,0.0,0.0,0.0,0.0,0.0,0.0,0.0,0.0,-2.0794415416798357,2.4849066497880004,0.0,0.0,0.0,0.0,-0.5122644716099094,-0.06270519880789859,-1.7303696679395384,1.8286215068954002,-0.7372826231352724,1.0
RTS93,external93,10,17,13,0.3,0.16,perfect,independent,0.0,0.0,0,65.0,315_STEAM_2,112.26770385,12.0,0.125,0.0,0.0,0.0,0.0,0.0,0.0,1.0,1.0,0.0,0.0,0.0,0.0,0.0,0.0,0.0,0.0,0.0,-2.0794415416798357,2.4849066497880004,0.0,0.0,0.0,0.0,-0.5122644716099094,-0.06270519880789859,-1.7303696679395384,1.8286215068954002,-0.7372826231352724,1.0
RTS93,external93,10,17,13,0.3,0.16,perfect,independent,0.0,0.0,0,65.0,315_STEAM_3,112.26770385,12.0,0.125,0.0,0.0,0.0,0.0,0.0,0.0,1.0,1.0,0.0,0.0,0.0,0.0,0.0,0.0,0.0,0.0,0.0,-2.0794415416798357,2.4849066497880004,0.0,0.0,0.0,0.0,-0.5122644716099094,-0.06270519880789859,-1.7303696679395384,1.8286215068954002,-0.7372826231352724,1.0
RTS93,external93,10,17,13,0.3,0.16,perfect,independent,0.0,0.0,0,65.0,315_STEAM_4,112.26770385,12.0,0.125,0.0,0.0,0.0,0.0,0.0,0.0,1.0,1.0,0.0,0.0,0.0,0.0,0.0,0.0,0.0,0.0,0.0,-2.0794415416798357,2.4849066497880004,0.0,0.0,0.0,0.0,-0.5122644716099094,-0.06270519880789859,-1.7303696679395384,1.8286215068954002,-0.7372826231352724,1.0
RTS93,external93,10,17,13,0.3,0.16,perfect,independent,0.0,0.0,0,65.0,315_STEAM_5,112.26770385,12.0,0.125,0.0,0.0,0.0,0.0,0.0,0.0,1.0,1.0,0.0,0.0,0.0,0.0,0.0,0.0,0.0,0.0,0.0,-2.0794415416798357,2.4849066497880004,0.0,0.0,0.0,0.0,-0.5122644716099094,-0.06270519880789859,-1.7303696679395384,1.8286215068954002,-0.7372826231352724,1.0
RTS93,external93,10,17,13,0.3,0.16,perfect,independent,0.0,0.0,0,65.0,315_CT_6,31.33876764,55.0,0.1009090909090909,0.0069444444444444,0.0069444444444444,0.0688188188188188,0.0688188188188188,0.0003503787878787,0.0003503787878787,0.9996496212121212,0.9996496212121212,0.0034722222222222,0.0034722222222222,0.0,0.0,0.0,0.0,0.0,0.0,0.0,-2.2935352574741277,4.007333185232471,0.0,0.0,0.0,0.0,-0.4762651548178275,-0.20901157555255098,-0.10500744046411228,-0.23724671374495118,-0.7364561386944544,1.0
RTS93,external93,10,17,13,0.3,0.16,perfect,independent,0.0,0.0,0,65.0,315_CT_7,31.33876764,55.0,0.1009090909090909,0.0069444444444444,0.0069444444444444,0.0688188188188188,0.0688188188188188,0.0003503787878787,0.0003503787878787,0.9996496212121212,0.9996496212121212,0.0034722222222222,0.0034722222222222,0.0,0.0,0.0,0.0,0.0,0.0,0.0,-2.2935352574741277,4.007333185232471,0.0,0.0,0.0,0.0,-0.4762651548178275,-0.20901157555255098,-0.10500744046411228,-0.23724671374495118,-0.7364561386944544,1.0
RTS93,external93,10,17,13,0.3,0.16,perfect,independent,0.0,0.0,0,65.0,315_CT_8,31.33876764,55.0,0.1009090909090909,0.0069444444444444,0.0069444444444444,0.0688188188188188,0.0688188188188188,0.0003503787878787,0.0003503787878787,0.9996496212121212,0.9996496212121212,0.0034722222222222,0.0034722222222222,0.0,0.0,0.0,0.0,0.0,0.0,0.0,-2.2935352574741277,4.007333185232471,0.0,0.0,0.0,0.0,-0.4762651548178275,-0.20901157555255098,-0.10500744046411228,-0.23724671374495118,-0.7364561386944544,1.0
RTS93,external93,10,17,13,0.3,0.16,perfect,independent,0.0,0.0,0,65.0,316_STEAM_1,23.6803874825,155.0,0.0290322580645161,0.3333333333333333,0.4131944444444444,11.48148148148148,14.232253086419751,0.1056275089381718,0.0949485904032254,0.894372491061828,0.9050514095967744,0.1493055555555555,0.25,1744.5284836988476,1744.5284836988476,331.6233804064896,0.0,-1412.905103292358,0.0,0.0,-3.5393477201429735,5.043425116919247,11.255022475476435,9.115516795434567,2.5059358509625995,2.3140705613001797,1.2157027344100286,-1.0603691543594995,1.0011376842752469,-0.43274173604337784,-0.48812515219272756,1.0
RTS93,external93,10,17,13,0.3,0.16,perfect,independent,0.0,0.0,0,65.0,318_CC_1,29.14054473,355.0,0.0174929577464788,0.0243055555555555,0.0138888888888888,1.389448022902129,0.7939702988012167,0.0002714857492175,0.0001561482687793,0.9997285142507824,0.9998438517312208,0.0104166666666666,0.0069444444444444,1.431035218494381,1.431035218494381,0.0,0.0,-1.431035218494381,0.0,0.0,-4.0459568935300325,5.872117789475416,0.004031085122519384,0.004031085122519384,0.004022982067656741,0.004022982067656741,-0.3862668628376225,-1.4065733963143685,1.8858606819371508,-0.29336062138200003,-0.7366422340609493,1.0
RTS93,external93,10,17,13,0.3,0.16,perfect,independent,0.0,0.0,0,65.0,321_CC_1,27.670203765000004,355.0,0.0174929577464788,0.125,0.0868055555555555,7.14573268921095,4.962314367507605,0.0056149259272301,0.0049603473082942,0.99438507407277,0.9950396526917058,0.0625,0.0625,40.83944239617335,40.83944239617335,8.165582419228603,0.0,-32.67385997694474,0.0,0.0,-4.0459568935300325,5.872117789475416,0.1150406828061221,0.09203904218857674,0.10889089106808837,0.08804662960353496,0.13572323064756742,-1.4065733963143685,1.8858606819371508,-0.3308939291869755,-0.7240379602853961,1.0
RTS93,external93,10,17,13,0.3,0.16,perfect,independent,0.0,0.0,0,65.0,322_CT_5,31.1560683,55.0,0.1009090909090909,0.0069444444444444,0.0069444444444444,0.0688188188188188,0.0688188188188188,0.0003503787878787,0.0003503787878787,0.9996496212121212,0.9996496212121212,0.0034722222222222,0.0034722222222222,0.0,0.0,0.0,0.0,0.0,0.0,0.0,-2.2935352574741277,4.007333185232471,0.0,0.0,0.0,0.0,-0.4762651548178275,-0.20901157555255098,-0.10500744046411228,-0.24191046911001093,-0.7364561386944544,1.0
RTS93,external93,10,17,13,0.3,0.16,perfect,independent,0.0,0.0,0,65.0,322_CT_6,31.1560683,55.0,0.1009090909090909,0.0069444444444444,0.0069444444444444,0.0688188188188188,0.0688188188188188,0.0003503787878787,0.0003503787878787,0.9996496212121212,0.9996496212121212,0.0034722222222222,0.0034722222222222,0.0,0.0,0.0,0.0,0.0,0.0,0.0,-2.2935352574741277,4.007333185232471,0.0,0.0,0.0,0.0,-0.4762651548178275,-0.20901157555255098,-0.10500744046411228,-0.24191046911001093,-0.7364561386944544,1.0
RTS93,external93,10,17,13,0.3,0.16,perfect,independent,0.0,0.0,0,65.0,323_CC_1,29.281456455,355.0,0.0174929577464788,0.0069444444444444,0.0069444444444444,0.3969851494006083,0.3969851494006083,6.07394366197183e-05,6.07394366197183e-05,0.9999392605633804,0.9999392605633804,0.0034722222222222,0.0034722222222222,1.2094963554375031,1.2094963554375031,0.0,0.0,-1.2094963554375031,0.0,0.0,-4.0459568935300325,5.872117789475416,0.003407031987147896,0.003407031987147896,0.003401241202864429,0.003401241202864429,-0.4762651548178275,-1.4065733963143685,1.8858606819371508,-0.2897635760206507,-0.7371393490529166,1.0
RTS93,external93,10,17,13,0.3,0.16,perfect,independent,0.0,0.0,0,65.0,323_CC_2,29.281456455,355.0,0.0174929577464788,0.0069444444444444,0.0069444444444444,0.3969851494006083,0.3969851494006083,0.0001444693172926,6.07394366197183e-05,0.9998555306827074,0.9999392605633804,0.0034722222222222,0.0034722222222222,1.2094963554375031,1.2094963554375031,0.0,0.0,-1.2094963554375031,0.0,0.0,-4.0459568935300325,5.872117789475416,0.003407031987147896,0.003407031987147896,0.003401241202864429,0.003401241202864429,-0.4762651548178275,-1.4065733963143685,1.8858606819371508,-0.2897635760206507,-0.7369418443922415,1.0
RTS93,external93,10,17,13,0.3,0.16,perfect,independent,0.0,0.0,0,65.0,121_NUCLEAR_1,2.025875,400.0,0.075,0.0451388888888888,0.0277777777777777,0.6018518518518519,0.3703703703703703,0.971036834532118,0.988577272592014,0.0289631654678819,0.011422727407986,0.7986111111111112,0.9027777777777778,261.770217839774,261.770217839774,5.95195558454725,0.0,-255.81826225522673,0.0,0.0,-2.5902671654458267,5.991464547107982,0.6544255445994349,0.6395456556380669,0.5034538456137836,0.4944191642085651,-0.2782689124613765,-0.41179085918916297,2.0132768214430246,-0.9855152094889464,1.5532294254419134,1.0
RTS93,external93,10,17,13,0.3,0.16,perfect,independent,0.0,0.0,0,65.0,122_HYDRO_1,0.0,50.0,1.5,0.0,0.0,0.0,0.0,0.9921170054305554,0.9916523369305555,0.0078829945694446,0.0083476630694444,0.9722222222222222,0.9722222222222222,0.0,0.0,0.0,0.0,0.0,0.0,0.0,0.4054651081081644,3.912023005428146,0.0,0.0,0.0,0.0,-0.5122644716099094,1.6354188546252855,-0.2067618191097883,-1.0372296021090317,1.602953991711536,1.0
RTS93,external93,10,17,13,0.3,0.16,perfect,independent,0.0,0.0,0,65.0,122_HYDRO_2,0.0,50.0,1.5,0.0,0.0,0.0,0.0,1.0,1.0,0.0,0.0,0.9722222222222222,0.9722222222222222,0.0,0.0,0.0,0.0,0.0,0.0,0.0,0.4054651081081644,3.912023005428146,0.0,0.0,0.0,0.0,-0.5122644716099094,1.6354188546252855,-0.2067618191097883,-1.0372296021090317,1.621548645794748,1.0
RTS93,external93,10,17,13,0.3,0.16,perfect,independent,0.0,0.0,0,65.0,122_HYDRO_3,0.0,50.0,1.5,0.0,0.0,0.0,0.0,1.0,1.0,0.0,0.0,0.9722222222222222,0.9722222222222222,0.0,0.0,0.0,0.0,0.0,0.0,0.0,0.4054651081081644,3.912023005428146,0.0,0.0,0.0,0.0,-0.5122644716099094,1.6354188546252855,-0.2067618191097883,-1.0372296021090317,1.621548645794748,1.0
RTS93,external93,10,17,13,0.3,0.16,perfect,independent,0.0,0.0,0,65.0,122_HYDRO_4,0.0,50.0,1.5,0.0,0.0,0.0,0.0,1.0,1.0,0.0,0.0,0.9722222222222222,0.9722222222222222,0.0,0.0,0.0,0.0,0.0,0.0,0.0,0.4054651081081644,3.912023005428146,0.0,0.0,0.0,0.0,-0.5122644716099094,1.6354188546252855,-0.2067618191097883,-1.0372296021090317,1.621548645794748,1.0
RTS93,external93,10,17,13,0.3,0.16,perfect,independent,0.0,0.0,0,65.0,122_HYDRO_5,0.0,50.0,1.5,0.0,0.0,0.0,0.0,1.0,1.0,0.0,0.0,0.9722222222222222,0.9722222222222222,0.0,0.0,0.0,0.0,0.0,0.0,0.0,0.4054651081081644,3.912023005428146,0.0,0.0,0.0,0.0,-0.5122644716099094,1.6354188546252855,-0.2067618191097883,-1.0372296021090317,1.621548645794748,1.0
RTS93,external93,10,17,13,0.3,0.16,perfect,independent,0.0,0.0,0,65.0,122_HYDRO_6,0.0,50.0,1.5,0.0,0.0,0.0,0.0,1.0,1.0,0.0,0.0,0.9722222222222222,0.9722222222222222,0.0,0.0,0.0,0.0,0.0,0.0,0.0,0.4054651081081644,3.912023005428146,0.0,0.0,0.0,0.0,-0.5122644716099094,1.6354188546252855,-0.2067618191097883,-1.0372296021090317,1.621548645794748,1.0
RTS93,external93,10,17,13,0.3,0.16,perfect,independent,0.0,0.0,0,65.0,201_HYDRO_4,0.0,50.0,1.5,0.0,0.0,0.0,0.0,0.9998551381944444,1.0,0.0001448618055555,0.0,0.9722222222222222,0.9722222222222222,0.0,0.0,0.0,0.0,0.0,0.0,0.0,0.4054651081081644,3.912023005428146,0.0,0.0,0.0,0.0,-0.5122644716099094,1.6354188546252855,-0.2067618191097883,-1.0372296021090317,1.6212069412381294,1.0
RTS93,external93,10,17,13,0.3,0.16,perfect,independent,0.0,0.0,0,65.0,215_HYDRO_1,0.0,50.0,1.5,0.0,0.0,0.0,0.0,1.0,1.0,0.0,0.0,0.9722222222222222,0.9722222222222222,0.0,0.0,0.0,0.0,0.0,0.0,0.0,0.4054651081081644,3.912023005428146,0.0,0.0,0.0,0.0,-0.5122644716099094,1.6354188546252855,-0.2067618191097883,-1.0372296021090317,1.621548645794748,1.0
RTS93,external93,10,17,13,0.3,0.16,perfect,independent,0.0,0.0,0,65.0,215_HYDRO_2,0.0,50.0,1.5,0.0,0.0,0.0,0.0,0.9959614084166666,1.0,0.0040385915833332,0.0,0.9722222222222222,0.9722222222222222,0.0,0.0,0.0,0.0,0.0,0.0,0.0,0.4054651081081644,3.912023005428146,0.0,0.0,0.0,0.0,-0.5122644716099094,1.6354188546252855,-0.2067618191097883,-1.0372296021090317,1.6120222896855434,1.0
RTS93,external93,10,17,13,0.3,0.16,perfect,independent,0.0,0.0,0,65.0,215_HYDRO_3,0.0,50.0,1.5,0.0,0.0,0.0,0.0,1.0,1.0,0.0,0.0,0.9722222222222222,0.9722222222222222,0.0,0.0,0.0,0.0,0.0,0.0,0.0,0.4054651081081644,3.912023005428146,0.0,0.0,0.0,0.0,-0.5122644716099094,1.6354188546252855,-0.2067618191097883,-1.0372296021090317,1.621548645794748,1.0
RTS93,external93,10,17,13,0.3,0.16,perfect,independent,0.0,0.0,0,65.0,222_HYDRO_1,0.0,50.0,1.5,0.0,0.0,0.0,0.0,1.0,1.0,0.0,0.0,0.9722222222222222,0.9722222222222222,0.0,0.0,0.0,0.0,0.0,0.0,0.0,0.4054651081081644,3.912023005428146,0.0,0.0,0.0,0.0,-0.5122644716099094,1.6354188546252855,-0.2067618191097883,-1.0372296021090317,1.621548645794748,1.0
RTS93,external93,10,17,13,0.3,0.16,perfect,independent,0.0,0.0,0,65.0,222_HYDRO_2,0.0,50.0,1.5,0.0,0.0,0.0,0.0,1.0,1.0,0.0,0.0,0.9722222222222222,0.9722222222222222,0.0,0.0,0.0,0.0,0.0,0.0,0.0,0.4054651081081644,3.912023005428146,0.0,0.0,0.0,0.0,-0.5122644716099094,1.6354188546252855,-0.2067618191097883,-1.0372296021090317,1.621548645794748,1.0
RTS93,external93,10,17,13,0.3,0.16,perfect,independent,0.0,0.0,0,65.0,222_HYDRO_3,0.0,50.0,1.5,0.0,0.0,0.0,0.0,1.0,1.0,0.0,0.0,0.9722222222222222,0.9722222222222222,0.0,0.0,0.0,0.0,0.0,0.0,0.0,0.4054651081081644,3.912023005428146,0.0,0.0,0.0,0.0,-0.5122644716099094,1.6354188546252855,-0.2067618191097883,-1.0372296021090317,1.621548645794748,1.0
RTS93,external93,10,17,13,0.3,0.16,perfect,independent,0.0,0.0,0,65.0,222_HYDRO_4,0.0,50.0,1.5,0.0,0.0,0.0,0.0,1.0,1.0,0.0,0.0,0.9722222222222222,0.9722222222222222,0.0,0.0,0.0,0.0,0.0,0.0,0.0,0.4054651081081644,3.912023005428146,0.0,0.0,0.0,0.0,-0.5122644716099094,1.6354188546252855,-0.2067618191097883,-1.0372296021090317,1.621548645794748,1.0
RTS93,external93,10,17,13,0.3,0.16,perfect,independent,0.0,0.0,0,65.0,222_HYDRO_5,0.0,50.0,1.5,0.0,0.0,0.0,0.0,1.0,1.0,0.0,0.0,0.9722222222222222,0.9722222222222222,0.0,0.0,0.0,0.0,0.0,0.0,0.0,0.4054651081081644,3.912023005428146,0.0,0.0,0.0,0.0,-0.5122644716099094,1.6354188546252855,-0.2067618191097883,-1.0372296021090317,1.621548645794748,1.0
RTS93,external93,10,17,13,0.3,0.16,perfect,independent,0.0,0.0,0,65.0,222_HYDRO_6,0.0,50.0,1.5,0.0,0.0,0.0,0.0,1.0,1.0,0.0,0.0,0.9722222222222222,0.9722222222222222,0.0,0.0,0.0,0.0,0.0,0.0,0.0,0.4054651081081644,3.912023005428146,0.0,0.0,0.0,0.0,-0.5122644716099094,1.6354188546252855,-0.2067618191097883,-1.0372296021090317,1.621548645794748,1.0
RTS93,external93,10,17,13,0.3,0.16,perfect,independent,0.0,0.0,0,65.0,322_HYDRO_1,0.0,50.0,1.5,0.0,0.0,0.0,0.0,1.0,1.0,0.0,0.0,0.9722222222222222,0.9722222222222222,0.0,0.0,0.0,0.0,0.0,0.0,0.0,0.4054651081081644,3.912023005428146,0.0,0.0,0.0,0.0,-0.5122644716099094,1.6354188546252855,-0.2067618191097883,-1.0372296021090317,1.621548645794748,1.0
RTS93,external93,10,17,13,0.3,0.16,perfect,independent,0.0,0.0,0,65.0,322_HYDRO_2,0.0,50.0,1.5,0.0,0.0,0.0,0.0,1.0,1.0,0.0,0.0,0.9722222222222222,0.9722222222222222,0.0,0.0,0.0,0.0,0.0,0.0,0.0,0.4054651081081644,3.912023005428146,0.0,0.0,0.0,0.0,-0.5122644716099094,1.6354188546252855,-0.2067618191097883,-1.0372296021090317,1.621548645794748,1.0
RTS93,external93,10,17,13,0.3,0.16,perfect,independent,0.0,0.0,0,65.0,322_HYDRO_3,0.0,50.0,1.5,0.0,0.0,0.0,0.0,1.0,1.0,0.0,0.0,0.9722222222222222,0.9722222222222222,0.0,0.0,0.0,0.0,0.0,0.0,0.0,0.4054651081081644,3.912023005428146,0.0,0.0,0.0,0.0,-0.5122644716099094,1.6354188546252855,-0.2067618191097883,-1.0372296021090317,1.621548645794748,1.0
RTS93,external93,10,17,13,0.3,0.16,perfect,independent,0.0,0.0,0,65.0,322_HYDRO_4,0.0,50.0,1.5,0.0,0.0,0.0,0.0,1.0,1.0,0.0,0.0,0.9722222222222222,0.9722222222222222,0.0,0.0,0.0,0.0,0.0,0.0,0.0,0.4054651081081644,3.912023005428146,0.0,0.0,0.0,0.0,-0.5122644716099094,1.6354188546252855,-0.2067618191097883,-1.0372296021090317,1.621548645794748,1.0
